# NTT-D vectors. NTTF in[256] out[256] | NTTI in[256] out[256]
# PMUL a[256] b[256] out[256]   (out = a o b with ONE operand lifted)
NTTF 102997 3939107 942869 6408702 3295358 1181579 5736669 362960 1163423 7971421 943244 4489684 1944499 5968581 6355146 1170979 1236491 8235218 6213066 277794 5554656 508494 1145703 1939187 4493456 6143596 3756007 4412989 3460888 1719068 8357936 4975127 781074 991098 170846 6461307 7883629 7446307 3380154 2864988 1665118 1727446 2770836 3287828 3060958 5006796 8012067 2068323 1764395 6073137 1819707 3492494 4906504 5559329 4591768 503760 8000576 432545 7035381 1509028 2982184 1130285 1710083 1238368 7016345 6677848 8296147 3157573 254759 722366 6166011 4456308 7284295 3679919 5462247 6785326 1831728 1742654 6682317 3627155 6122159 3082576 1625811 2773644 5376136 6868779 1838642 4044099 347401 2209529 2818656 2460993 2804670 4797431 3323281 4041832 5425446 5458953 7014329 2653959 8064165 1788086 8190895 6285272 8334132 799490 6625721 6480042 2569540 7519799 1478895 4696665 5232409 7851420 4578659 7032221 5658242 2475313 784534 1456086 1617248 241236 7726051 6659636 5044821 3143474 5833165 8028094 802330 5616789 3348499 2389203 7634415 2563371 5446974 7039975 8318595 7422874 1651660 956259 3815139 1699540 6715457 2801222 3730217 3380050 6617893 407091 4711709 5989456 990168 2245565 829347 7324171 8245966 5344599 1000922 8059560 1628289 1687001 2811972 1361885 5984934 8305927 7164617 1273988 3990347 486183 4178765 5130737 6613890 4295250 2332046 7217351 3123921 8233086 5139879 4112558 5337040 4955024 319405 7168495 939691 4072019 1157049 6688236 6082816 5085696 5812637 4174669 8163411 6955729 6438602 206212 2137031 4108357 6421473 6556863 8263052 3941605 2925061 1991786 93839 811814 3147323 4887938 2369949 3739997 1477345 8331044 378256 1108507 1047340 4757738 7257743 5149308 419330 7745759 5150193 7439485 1732305 6617958 1621646 7941195 6884754 7268775 2505899 5782351 1542035 4651423 3815569 4685240 5829533 4306714 4398843 5952741 7211871 4223177 3367176 1903706 4395965 1632688 6015450 5155090 3871685 2587706 6014702 6872522 3916615 2734317 1121022 3116990 1035818 4384156 6569267 2909641 4777242 8157159 6659848 3621499 2987070 75741 515872 3474705 5539257 1335959 5749506 8047667 6056313 5517827 4054551 4111022 6003393 5441318 5348303 3370208 6950091 6093969 6630781 7595847 2722761 741356 3502954 3867675 5536744 8080530 466625 6641960 8211306 1697034 1335949 4249268 6597041 2837434 2554820 3169507 4712523 327 3579852 7843580 8239028 2003504 4866201 3630169 1806436 2550469 5885052 7846055 815249 1184487 2064627 1246305 7693249 1259065 1310153 1799730 5371340 7055148 1548485 3137588 861234 6591653 6644045 5845965 5435137 7173039 607701 6468021 6499157 6300969 2822503 8060410 905523 2926081 4001565 5689404 28955 1200648 2608164 794030 6104461 2229830 8023258 3878897 1848240 459547 7259514 5864482 78493 624111 6677562 5510641 1508673 1911054 7061860 4483916 4773075 4947036 6963892 6296898 3455756 4079720 1857091 7010335 2200482 3641167 7065068 1859361 8049894 5081861 6691364 930693 6161 7980825 238971 126595 6391447 4718586 8264738 3119188 4746728 3228800 6509133 2047770 7321213 6394913 6231885 6082622 3323204 1878687 352912 2083501 4055368 6681767 6362137 1826405 1693856 3053861 2446510 4398256 3484712 1902121 3423155 5051534 1600142 6956583 5997786 4427910 90306 8158571 2918452 5462990 5033260 435042 5431621 3886217 97579 3795923 8113527 3910334 7569356 5338196 2951044 6179833 6893077 3460086 1987611 8273120 2187081 4654305 1005762 7175829 1909934 4348647 1870491 2527671 863088 4645996 7461447 5839001 3594360 1894437 5925264 3281438 6431803 7836865 1162294 1427577 1241736 6708862 6555654 7484606 6162626 821110 7386554 2876631 4465155 7078057 3393540 4225571 558107 1307053 5691673 7705285 6470979 7543875 2172628 4295449 8353519 6356342 1690413 2654364 5257431 5397333 2510454 7630509 4609346 7885820 7636545 5886300 4140375 7769477 8181202 3318383 6720534 8245766 1311063 6031536 74201 3458648 6494997 351107 5962498 1114091 5715788 995673 4849692 2791526 4798283 6952163 4514638 1667025 3083864 7460823 7924577 2414537 7231982 5037666 7893743 1534563 3412417 7866073
NTTF 6248228 1606813 7908392 2455394 5789212 3181921 4863244 6481096 1393952 352385 7156581 5604121 996655 6145773 3564097 1742000 1179692 2059488 3193552 7402731 2576939 1718209 3569485 7468598 5965038 2574995 4542886 4926585 2036317 7711827 6533286 2260304 6166552 7878992 6939243 317077 276614 3961694 5156577 6944677 7511089 2299196 2171259 4499841 1695822 3647964 6827256 5889719 3052476 1766345 3366204 280019 6858837 3721077 3222520 5932929 1664669 2013257 1798388 2701159 2899200 2491651 5854147 8047942 3089150 942171 6468099 1811976 553328 8129477 2089038 7422375 5242251 5818347 4022554 7451159 4193040 3791061 7846904 5470302 2326619 5521781 1523118 3504581 283077 570660 4047296 1291923 2492635 6779612 3974355 6978502 46789 8231109 1666 2325602 3184980 2285744 6355322 2384464 2520396 7459990 7655190 2063990 4860326 2579210 3384372 7497368 6519179 8131709 1956195 2005207 5076744 1194965 7101063 5307256 4537627 6445149 2682105 7129181 805294 5623285 4816054 5937705 1573575 172930 3130646 7602221 4550334 4130905 7894541 2567405 5648660 3934045 4356408 7881924 7200370 2178459 2588777 6639151 3251785 3338676 5680795 1790816 4649301 7436484 1859125 6436808 3445218 405019 6907878 4786328 2032630 8045369 5920927 2008114 403768 7114186 8008034 3449866 5738404 7654404 2715486 2289595 8247709 905496 6681654 4608334 517419 2749602 2082776 6119086 4124608 6377665 8373638 3586988 1180217 6425455 399813 2592412 2622503 6700859 375872 7839298 3430263 1890613 4517244 7226191 3694624 4580464 1185932 643028 194294 4139689 6734873 3970703 3691211 2279641 4026939 6363846 4010185 5596439 5751655 28418 7556043 5694532 6938238 8206319 6100034 5451118 2842631 1972568 1415641 8330579 752969 3902502 7206179 3011104 477218 7855202 4775244 3287984 7631494 7295022 2703241 5192741 3264382 1696075 3506356 1837343 7922670 486530 5739195 7294410 7036775 3742836 325820 7406117 6126837 3457224 3782991 6306469 3367828 1140335 6850110 8094695 6168320 6600139 7637557 8017247 6195242 4332771 7633692 2672740 3591388 2008280 2265214 1215955 2022370 4206681 6086788 3700223 7796232 7935313 4913611 2539296 4857265 4272617 1910093 3538568 2997971 7845965 1071392 415053 3460332 2474645 92309 7094091 6973663 1927094 3052184 4279995 1800842 5309819 5626179 3669064 5160892 2992924 3802394 4513713 6339661 2363354 4367596 793465 346152 3873615 8379781 1748545 1848852 3716065 76786 7820766 3543911 587993 6113762 490659 4787788 6290554 4222523 7266099 1409008 6177440 1286730 1752528 1286658 8064260 3738756 7040315 3339632 7484837 276189 4723863 2804233 6303278 2992675 4572489 6979599 5846638 7332075 4043486 3668872 2775914 5974990 5669876 7716062 6340591 2090135 2234654 2942395 2226980 285504 1166350 1956279 8232187 7815241 1896596 875341 6590171 2697413 7233113 7117100 4207372 172212 7089791 908929 7522869 1418907 5511151 5268366 3894689 6695222 6323 2995512 5914514 7485545 7469644 7174649 7119337 269199 6691480 315237 773955 5701772 2818310 6113149 5047815 7402610 5090091 6130255 3368056 3307509 471294 4549958 5008080 5958028 382167 3469325 7418165 6167693 7609966 1082666 4401257 6804771 62455 2062184 4304885 7856275 1512448 1381082 2389719 5832586 5361698 5190545 2986802 4145735 5816743 6669807 3786765 4493348 3786493 3955648 2890731 5645973 3259848 5007597 1279593 379328 2813601 3367834 6245912 5233031 2734038 8334803 6770231 1159832 258698 729454 8355588 7147561 6302053 5318349 4598370 63784 1140081 1335613 1238678 7391473 2928327 6031764 32991 5040732 5748935 5140627 983017 818569 3694613 1194837 4992167 995182 1952698 4975842 4213893 4483748 3396838 3863739 4317182 6430732 4479696 4966437 497197 1866545 6980724 4219256 4945437 1341144 2994486 6757509 2924685 8137693 1707386 4000581 1848028 1192399 2046681 621140 2673168 8111193 3044365 4706548 165258 2852304 636322 4819951 3823275 6178177 5308281 1902761 5611176 1709685 1785969 2391911 5003545 8212785 1396670 8009646 6790975 6896824 6898331 5305387 3021917 5910320 3005277 7065505 1024023 6811998 3944145 2645040 7661528 6356098 8174773 6771766 7484253
NTTF 4664931 2160695 6583047 762685 3804945 468417 1151606 7307164 4911143 2572933 7308246 5948969 7302722 1645507 1049945 5408069 3196749 3928538 1917493 2306075 2860566 2858054 8048818 7709852 3532313 6499605 2627370 6996653 2286378 5014868 3694070 6885044 5617892 3524981 2873551 580012 1562522 5464863 1896703 7524124 2180482 6819667 7601974 8097083 1421321 976179 6325150 7142688 907541 5941847 6592728 2602447 2231232 5575116 6539636 3778688 3624749 1649560 656118 4273502 792721 2799256 6709905 7552166 4546334 7300505 4076806 3999458 2954480 1201844 5799541 3658203 4046159 1306628 520218 2144221 5041283 2697045 2631228 7146307 7102297 2583834 4605447 495773 6491116 2723980 1008150 5787519 5931354 7079556 5121110 6856901 7137986 5853271 7416803 1914473 4625880 4277346 4966831 4906095 6434517 1492466 2212770 1176293 4571135 2551694 6600539 3263153 4986680 3702781 4550710 2665871 7179043 5082982 8181430 5664228 2172579 6277909 627638 5420644 5145798 1411020 1245532 5771185 8133899 1198986 3981165 8055580 4480524 6048585 6856544 6028699 7296321 6206664 1193855 3572557 3803154 8108483 1513514 1445485 3862607 4297288 1117883 5723842 7356937 4903184 2983967 6721093 3265198 4093148 7528830 1674423 6906974 4043717 2818713 110106 4194182 3119308 5563341 6396302 1575686 6044875 1142419 4054028 7192859 2583247 1359731 1736712 5937507 801628 6190691 3868921 4962490 4166069 2901043 7904420 7194876 1125530 6597849 7682143 596292 6322349 7526953 7605705 5340522 5032353 2427182 6825057 1414214 545723 822527 157718 6806276 432196 7112579 8226402 2917253 4754076 1509784 1995832 614644 3107916 3472942 3482699 2498464 4326747 435736 8078490 2497288 3355929 6888539 824593 546229 810719 3388764 1372578 4313809 2468378 1357508 5448930 305737 2886453 622737 4551741 1206444 3317174 8174187 2412410 7229470 6437568 5915258 6144363 7545984 847710 2729893 2056035 2092291 7161791 7297072 8108581 5085948 3962683 7745943 6506600 3011728 4376015 3464938 3585287 6021775 8327622 7402233 5435606 1389453 8193927 2207287 5965949 1505219 1212960 5998950 6283868 6309889 6464076 5576719 7362727 1627499 2182325 5282834 1051957 713549 7315778 6480713 5497314 6822227 3175712 923983 1344117 6306787 1800695 5529996 4542888 5055723 3510591 3516395 26306 6666706 4479429 5200758 231460 4803465 1585590 1244058 4323144 6657803 2765700 399311 640291 4932035 7217792 4120591 3053930 3392640 7848387 5085635 2546016 7519886 7211476 7748212 1471291 4149327 1241903 7170313 4490494 4599957 5984941 8182183 8024030 6219995 7459105 2685278 7468928 7072010 318866 8267268 2884239 4909151 4382851 999848 3520683 7566751 4065032 2943370 7543607 840830 2194065 7771481 4662551 2438094 8109102 4270084 6797748 7803523 110426 663159 6782587 4619679 4616224 7504934 5119665 5122743 1645894 1953251 6090041 8164978 2835906 1094374 4773290 3211981 2806573 4592918 6189920 6221527 4984439 5922857 7534923 3682160 410036 620256 2576115 6322024 7006345 4017480 1724335 8353370 6379771 4276914 3296760 2311720 4285715 4832883 6182640 7846609 6445842 1961116 3605619 7745593 6943913 4544179 3944324 7679600 6460556 3499929 5084134 388298 6246750 139625 1916350 4046493 2420601 4366094 4305058 6883306 6956628 7240041 1788111 4340694 838967 7061923 575189 284261 1900466 652790 3207990 5118817 1938832 7008175 1006293 3866773 1745584 1553217 7457184 6542017 3434315 2725372 5183123 2029964 8324337 6326866 2530746 7123590 761967 7293773 5795909 6159249 2431505 3239562 7771295 6149876 4676576 3733152 7741564 6898611 1872208 2580730 5548159 7358768 47576 7378122 171363 5894234 6613069 163425 1716026 3386249 605682 4324045 1547319 5510747 5104860 2065227 5495829 6234588 3222746 3540497 6682984 584967 5488504 3961323 6614727 6088799 3687322 630847 3265267 7659439 659726 463697 2899301 4917020 7699550 2457419 4148279 6118072 8064006 4249376 6148125 5167544 3929132 7706930 2615294 702945 4540949 1132924 701083 4652950 2059871 4812752 5841672 7745184 2454365 2858688 7724177 5537562 2229929 6495188 5787584 4733907 7858932 3008673 4509048 316048 5408146 2354420 6326933
NTTF 114828 5299550 4694326 2021542 7747996 1798366 4763484 147711 1246755 6121715 5798195 5042861 5451478 5626812 882609 7529747 7669179 2355584 5536048 1577253 4115780 1900346 2886280 3829691 1346291 2418206 3923879 5863629 3067815 7876167 1954153 2327196 5422348 2994401 5551598 8028203 8005738 2233969 8124197 7436751 3908606 2877776 6007873 5422855 3146307 1680169 3636089 3481272 4756317 4523134 8231594 6095841 351989 137841 3883815 4476228 2822070 4445386 6751552 4977803 7973603 6951523 3959921 3538758 669144 4283997 4986124 5882044 4928536 7960249 5711083 7182157 6514576 6434975 3886379 4120312 4607877 4404052 6437087 4637648 229887 7452 2013634 4224545 5768334 425441 8201002 3302922 7912789 7234818 2363768 6318813 8155252 3330294 2340531 733228 3798105 2056649 1332115 3736562 5055512 2049065 3286047 1565301 5746885 4132879 8028986 1931151 1071951 5013867 5514608 6211223 5046750 4495083 2300274 2871088 295387 2184601 7876970 2298634 5831323 8273982 5244597 7221711 859074 214467 7548989 3323597 3347352 358505 3902399 5635578 4666708 794024 3741472 974201 7999041 4253325 3920765 5362968 5683645 3224451 6483037 2538420 7825580 6710911 1429093 603390 2849196 3112352 7968813 1359947 5084430 2412485 3125547 2278458 7393618 1059268 995960 1281184 2124638 4779734 580007 572446 5624895 1813168 4083069 384390 2553760 4592451 3686897 1824059 2124722 854264 5949316 439664 6372715 4773686 3200855 4387126 7287103 475762 375344 274998 4745256 1668858 1287326 2157154 984841 3749397 4683178 675399 729680 539010 622710 7043634 1124901 2704607 3158292 6550740 6965076 8279141 2424521 2734848 1025811 6891254 6439377 3098409 6854614 5187567 8356154 7721942 412198 7288336 1384483 7360035 3637005 7077799 8316065 7410934 4527989 7411894 4166090 1880895 5475057 3948252 6594570 5761603 7455710 1900857 4730273 4381854 5408932 6920430 196969 6842113 472420 5843940 4739571 6952912 2940928 8355016 7763371 5075400 4354639 2090163 5232950 1862169 1242683 474351 3813168 7707546 1219436 4793024 4761408 5056688 3521966 6349781 2651197 2236282 4287995 539125 4788611 985445 323600 8027614 4306051 6296524 1768176 4749305 955924 6108582 4551345 4477775 6951520 6606581 2166778 2448576 6997820 308318 3534249 5917909 4283402 4208315 2217332 5268173 6396415 255890 417750 7361127 1636708 5075608 4024683 1080902 4907603 231257 46221 7145020 3385791 3598490 6352131 1029776 6751588 3881761 791899 2415241 8087233 1735011 2258421 7167043 2395460 5917252 5292818 1483040 5161826 4846072 7001634 4171496 3028238 269489 296722 6882781 6118910 2929543 6034309 7080613 338944 5813003 6554435 7960210 5493210 936150 723626 2812294 2550514 5752837 5696880 4322841 3750246 739424 1262096 6079208 5519407 659672 2017564 1276373 6416926 6208915 1992316 7277087 3621232 5093940 7390728 4808042 6273629 5034845 6914556 3614057 8252537 3696873 1968975 6773595 2785827 6557380 1200003 4925390 7395083 2855560 6780446 5241566 3901274 1478052 7976672 4039682 6581170 3184898 3762821 6736838 5608607 1483910 5258554 7333256 3341761 7936159 3902597 7268818 966962 7610422 6746197 7236339 3708109 8379900 1447034 7368991 1627207 6123608 1455224 5399801 2864772 3551839 4498432 6586915 8290045 3313100 1105984 1711968 2580814 7109006 840612 353666 3592718 1163098 440574 3181543 4898953 7310747 4928050 1838615 2620627 8303984 8338986 1817835 5362554 1525560 7948518 4000381 4338913 2558614 6495458 6774952 1214302 1924078 5918201 2841285 6502674 2753492 3266757 7627927 5308350 8212825 661919 1250611 6587700 2936601 5392034 3847769 3958251 4077909 5054365 7908588 8167659 8171983 40988 7374194 1889854 2178165 1457788 6351944 6704126 4336025 4909003 4854522 326290 6906839 8256953 634182 2405908 3864609 4289618 3930621 5180484 1194766 4993990 2630383 1979059 3158576 4055730 3718364 24175 650724 936736 8299496 2339595 7760100 6415261 5481125 1280983 7510140 5998993 4202341 7651818 1315736 4606213 4523883 2364983 6978698 2905001 1019159 1719953 4516455 409118 2708225 1254241 8157472 2858039 8165438 6976273 8069922 2984599 7110723 6008137 6687313
NTTF 7337544 7321089 943910 5794967 4520724 3290870 5247690 4912916 3128964 689257 6328856 2125084 4042392 2881562 4434733 6665964 2448515 5548485 4595519 5065507 7704265 3314071 4242745 2950602 813947 3226489 4702184 419991 1261643 3024938 14943 7627981 1268816 6837849 6308154 2090003 966958 4183400 1122413 6246439 6519464 1679030 5688842 2988020 7054475 4919654 6729592 1575327 5905799 7629248 2867961 159064 6887881 7390296 2178431 5613380 2329248 3333833 3183302 2418934 6794802 7283998 4376043 5968975 3122966 1765811 7442537 2662516 1651619 781152 5840537 5273807 5730249 3554172 4842499 2665222 7234486 5904874 5389474 2131683 4560963 1189622 7879775 6677231 5508235 7438977 6507279 6771870 2010657 4686214 3889155 6016395 526446 7240347 5926069 325562 4373681 2510997 7173903 2982127 5868780 6151467 4315755 2818805 5001369 6408473 2104983 2159310 2966086 7938809 4234423 3651433 4875684 4953402 70306 5271548 5068980 6892381 6811001 4727445 8123301 1774793 8355818 3696710 7761065 4720086 2659766 608126 4360696 6954537 5463068 2578571 7406197 7722079 2736504 3120231 3386958 7977944 78166 6056330 7116054 3297628 268115 5883269 5273352 2226 8264467 711141 4996494 4891970 6268454 2580518 1832552 3412918 3567693 5915232 7637758 3969456 3650618 5136280 2695039 6223807 6181805 7008762 1491083 887246 5088378 6950912 6942872 6234068 428120 1905408 5194531 704573 7524791 1620327 3224409 750054 3638070 4784816 4329140 8348291 5929475 4076388 5685410 2315477 4470249 1429065 5728784 8160289 798520 4584467 5431679 1999168 3597813 7641305 3009314 3508432 5718909 8260216 512355 4286572 2355724 2127846 7069885 1565227 7367489 138586 6142499 6830295 7274911 2748904 4842908 6110277 819835 7059444 2848515 3374645 4664112 4282896 7085924 6052761 1246899 5390164 5137841 3044785 5237891 1663478 6291383 2391898 5383657 174911 5408666 5329415 3555789 5375414 7161895 6491041 1403181 3687464 4959823 6137032 1396319 4690422 7311640 7147061 4305216 4616831 7998980 5644322 8053103 5031707 2407703 1703028 3891334 646886 2093816 7824954 4847613 7949159 6938218 7883954 769070 5477394 4632530 3986276 8348500 879436 4840264 6324472 4833711 2022785 8163720 4637700 3759580 3745389 7732870 6837298 1307641 5867014 1367702 1728623 1969158 3398870 4663753 5825297 1678183 7058626 1947364 8314179 1803853 6500070 5393945 7880719 775247 6875183 6535862 2499603 86444 7556587 1930947 2476881 1217838 4580144 6093743 5634554 5699539 7492757 2946588 5285977 835825 261541 4149627 2534269 2622896 6184237 4666412 6648731 8013043 5989582 280055 4449738 2317124 2463169 5094412 3925567 6141687 757736 4318437 3141711 4253240 7725881 5195348 7548873 8115373 7814909 3377851 7592199 7359686 6339546 2267641 6061373 2917604 2430595 6016438 5592828 1019996 6043589 4408644 4320923 4906968 3155648 692168 3781681 6668110 4309834 1371527 5360336 1167555 3509872 8008342 6050096 8028416 6688834 1813875 2394233 1622619 7914840 18109 4820911 117881 1199899 360405 2208202 2432747 6119107 3487757 3558000 3058748 3067493 362717 3640605 5901738 6298118 5244866 797192 7614916 1493339 1412762 717800 3154710 6790869 4975560 177246 6892479 660035 4484741 2605337 1748775 2670768 5727370 3754160 5781045 3131218 370925 2712789 62524 6194662 3822419 4910399 4681743 1336775 5695067 1255945 6384607 7803618 3552858 6940584 910881 6161452 1541955 911480 1375863 873127 6115465 2387470 7322950 3797958 4313241 4815537 3128241 1573303 2072250 2878769 4482789 4451689 4978558 1606105 3406763 2480012 7692985 6073836 7949808 824501 4702369 3402124 7857837 490060 2560997 6307125 5450853 4782549 5538335 3498605 692349 4544123 5385922 7334105 5242156 1929477 3307038 1004318 2287776 1533682 4871563 5537766 511396 3180753 3158336 3063802 1749062 5435577 101660 1392465 989874 3593 3658219 7346554 7184619 2770867 3086599 2033702 6138788 702224 8099865 6229233 3106088 6509180 4632 894114 4079836 704160 5666963 3560099 8159370 6207137 6583852 81463 7884406 5010167 6388611 6941990 4214120 1146103 4401067 4277325 5700149 2168762 796843 4298090 3722660 479225
NTTF 3879663 6877399 315472 5807433 3880764 4282556 2839480 7664841 2581539 1527665 7017644 6146182 2131948 4222290 3441550 883236 7835904 1081520 2718281 216612 6854670 1588552 5691085 6517606 7689321 4012063 35425 397016 3133662 4142436 261352 8162647 7694698 6603259 5869604 2524260 2394546 4058020 1171823 3078667 846104 1939597 7992754 5521045 2050076 194324 3193232 3969588 7031806 7781755 6392460 6345885 2038905 5504666 2246927 6977777 5999742 7985704 2867235 2268663 3161457 7935039 1196393 7497076 2524629 4145323 2706722 1136937 2954581 4470148 6647707 4167194 7182453 8356975 1638381 2061268 2898383 6024427 2401749 6367098 7020945 5042809 4773298 2383971 6666001 7603129 5970248 2140507 4228396 7198337 5482299 7454745 2115464 4458221 8135860 436779 2307309 2285174 1909544 557215 5038825 1558578 1720866 2985814 6574971 4814403 4111041 6749981 8045035 396646 3768525 6244557 473402 922205 7223254 5981684 1739323 89361 8289621 2990312 8230185 7779235 3656053 7336717 7616827 444354 5629016 3255959 7455291 7668581 3161840 1485122 3953358 3841856 5207116 2192731 6462113 2483657 4970294 4107885 3002645 1164929 6492583 1293269 6950672 8180162 5832941 6395643 2473370 5010397 7807325 1140047 8312570 1113344 5704553 5213133 2012774 5156107 3861237 85900 3267154 8085474 4643063 3151235 7334466 2256312 4463439 5330084 4745955 7668651 762181 2933367 5916625 4281729 7578537 410268 4122348 3917016 5459109 7528205 623416 7890175 8240805 2935528 6236863 7220600 7739613 8345678 5232453 2543006 6200330 7175792 3830880 2354893 1084302 8093344 2050677 7552337 8295592 8144083 2939934 3420988 71092 5755204 7063576 5911319 4946587 4885837 2383337 432583 6781582 5590075 8010874 6735893 3305907 5389201 408707 7573990 4542090 8082280 4368495 5371263 7945414 2990004 7835380 4255493 1677685 1525768 8245938 1870677 3528594 8210639 1549829 3705040 2046905 3920701 1867909 7444106 6597722 6687187 1943363 373969 821124 3457865 6982513 4462903 6288902 1989373 1526026 6415738 794341 5197682 3213894 7121026 3972116 1130298 6337023 603171 1439104 101478 3296041 7819485 4616891 2607922 2844476 5903547 4864424 1579549 5914846 2029202 2713218 2313722 893421 1267579 5291253 2926600 8169140 5636217 538221 6935067 6449165 229342 7713888 6169106 5895237 8058201 4092806 11064 7178092 1030059 5980385 6630554 3843052 7133288 4276689 7355665 5301467 1597281 5649826 3646608 693821 5032110 6000491 7244073 1199877 4708566 7150942 4161167 2691895 5252677 5240213 5341685 2359124 1046794 7709802 5088484 1857038 2913987 8326666 38654 6918248 2822976 3270043 1614255 1185826 1340071 3769337 1235902 2685961 6884522 5338833 3564068 1138866 7602626 3291981 1298075 3535061 2969844 7426467 1149936 1165679 7524378 3266691 6234812 2374401 6206512 5791350 3409662 7484680 1006388 1116523 7583190 948373 4783803 6715524 266012 5274498 2752841 7982947 8226302 1750870 6343523 2144544 3715341 5126453 949364 2474115 7646092 379745 4898285 7690146 3860355 2338475 7923257 5330482 2185869 1668951 4365704 121953 817477 2210584 6355511 2550473 4527232 146834 948994 3911507 5961001 1572357 1510269 824400 3613860 2025464 6586572 735595 4333664 1033078 4209167 5468034 670636 484293 4575277 5553709 1617926 4430165 1910873 3338145 8145311 926971 4252662 2018225 3371570 7574322 7295862 888863 6789653 995139 3460970 2006538 6040362 538315 2503045 4082726 5760250 173829 6527364 7131858 4758217 8144385 5693259 685762 6514776 3435714 942618 403504 5106684 1897764 2416241 948163 2702112 439707 7527398 4760198 4934356 8200296 6736521 6705609 6836562 3927623 1924078 149669 5407803 7765186 6402501 7636641 85385 7262038 5216652 6391536 7373716 99653 3706106 3395483 6699017 6448893 7259957 7936151 4470060 4903981 2773857 5192311 3746413 2493546 423524 7210735 6473134 1154981 4559008 3432850 4793851 1542229 7287930 418796 6328769 1445369 7559274 7476802 8092010 5533527 6166791 3114109 7968885 8131749 1170642 2164118 7883311 1175390 7017971 5743119 6730467 4321491 7916373 4998821 3700973 4836895 7136803 4227081 5086643 7861993 1311063 1305731 6656396
NTTF 4037504 1572157 5831721 2561457 4862919 4340451 6132038 2135021 169595 4311610 2289555 2904112 1716653 521111 3271299 6930119 6098869 4544047 5346272 7554257 246101 4361169 3767119 7213108 5949441 5112128 6290023 4157894 6654110 7879141 3176406 3028816 4102951 8197951 5247170 4935457 6077879 7961861 1358587 783098 8194217 4525586 1093700 2645637 4464468 6861883 4524815 7641201 1461896 7212267 393839 3254527 3700652 613810 6085398 8172460 1208444 1732531 6779144 6929404 3215484 4967970 672509 6134727 7467060 5930148 5360453 1986721 1560898 3236570 848678 3224566 74724 5899185 2975216 5704591 5142079 8308953 595922 4509818 782308 2935893 4364999 1006383 7738558 3708656 1425898 4994946 4191660 5771744 7634401 234874 4317931 1654030 6371535 5337985 3218430 6587781 4856066 7903692 5654707 1156978 8117768 6107847 4197003 3762962 6374334 4955549 7137824 5738482 2120029 3412008 6022780 5089512 283888 8103220 338921 181242 3858324 4620347 2924028 2941722 7345816 7675177 2102094 7084103 6564029 443071 7664571 6936542 3434463 668905 4612341 6943741 2473976 8321221 8365699 63445 1548345 6472446 5881684 4962790 8304436 7114077 8178455 2253377 7143428 4602934 3640772 207481 7871076 505238 7193618 2856442 3528411 2414146 3144761 1134021 2756510 7493937 2719926 2286473 4787345 53889 3491996 5261084 8041746 5594882 7816 6924585 5070069 2491874 3612006 6942667 8371151 3781843 8352364 4022881 5988054 8005725 6117631 5499589 3184988 927629 5856993 2002214 2041737 5110441 6838622 5958113 4821272 1036327 1939533 4633129 1767138 5444049 3261768 7825893 2898591 761901 5575138 7274599 3892346 3844524 284674 1224608 2731956 6689235 3802397 3870194 8302324 7932904 7766875 6903227 5166825 2255958 8090358 3077954 1266073 3541192 1728783 6904807 1266069 167055 2149948 5421980 2352562 3689569 4530130 145273 7442048 5491944 2962550 158381 2710615 827867 3957970 5169488 7958035 3723277 4248763 1175882 8238123 8194562 2582554 5483861 4631775 2024053 5281012 7946583 6037094 7440945 7022055 636152 999938 5866302 955137 8071877 2999638 1847721 4579565 559538 157545 1993766 1903305 1654011 7584563 4570247 2668921 903543 3251769 8174726 8057165 4994545 2919938 2384160 8036304 462657 166399 1036028 7915067 6642050 133291 2029683 1140975 374111 2828512 2900770 4047432 6360213 665041 4439010 3119022 1586140 2748444 5067045 4540243 4429225 8140400 4702532 1307798 5902714 222643 2382879 2287156 7686033 1343820 5740589 721064 1362770 7464457 3426992 2161151 366886 1818102 7540541 2792869 2902230 1262519 219630 6087996 7939350 6057235 7236878 1890409 6190943 6590513 3755156 1026090 7932215 3615123 7246433 1469447 2273461 6651018 1857135 1494614 2803118 2978948 5942070 6584673 3485970 2600435 7509814 2154060 4092202 6627239 504456 1112373 6996616 1024974 4349514 4236997 2066886 1277722 6203089 6138233 5186229 1983128 4245297 4626635 7039226 2140489 6076425 5690475 1475119 4703709 5173348 6523624 1924998 518057 6572223 2716527 3990078 3824172 5681680 1348122 3788316 8025915 6819750 942550 7470438 2423853 769221 5345117 2071915 206478 8298059 6561286 6663005 7889697 7997061 5872460 7110979 2938844 6758680 310431 5744058 3046982 4779617 6967075 1126035 5569914 526727 4139830 4124151 8091646 535258 522778 3072353 1538149 7185927 7458072 1930116 785691 8153008 5065901 7010371 6822393 1247757 3467903 4843417 7841028 1980960 8358834 4379062 2535416 7841138 7977081 6794959 222028 810964 4568834 6932042 5716909 8343978 1484481 6236651 1872015 5155634 3851201 759263 582625 3978496 1549964 4290174 7924036 23765 33237 7264940 4062520 5746169 241095 3098522 3818258 4198840 698466 1357784 4063661 3736427 7328868 7027847 4511015 2999519 6502968 383218 1865682 5163892 5336274 1422127 4308404 5648127 3320392 4982176 7824802 3621644 1712481 1814371 3819693 5330291 7098744 8352904 5700850 195596 4000511 5394470 4784622 4422254 813480 4714956 7225990 6693454 4671946 3303361 6754955 6746082 5960924 4231561 6232168 1012773 1339005 8061237 2488725 8097360 8260878 982663 2877031 3289298 5403523 2657672 5018993 5820940
NTTF 1728692 4459555 886551 223456 6496308 2937475 4143174 6556377 4140263 6111470 300692 1651526 6715330 1982521 8143348 3795093 117323 3631103 8287893 5923426 4060393 5723539 987634 5342829 245641 1529641 5880688 8363689 6717609 26138 3440373 1297978 7289867 7209654 25294 5560385 7292266 1087783 1329111 3094129 1563190 1788748 2815034 3814352 2770720 6508473 7537135 3350697 4231938 5973765 3598441 1533691 6808944 7247978 3622223 6322338 2612272 4276570 2907045 666133 4885442 3870373 7631110 3322954 7762200 227706 191945 1761369 3076781 5021618 5851732 8363073 4159555 4038623 6169979 2162363 7864969 1129291 383777 2963187 5842233 169397 2017577 2652654 5476155 3128606 1594433 7601221 1178254 3271259 7113408 124522 5497465 2189009 5360514 4034906 3604100 2671127 2137027 2774315 529572 82255 7960232 4377453 6652076 5688604 6316877 5811707 657533 1142494 101118 7877956 3917692 1971219 844524 1521435 5142271 3602934 2580443 1060403 6525836 2013547 1380850 6686887 4182880 6689568 3453568 4738238 1953489 6486744 2776557 2738463 1600401 448537 2538064 8264162 3709622 516503 3288143 233941 5534188 4299682 7375132 2506951 4235228 1186058 1674282 5919488 4276465 6049463 1263372 1647663 7055939 7028410 127193 155729 2368618 5890223 7776845 6921113 4879463 2027729 2870539 1148757 293128 7708648 1503220 4070764 7022448 3614078 644923 1163927 5828960 7071646 1365933 3971732 6354336 3502111 952070 6499775 1090015 6503733 1643821 2969463 7978786 328450 149058 178614 4003698 5595475 7619621 3103191 5668248 3989779 129129 7470520 5562026 7802568 2594842 4801202 1857557 5374574 1124634 602135 954141 4761934 4719766 51488 6339406 6493039 7546226 2135332 5351042 4841408 3669255 5307159 7660959 481081 1421419 5877767 7745809 7294835 8238441 5525547 4533113 1158228 6250815 3566949 5179882 5755374 5854073 6820037 5704701 7832317 5790541 6909165 5681480 4700197 4060004 5913715 1581878 3569351 2799275 2652888 2738941 4969463 5764175 4156475 1122000 3625557 5805904 3900449 3960592 6188511 7739984 5883526 1101705 6267263 3314385 6602558 5426 6047455 7713497 3893675 3123397 5311143 3747753 6830733 4811153 5043988 6420513 1311446 221669 53583 5568072 3234205 4249790 358862 3246296 1027126 5648584 766072 3359368 4961163 7487119 5322003 3768527 2000095 7658047 6849838 4928593 7324810 7767610 2676099 793848 4648368 4175443 39252 4540982 1341027 5038846 75673 6996268 8115524 7207639 4454568 6066391 4410714 695181 7590094 7036556 6268947 5069700 7091295 1892372 7231145 8351738 7624459 7535193 4555773 4344423 1952422 6924942 77748 2201815 2667143 758704 3507186 8291020 259456 4303313 8372760 8193474 3791818 1393680 3158275 8186838 1251385 463017 6665122 6057502 6869351 5991090 6349191 8289450 177655 8188570 2115206 4833801 2611978 4068541 2239839 5543149 4208986 8059391 1919759 2686563 7901259 2606172 4856591 7794327 7273258 4248600 4337355 6640551 7591511 5980096 4122035 8171346 7151339 4157273 5670617 7730797 3360981 2261308 7021436 8163274 3311699 1443995 4970373 1280505 6565175 2509710 7028297 7441016 7011726 2109720 8280117 5892242 6349976 6987180 864589 3112155 4137242 4178459 3179810 7474771 3849384 4491060 1025769 7672918 5727226 729372 633189 4909888 2834418 198264 622214 3087096 1973991 4856369 8018269 1865225 4079293 4782286 8241262 327683 2904381 4038434 7091557 662477 2365664 2415948 3601740 1409028 5089836 7966956 4144799 2659461 6264899 3872266 7680785 3194642 3131357 6926106 1892006 2335237 1888928 5414447 2061615 5134928 6900157 4791178 2932137 4913536 2156115 3680328 7493027 5748849 1876262 2547146 3081652 3905791 3901121 6042908 2556483 2896095 1524688 280683 2502172 4696296 5894345 6983489 7315814 4753707 56762 3430851 1176788 6016908 8138812 7620056 418031 3475670 2233171 3830722 4657695 6235975 3288251 1194233 3638341 2201811 6425733 794339 3406032 6924285 4821630 5720078 1198702 3812633 1645071 4838923 1480548 1648051 5331235 5211171 5285846 2675177 5161825 6021148 3104276 6022265 4503075 993872 6123157 7180189 3650247 2879687 4370826 2730293 3003010 5233272 4326707
NTTF 3542806 1523626 6269316 4661690 1214915 5548102 1200580 3434712 7146084 3041664 6887568 5330103 2047118 6609703 3532748 2559461 6399582 8229699 695375 7377950 5728189 4947470 5832798 382171 7973738 6046859 8365172 4883557 6502644 4579691 982485 6271974 6857925 5928995 1345874 3986880 2340383 922651 6841641 2138665 4146718 6820768 3554538 5674622 7429214 3263409 7110589 2852781 2501291 7093396 7023447 5582310 8317167 5448126 5732661 1564804 1851638 3358139 4471881 4833060 4700260 3085807 2389869 561772 6238033 8052365 992362 4157666 1425557 2729173 7971354 1466766 2839558 4593794 1242942 1629548 6559930 3583183 6722906 929394 3697385 5354460 4094263 7729224 77897 5236400 126118 7224108 7577394 438202 7978290 3789643 6021987 3940457 5766519 5629022 3390272 6474105 2544566 4175196 6113845 4196826 6629013 7383134 693165 5063030 978191 5260370 580707 5222331 5915210 4196375 4049034 1059364 633006 1582217 4210758 6915284 7862240 2808878 6444385 29589 6134059 7930400 5364977 5913763 1657470 5610707 4569394 1431125 3736733 4015538 7870430 8324425 208312 1034483 201127 8285922 267111 7240114 618634 5867024 2652033 1341207 5363267 3840183 6320439 5092250 6772494 7093026 682266 3949449 3484904 537076 4922326 258998 2828866 2313242 2282682 7880119 1445936 2785499 2901352 3697287 822631 1684726 8377233 8201976 6064420 7367080 7960078 1139924 512366 7194387 949434 4330313 5478604 5433897 8190112 4606042 3377089 2489992 2627716 1987796 3333729 1777223 27065 5539912 1699242 4269367 1244604 5181428 1211489 5667823 8164224 6959329 5466865 3622319 6976435 697290 3561332 1996755 4482977 122842 3071066 2146913 3893854 7826274 6628215 7211083 5700329 3202139 1299375 2789717 2223385 3583612 5486004 2901934 4263715 36501 4511407 7257687 385321 2246656 2403395 6127393 3691692 1550063 7558530 5211747 8165983 5600722 733637 1931197 3580280 3172426 1575407 5642183 3474151 1722656 5023907 5373400 6174646 3927758 4919611 1265919 5215664 5973850 4960568 3608077 1532264 6228560 1586364 2952041 4144971 7613941 8155082 2149687 3743973 2853759 3487849 2601754 3050349 3692174 3292447 3253523 7801281 7568323 1930799 1747903 7748012 6961525 6297459 7670547 1375750 7100679 7673547 1994526 197475 363508 652873 3351209 8287565 6750566 6064540 221709 4001464 7874637 8262849 471034 3469928 6131664 5742575 3233102 2963176 7631225 7783069 6522811 3565649 4129590 638747 4884117 2602904 1934267 2570605 6534498 5558422 1936898 3137534 2283130 741472 7654745 103576 7188115 1867746 4119141 4094076 1758935 7285177 2149946 42242 6865132 5915279 484436 1869646 5240660 269579 1415508 3963243 420149 5628197 4319537 269963 7048118 8193956 7871871 4744227 3741862 4741844 7219986 5930165 4771563 6757857 6014332 5522767 6031796 6612913 8053672 7036514 7607888 1514479 7637429 3358592 2996366 3815775 7770594 5656872 3096426 123422 7358368 2002359 3396240 1018250 6866622 3485721 4724020 6429206 2595719 4092212 7300065 2694897 1306346 6155432 1503531 7899776 1873808 7923177 1490384 4183782 2147104 5288616 4445887 7883963 2553957 7986353 5309386 2277273 2003880 2428080 5941288 8337877 770201 5429169 1354316 5946452 1097257 6164428 1522773 4754718 5517525 1870200 3738240 2991112 2549196 3979321 5671025 6711457 1778238 4082332 2646736 991429 4632166 1817121 537919 8027766 7662042 332555 4237792 3526249 2039905 7025381 6265157 4191723 3863594 294615 7464456 5542045 5604278 7804588 4283939 5733786 7471140 4990752 3516553 3575328 3996274 3062436 2737870 5142190 7467073 6238149 5424427 7630912 802852 4155469 7294419 1827324 3021131 7746152 7160423 3716023 3476640 7256633 7833625 773227 7761697 7207806 3838882 5879808 7805974 3148161 3643886 3126375 4318639 3092917 7424469 7378319 1995227 1496483 5734230 6275873 1944965 5979815 7264712 407140 1854333 3357528 643969 1901888 3655914 4236540 7848214 2749973 6654151 6986085 6243630 2516854 8172545 4672800 1361674 3634249 4987592 3948756 7380649 2951039 6393258 1347257 2945789 1460490 5082329 2170857 855393 5096795 1858656 3555238 8321120 4362213 1056553 6947810 7518837 2552220 6344308
NTTF 608484 2893744 3182818 5832747 5241768 4668539 7331379 6418981 8176431 247472 4832354 1023517 1193644 3990676 4790309 7281051 5705986 2346351 1829063 5466540 6953167 4675368 1611832 2433609 5424837 3104994 7957398 6529106 7135626 7961830 6336948 4974132 2452646 2648206 3485394 5319076 7480701 6789878 4113787 1571578 1707749 5920347 2842546 6158079 603618 2271309 8029820 7156675 3174850 6303871 4038396 976732 505589 7751119 5238319 2497145 1308545 6140117 1699360 6701260 6476841 5014890 4053719 3696128 4679449 1744417 2273954 3036330 626459 3088457 2793712 5001695 3217532 5743673 7492190 3595158 6008727 192656 3849501 4419459 4622575 4211211 5909944 4654423 6256541 632584 6361729 6295686 2394651 7243020 3307126 3879371 2399865 3488025 3164185 392137 6920110 2334696 3773180 6910546 391361 1098102 6185941 4001895 2855980 6224233 5974252 2404136 7673487 6104665 7574865 144151 4718074 347416 140942 7928827 7614484 1476168 411420 6304923 4376201 7331465 299551 1882727 582445 5317759 7202826 379238 5708264 3216437 5165818 275485 1544445 2142623 2069296 5929308 2530561 1549414 6762467 495794 1954474 5372224 4900661 2381786 7153197 6609605 800688 7513358 3389810 1886861 2085857 6394166 4913252 7333425 2758718 2929649 8066175 4977196 2769503 3751971 7228463 3891700 3383600 3684797 4173677 2064461 6270503 2113279 6115396 2887111 5523114 2754407 1945592 1426160 3801717 1864198 630346 2561361 1854211 4732121 3886846 2660385 7465090 4292245 7270224 1315844 2224560 4250687 6033201 2452338 8263656 4287725 5760617 484518 7268497 2673949 3777356 4605860 6743239 2024724 5137506 781095 4559061 3861851 3853930 7318937 4926012 85179 4262532 7122836 4676339 2258607 362064 5097151 6015094 7467761 1545126 251695 924315 5981157 7537639 3674890 6953914 8032061 6719717 4092852 3569510 5462062 1277446 4266061 3152418 2300059 1059834 3498160 3736610 4509454 2114782 7676279 3611005 1939852 7546207 4560051 7910926 6469310 1299479 11255 5009817 3619418 7225447 595087 8222297 2570258 4539183 499281 6311639 71227 2092869 7529147 6200789 3287749 6495715 8102055 4693028 1137735 3120611 5407533 5118666 8235689 1227266 6246196 941781 584636 5806517 5556119 3900505 1936786 3894911 2404471 2787440 5404803 6341905 1682606 6091397 7656645 3155173 4127227 6094549 3723807 2328424 2577553 3794574 4485554 6143512 1836845 5644741 5755745 13910 1935286 7809893 722508 5174688 4251672 2234331 7409161 4322432 4523706 2515605 3618573 7246860 3777668 4039484 4731036 2361275 4049873 5586934 4135451 448856 3793734 2429441 5399756 5656769 3031565 7006649 6033490 2852795 7606233 219028 5483612 336346 6968127 1738344 6665172 4590190 2131550 7599350 3209618 4652429 6621550 6266821 2315751 6026295 8125655 7653997 4583395 3001313 3167720 4643102 1294375 2058129 5566601 3329188 4186587 4208004 6334395 54741 1315426 3820277 512233 4095751 6858329 4213778 3199354 7412561 1006357 1981505 6698001 5367352 1685670 191988 2956378 431432 7314197 5169704 5969935 5583262 140318 3988435 1546081 3999528 4970520 5301233 2347903 5440595 5551211 6572816 4273656 5979575 5106502 6970004 3224670 5509505 1644622 6696663 1180489 526212 2792820 411478 1925729 7287324 7840500 3971949 3967307 8187431 288873 8041374 7811864 2520948 2745414 1208362 2160689 4639760 6258572 6636937 320426 6878739 7139935 7072449 5030462 4296960 3102087 6657080 1707465 4453284 1703523 5934633 4039069 3461830 6700847 7641399 8099669 5137781 2529863 1429041 1872410 3741617 7951885 6406050 6965299 2333893 4636834 2198667 2183964 973598 3270568 3350463 1832738 3475444 3687507 1201161 3206809 5686552 6860808 1228419 3556679 8008486 7298086 4302562 4136022 8001053 1256060 5864310 7268131 5949205 7306184 186958 273650 7095130 4383674 5578269 3888590 3776072 7184598 3892800 4862756 5604980 1622896 3071944 6588504 2650069 1620734 4080583 2585123 5029282 5415072 7693330 7495296 1391712 2213416 7939691 8210235 1850367 723804 6168365 4751189 1982206 7890147 943738 5891215 3166079 7076364 5356695 3970790 1753961 3209042 1593034 2870463 3394403 4319724 1633063 4545423 7282091 5187006
NTTI 73999 7085303 1121178 1647191 7241432 4975426 2401371 6836137 4835187 7959038 828210 6241052 8175682 3987917 4604487 1057436 3569998 4686277 4504416 7671759 7313438 321980 8337629 4131105 2243820 1692736 1746580 3063328 2577085 1008873 5772813 506316 6519550 5896309 1545957 36656 1556908 3924884 7783236 7088540 4048885 8006034 6577502 3917351 4204340 1864584 7388277 838540 7889673 4712689 5974839 5386855 3691827 4639319 937544 5636333 1708669 761846 1533234 8178151 5467043 7557310 1877004 1669753 2490597 8258972 4195714 7230638 4798834 7974341 8099692 856390 6305645 2863213 7377965 6618320 3870614 1978416 725787 5497266 4466547 6775574 7839623 4888102 7849848 1327883 4798197 7401350 3775339 2500506 3149670 2907778 3261980 3752866 4740432 5964687 854302 7384226 707134 5722393 3692641 1642978 2577141 639961 6215111 5126423 3085647 5571834 2357019 2137141 6894675 6189490 630173 1812049 6308246 7405690 44743 7981641 5539458 7760039 2587422 2760863 5975926 4571742 2631439 1769310 180048 7933287 3752395 4557122 4751203 7288977 7976547 6282546 2145480 7597398 3651239 6599535 4575774 5804537 1537888 6607307 7576525 3501412 7842533 149020 1487243 5159322 8148306 691185 340984 6946341 2014845 3789748 1756416 1066969 2376234 1127902 1051643 963345 4174675 4927558 7074332 3372621 2720539 2008991 5522377 3654446 5350829 4903594 4538802 6936112 5078213 8022454 343551 2375378 4488055 65845 1372428 3470379 7186254 6580809 4358217 408549 6107669 1681775 1210888 421594 6628505 8340182 2605123 5949824 4506831 7309157 8133465 5073732 963744 1959666 517136 2495952 7396034 2817963 2920955 719847 5984143 7936140 124699 7562176 4260978 6509148 2365663 7408143 6635435 4232579 6173109 8336469 4474898 3792902 4029381 438075 6179836 4750482 2980492 2356275 844890 638521 3388601 3306785 8021713 5805744 4298083 7640398 821667 7021112 4075523 2400265 1700815 280706 1445169 7946551 4560144 6196303 458072 3467404 1747020 4873960 64492 2896596 5331607 7192863 3385872 4106972 2456364 3347599 4664791 2678963 962502 5091691 2523708 7919339 6131765 338990 7371890 4479172 1116077 1057160 7209764 5888420 7083184 7192937 756347 5441134 5256270 3920144 2487717 2286240 6900719 6539379 3212774 7578143 7529617 4582833 5975771 3235892 2185176 5217951 4127429 1898748 4723540 566716 3476346 2211369 7027835 5600776 1103189 3071734 7434743 421892 7796256 2093303 2593520 2101128 5692806 2978406 5293832 168131 7629394 7627778 1435744 3471112 7175123 5561106 6286678 1217130 6281343 402568 4067474 4823748 4540986 963830 127291 7872926 1066182 2639739 5703222 1660819 7534561 4199417 6471948 1274665 1143546 3959075 2667586 1886782 4776302 5276796 3984497 4477436 6981339 7251208 5679245 4012496 7493668 3942948 7288944 3530701 6450322 2862689 6645835 2976846 7966670 7616146 1718072 5534750 3569815 4262110 7620886 4544411 2789284 7894474 2918416 6620983 761025 2440954 5621896 727392 7282866 5908368 1547660 5532487 2011575 4639364 1315022 6884375 7017064 6093496 1758511 5934147 7422487 4239342 7953087 3880906 5464710 3117459 7865800 3741507 7350800 855923 4188529 6465326 4919350 607874 1169992 593347 7515830 2278689 7806802 1211358 867464 1370679 1769651 3865744 796331 3466314 5864126 6940751 2035728 179244 2692 577515 8284247 2888339 2064608 5679102 4628237 7801562 6025772 2699401 7728125 4573009 86972 4689947 923598 6068647 2933531 6705907 5087469 8377002 6846247 6152933 7442790 3858199 7550217 6778311 5794769 2456787 1989217 232128 7363486 8204628 5647112 6231726 5100141 1892359 2280610 340506 2262311 5335138 7922490 4158761 4510878 2796750 4138751 3342190 2050908 528727 2128966 6339880 1272699 6309544 6241505 207915 5092155 5597935 2911879 4841597 2545897 4565091 4771933 943883 2825193 4783210 7044803 4276892 8181293 5292844 3334203 3520931 6669377 4982997 3337254 6435597 738088 2533884 188863 6125716 2992073 5247365 6010528 8166801 6454005 1339789 4324299 2141295 4938212 4541335 694804 6878634 946109 5638298 6452904 1875579 2953271 4458364 5445773 6773848 565671 7463133 5504292 5022482 1691793 4210106
NTTI 3072592 3815867 7081115 4763463 4159715 1447698 5450703 4375054 2633492 6887876 2937034 8111594 7221542 1072730 8153880 347296 5468267 2639106 1238351 7379765 68614 4540364 2923880 2784246 231622 1524193 3541586 8227362 4035877 1208275 3205925 1580050 1335502 5160035 7207300 5180772 5248500 7842145 493480 4200972 304300 1125447 8042373 7147270 2093135 4432110 3497894 1623339 5610203 6311393 5579813 8175064 1042777 4401133 6995616 2868056 2917638 5232813 7797206 5143707 3242318 5980204 913843 1377983 5942492 5225379 3242150 6544680 5741252 1882604 919904 8187977 6068655 3519467 7336382 1301779 760260 5312924 3929812 635275 25307 8298708 3609381 2261483 3679690 536376 4500677 7606186 6319994 2288685 1484697 2225124 7315504 5917340 1908957 6265989 1079053 2415224 5354210 7678662 2310794 5930362 2102120 1369646 6440246 7267227 1493953 3317655 4987758 7695884 2290105 2761899 542543 6105593 6502778 1140285 5200037 1995497 1169192 7982673 4612244 984218 3984396 8200138 7999451 7379741 172033 822925 7813559 1659143 5285224 7037108 1876568 7400754 4792399 3968985 5345277 7208842 2033855 7792791 2088246 5873233 2176016 7241244 4825863 2938300 5797928 3628428 2069692 407460 1502098 1706335 5821525 4390898 907264 2584550 5338445 6924277 7959597 6564169 5473808 3874182 5324606 6163111 1195544 5290870 2935902 5329298 3085567 4338738 712860 3169293 7629398 2624204 6798164 2111007 3051205 4842889 393318 4070527 4113937 6084158 5193769 5354663 2598126 2867681 7867174 6457583 4626135 444606 4655706 8015261 2298303 2041464 6419576 5651729 1549392 7551325 1581683 2822746 7789430 7865835 1446486 8011655 4200100 4927011 3122814 2236539 933196 6692221 5988930 1039204 6145570 4516404 4274838 6909483 3099321 3598860 2772242 7053784 5702799 3741037 6667707 3885516 8350938 3825415 5233337 2146582 2201256 6601494 2193301 2646847 7002700 3980363 2008302 120635 1905976 3164467 5964452 5992056 6277750 6210290 8300341 2677104 2377977 2135338 8050826 1119157 7251866 936959 3541412 5875757 4856284 3791769 7915933 5402969 4132212 2268757 7938079 4667739 3556194 2957711 3900703 6492624 455376 7539020 1714597 6770879 2758248 1113538 6892907 7539746 5531211 240715 8311331 7188456 6045041 2132912 2320090 1261183 8154191 1386020 8106790 3453383 8262507 5409857 3050754 852253 4962764 345859 6240256 2733962 2212117 4835598 7945575 2280983 2217537 1600125 519233 1181754 7364128 1493522 577582 8130885 6701462 4988568 7971660 486479 5486795 6843179 6455224 3237303 8001892 5285844 8204554 4265070 5687085 1106524 55195 4483292 711942 2934709 6686426 7737561 6451352 3287606 6395049 1971527 4506658 2931489 7898938 1022199 4151604 343248 4020183 4938735 6637341 7739300 1330939 5870326 1641954 2867236 3050201 536720 2841278 1605538 8359876 6620375 8304671 5566028 4784015 4656797 3373062 5156743 545774 2872388 3902169 3754492 656907 951325 6995164 2706611 5125992 5063747 1922219 7364743 3665913 1678899 574790 4373590 3340966 4130282 6796509 7173402 7316211 5591784 1859256 3309083 7946792 435995 7562069 7650201 984709 1820468 8348635 5426715 7123973 6907785 5362977 8113894 7131933 5854126 4328955 4489922 7925208 3964041 7579582 5123225 6728971 1078032 7488627 7809864 7857920 767251 1130267 7735316 857838 8079636 4115371 1080361 1139583 1914472 822118 6961004 1652557 276365 1417995 6921649 5608393 3944938 261583 6838812 6487510 5057954 3335698 6463133 2461307 2074535 4650332 5338665 2749890 1877979 7437567 4803768 3307812 433583 6744548 7473774 7258826 6916618 5567375 2576664 4048294 120584 5244865 5851435 4089473 1055783 7572407 6203026 4061728 2034851 4975568 6444613 7986406 7929530 3174788 8141799 569713 6142555 2471447 3554024 8030880 4689218 1919763 1138380 4087437 2593442 671433 4353982 6277047 2819287 2281313 7791345 621014 2543427 2800133 6015376 7264401 7563518 37708 6529827 8177917 7188644 3266145 6796483 2673292 5725121 4900233 51739 4589902 340903 8192681 1494493 4610563 4821056 3014603 7959321 3431499 5057756 1307446 2810739 6156978 6400547 2972926 13445 7840628 4154745 5509179 1908002 3561646 2692816
NTTI 2203698 10183 3506980 4012899 752046 8108522 1593548 530997 4450695 5147119 3083769 3427925 2423255 6777878 8260463 6756988 5542088 3898021 4740281 4168354 6766409 2074604 1406287 1148146 3645646 6449645 6572910 187708 5707610 7583959 5220865 6656475 6258201 6251440 7534542 3553545 137083 4870192 8172095 5978904 2007479 912968 3146493 3973350 6023203 3378846 3075798 4541244 1649801 7474423 6768406 7511628 763764 3101283 5057364 1555722 1381468 337030 1519600 8183864 4960919 1088961 5168675 1915652 4949355 3831533 3630888 8155812 5725729 632377 1034288 941743 2179096 5411601 3050284 3533989 3810465 1431015 4958594 466210 4861576 2910412 4829711 1777748 6990372 487470 8161974 5364020 4727880 956219 6351181 5317196 4028052 4504559 5590279 6618340 7784771 6596554 3076141 8186584 1863548 1596449 4844982 4480264 7624091 245599 5685980 3424888 4600828 6556838 6382693 2097403 2093455 5467146 2027749 5724036 6753180 3208458 6659493 3878549 5563186 5668866 1900388 4672418 1278569 2440866 6983093 6594576 4156708 4815921 3072241 6252839 1448067 4134767 1150034 3197052 4138704 444711 3813285 3773170 1348606 4781651 1239298 4927489 1815975 7963035 826664 2830507 4095018 7329539 5044691 2563061 4975814 218917 3355313 1154499 4100341 424633 3225769 6335471 3746753 8352081 434708 4712091 2433895 5530260 963361 3897133 1798573 2289062 3636053 4338135 104831 4667969 4759994 3535513 4302333 2385053 5729239 7176457 5082164 4255908 4557460 4878782 855258 4043447 6670562 8307258 6256676 3316970 5168093 5171005 918589 7281600 4990336 7718699 4785278 421143 814144 3478169 2563568 4657416 780811 5054815 6940662 4700216 2394517 5138886 7849777 4393740 2983433 869609 7821957 6145946 4292721 545794 3955273 6757666 6717125 4307143 2898946 5967434 6004745 2544791 3773380 3523254 5655180 4413752 1845002 6245282 5133952 1425361 6655032 3166224 7346274 7377550 1255651 2577623 2761919 4611999 8163590 8191736 6080104 2581871 1663379 4397645 4011481 5456783 929569 2639391 7416684 1195906 2863634 2099385 2220055 6782401 4420010 3503809 3306367 2641049 2252649 1357237 1987602 7456728 2601957 3503461 7834982 2543877 2508356 5081129 3700812 7527229 7705710 4587278 7951121 3474189 1404322 8057039 8135052 2709291 4227040 2953003 3882140 2050837 3811541 861358 1331067 2333980 4086549 6303918 4334683 4680310 2238173 7515185 4135894 1273380 2508715 1063622 3745437 5632597 780265 1673296 3040335 7880956 4866740 8039845 7692503 221848 3068113 3592298 2459247 6209713 680588 5741423 2422425 787348 350102 2929953 7978026 5667244 72400 8014160 2005211 6024452 5621529 4429738 4039788 6587489 362433 1481225 7556093 3139707 714899 483089 254158 2813489 92910 4991494 3456293 5854276 3532562 5317897 8302299 821681 7336628 2067166 7519338 8136743 3385995 3631866 6298827 4265260 52758 7484307 2772555 5110866 3906650 7547439 8067059 1343796 1008218 5022320 7620346 4216411 8170555 4233653 5065307 6122053 3017585 7382584 545407 1080826 6126467 2159307 4668172 1141855 5758135 1181340 1383978 7947055 1532104 1886791 713634 2637400 247634 4998294 1143662 612663 5341850 8227750 6365541 6410131 3145325 1506755 4658996 1364377 8055136 1030088 2847039 3921974 4390920 4787966 7400592 4276307 2215936 7845875 6936447 3268699 1878937 6368809 4492431 3335980 1683118 2704657 6330578 4823638 3688756 4469960 2581426 7131884 2793641 2923973 1532745 2789869 5845205 4925386 6077077 4248085 5055198 3325987 7483997 7057316 4267196 1696032 4662357 2395105 6051841 1079982 6527757 48909 1633661 7393242 1271525 8242066 2607485 1499295 5586546 7337978 772410 8082945 6316506 4663756 2634625 1322648 4225534 6684446 4063188 7993445 1393472 5292071 1682597 6578423 4400883 7698280 1116787 3551386 193655 7980387 2326548 6328766 8309853 3805471 7313799 5868718 1839634 1883885 5031330 7545568 547736 6720758 2290203 6955079 6221270 3074691 7160172 438663 2133971 6808990 2433722 2182854 5952046 1034533 3747693 6178004 4267081 1462694 4446544 6325062 3563709 2824292 5260969 1594951 3802848 8051337 4445266 3472504 4681979 7867963 993662 6139610 7294049 4481929
NTTI 4969486 2920957 7615870 6236620 3929860 3447085 6769412 6518540 5810817 2638105 6357321 3156251 3280733 7470455 3024749 970584 654107 8335028 3248736 5830428 7801767 2131670 3631118 5422658 5070287 5316215 4295574 730861 3104667 5215472 6013641 892960 1086369 931357 6735547 6584475 6210066 3896227 3768831 4687184 6251405 2229349 1874911 4003604 1321917 2189267 2806260 3081558 7872601 5567695 5396404 2606344 570361 3071655 6925492 6747264 5969760 4616717 3642433 300928 1012963 7489681 6571900 7510854 2885760 3947621 1147548 515712 3017791 610370 7204300 2176751 3801878 3348920 1614416 2474566 3822167 208241 3865575 5970096 7919812 7948863 1537356 2087647 497340 8245402 612828 6286009 3086012 5486464 7731230 349713 4532694 2595106 3073223 7319156 7891467 1582341 5408203 4334556 4278047 5544913 2226300 2798438 7392307 2018954 1082774 7201035 6967485 4768803 2406288 5022491 3279267 892437 4225892 6744322 8024358 6005608 3304329 3895950 7912440 4782077 5339654 2072843 1094411 1325487 8355548 4729996 1022326 693701 7608950 343352 6057417 2472033 7814152 1342774 5384110 5434864 5842113 1833820 5536112 5004470 6454830 6415477 8093244 2494951 2776297 2296189 4324052 4369618 7148427 6947579 1741815 3997533 8031265 7874991 2979482 6086980 3385085 7390496 7782998 3370560 4830931 3663717 2031227 2492674 3942010 7605237 7268725 4247350 6304718 1198580 1356629 1009997 7763311 2333412 5330977 8072182 5941601 6817499 4153203 7946335 2388891 7475975 3480573 7634572 265357 2774669 210750 6585027 2435704 7022908 6300734 3304415 907137 4764872 4579208 7126201 3379529 6468244 1637939 1439600 8065541 293780 1060808 8059912 6750554 5686614 4564252 3014572 7517173 8230662 5371118 1963943 5174384 1306051 3189687 3592260 4614782 1169119 3536598 5047476 467778 3460092 2656278 5379568 3255684 5397730 6125135 8146948 4848437 641638 6146636 2404241 1079252 8256617 5452648 5690220 5654308 2087459 4565857 6499642 2429295 2914539 2754211 1416432 5611083 1607712 7877083 8110506 6251478 7013111 8193345 2993348 8039576 6872939 2666977 2997968 3617535 1424535 184959 6264370 5518674 925604 6000675 6926851 8073169 3417406 5520971 2341098 678579 6549772 35764 7174015 3821560 6344683 4464296 110954 664294 1987880 7707523 4098549 4654251 5296643 2403776 6371452 2054672 889553 4638032 8301684 3236752 6938024 8021991 5037174 5365334 5142245 5364131 4667802 4017188 2511242 7798372 2634026 6522250 3112701 5155414 7209747 4341301 3244051 2555319 3046457 1030702 4169314 1322227 3318578 3008912 3675484 3805525 5536858 1461637 5232391 4336159 5106411 6362057 2171138 1273940 3368213 5470627 4994623 2387243 5000596 367091 6419386 7132922 2805176 1283146 3053049 4582930 2097623 3351248 522232 2623191 3131687 5338744 6940845 4318126 5967733 3631960 7962053 7642314 6055891 580244 6484912 5178317 4459492 979160 977981 2943350 7359064 1915194 4906796 954782 5844503 4735003 3433161 1749894 5177659 7507403 8140656 3752953 2260353 1609225 2809873 675206 5601339 3857275 6693871 4088295 540792 3132691 7368131 2164062 5761571 4711096 4275391 6036369 2699578 8076081 490488 3627606 2017481 3971113 7264634 7568298 2375067 7202033 6134146 1732174 2456919 3239654 4843758 2130180 4770858 1826228 17100 265665 4877014 7811250 5596373 7997643 2650411 3226788 139307 3544530 4201817 445687 5481535 2690593 8357729 2737216 2605832 1746355 981375 7003560 3695416 738455 427213 5243208 7456345 7492101 6744635 8073243 7265886 6747672 1746304 2545294 3635536 8179965 7655776 3988102 6642200 2038948 4610653 2894220 961654 5881434 7444505 6038981 592777 38526 523632 1203133 2368506 4026833 3021991 5298925 2418964 7222803 524233 6715595 7565883 6009674 6204729 4735340 6211739 7697040 6652788 4919814 2331537 7703142 5219935 213491 5458998 1138363 5165050 2513564 748808 7066164 5208109 7115726 3031322 2860698 6890379 2580879 3787781 1522962 581910 7505638 8338261 6658239 6031229 7188649 6515097 7179374 620128 7949288 5106849 4638444 2598171 6700668 7341704 6883502 4327595 5205346 733590 2033650 5301961 6807165 4287895 4990358 4888595 5725530 4266192
NTTI 4264552 678958 4896341 2836288 1335682 3313243 1809984 2520096 2749543 7347839 226156 3115854 7496443 7575124 6541194 6436114 3969187 3360009 3158523 2297145 6250439 8232459 2561674 6727886 2741129 2601154 7266503 6389617 8258485 239075 2605005 5563343 5701237 1532735 7090489 644741 4118428 3705911 5678948 469703 2406377 4888793 2373355 6119356 7183127 6312992 7215353 6044159 3900092 6169167 7230931 7606300 4817733 3451599 3375740 5649014 3473670 350378 3202086 2576186 7983951 6327825 1087517 1910788 385736 2094739 7579085 2626337 7714875 4543239 8137243 2927170 4328297 6015710 527683 6938915 5007900 1840717 2541701 419755 5339593 2208874 8061854 7177543 6171779 6430544 8078514 8311390 3026671 3606906 5892821 4398523 6044717 565278 5409010 5651931 6233373 6097294 6531788 3240931 3888526 4704483 4739482 7520592 6297139 4798778 5948790 4451241 6957308 7853946 2962151 4007444 2789462 4617723 4932578 2331087 6274833 3959903 428642 6915973 2104045 8367309 2884345 298149 4801567 6941451 6999478 1005950 4422085 6400349 3076649 7645559 4068173 2617664 2060486 6200786 6477769 6651856 4745956 8215731 4000121 4162195 5181370 7303265 6005839 5244639 7461064 4789347 2239627 4653266 610826 3970821 3675944 2615157 1834833 5639727 627708 5830964 4227210 1933285 7795655 7488040 6888445 5367945 5294435 7235357 2302017 3982718 5460918 4557938 181612 7719134 839137 2333116 6800623 274435 3520330 377356 6505108 3063155 5922383 1937867 7023299 3253653 2033543 2823123 871503 1234325 7560116 7033953 821961 1452992 795536 57160 5622820 4704711 1811507 682128 6966278 3156520 1881094 8356950 5093118 376734 110079 3810719 4853244 3584653 5629742 809039 864557 5469195 39242 5335765 5591283 2173764 8240717 1347688 1949318 4321378 7135700 7775560 2143818 5112106 6605899 6317625 3081668 2785375 7053172 8309901 112511 7442703 2308251 6194362 2186503 2092632 3157259 825082 1200308 8067759 1719082 3866006 4711521 1535169 85799 7849152 7983102 6882939 2586821 5595193 4957030 5233070 6965676 5806145 4584648 4163340 5614473 4168170 8229619 8322095 3484870 4331670 3078734 5050622 1063049 8010111 988952 1091661 227742 2582633 2751123 2223838 984914 5878608 5675291 3696342 5477259 4215974 8118347 6003623 2017585 3731738 2867073 1425539 4068265 5081218 4744408 1415959 1994899 94942 4217035 2802821 378860 5023698 2795004 6136910 1507042 4609392 7494346 3682676 2464390 56387 1529242 6031605 6921568 5150620 6353406 337065 5965177 1246034 7594083 1942486 4621553 3407433 7209484 1723499 2903746 4197632 5529571 6288984 6589263 2700839 3683445 2081750 4110047 2787921 2094023 7569803 3700170 5272137 6552739 6306548 4829546 2750778 607919 3203304 2150873 4756074 701928 1178147 495573 348383 1595293 3698021 1923192 1053382 922230 3502474 3727924 955340 504155 2495119 6395437 2053529 2833226 7697868 6951588 1096229 1572267 3977928 2037467 7339595 2396405 2237903 7828643 4261207 7483598 7063013 4075749 3011100 7671154 7693483 5383454 3795622 8031732 5691635 5195023 2296350 4284878 8316800 3513119 654149 6451921 1634754 8168831 884122 7787930 6377956 4788302 3972758 2095052 4259425 1725374 4447199 890388 6520016 810055 1688441 4272279 4500365 3234167 785728 2364845 612043 6101887 3383147 1539800 6504231 2725242 6218597 8150746 5306372 3769811 2230925 4387172 2686331 1669946 3692629 3122266 6197084 6389862 2076085 6373550 1225295 1161649 4344555 1860279 7284502 504884 1609156 7400235 3390518 3371575 7074126 5014518 4704298 5333846 6862167 1137583 5213612 5289268 5533134 7502816 5476465 5714526 5332506 4766771 7876407 3513295 4709556 1850445 5005688 3302591 4896594 4105601 5999782 2461949 3917797 6434646 5122944 6121592 6991457 6026081 8271753 1055397 2575961 6134329 930786 2315623 6447295 220016 1820408 4970756 3857172 1892170 8166150 5029620 6396556 38764 6807043 665059 7709230 854250 7591236 1518439 4098993 742059 6561655 2120728 2528029 4008106 2972700 433078 7389617 4471147 4034504 2818154 2372541 5293756 5974250 4799116 2453553 2131141 4853986 1322158 6618548 1404734 882312 833302 7302822 2327578 7611327
NTTI 399386 3208761 590728 4986893 7789418 4750891 1902602 6743641 2931179 3155497 8274232 7436498 2852888 4975836 1615397 3131393 562786 8372704 7996683 4657652 7679147 388515 6830112 1542493 2360283 3850691 2542907 5946075 858083 6323155 7402300 932423 3377717 5368817 7906905 5646406 4694275 5605918 70227 3651888 6881439 2543053 7591920 7182570 1673819 3037376 8096415 5810968 2046123 1924810 7754206 1615919 5256340 4005836 4595590 2780261 5546424 973819 1160411 2736598 4204453 7686545 596955 1154740 1781385 3173330 5697083 3711718 5138761 7115661 5259812 2935188 6443467 4708754 6545114 653454 1280495 5720019 7796645 8045842 4945521 1827146 1356291 7804036 4023336 3068126 773483 856211 3101344 7447765 730947 4098267 1445566 4343451 1965437 3455819 317956 883296 4573015 5682828 2467729 1358184 6239438 2122508 1308732 3119207 6341436 3687854 4392081 1902537 21292 1621163 797638 8230376 1772009 298450 3190844 1155740 1175489 2477865 1419265 549531 842649 4929080 3286558 4426874 2115821 5034279 2217886 5496915 928786 2117977 6754169 4133320 3868142 6405070 5210896 1919463 8212110 8120424 2305343 4877558 2827140 5042930 1605868 1210843 2638267 3171374 434580 7027820 5080491 1704688 4272888 5035852 6001024 6083698 817262 7459140 7807890 1923863 872594 2433802 7170987 2349932 6128677 5393762 4931606 6242266 757885 6611812 2120624 77722 6419401 8071119 8355375 2534819 1738371 6271919 2628671 4237198 6576270 6026951 2608722 518165 1007769 2460301 3291777 787640 3428288 7332664 4604136 6501142 1684388 6872217 2118373 1925440 4886430 2719462 5699800 1326051 4467913 2629173 4036320 8298003 5750108 5924777 3272501 1915056 2861511 7090401 1515845 3388659 4162869 5434682 5858958 107569 331286 6314496 7602620 6740475 3909199 1496043 7921969 3087175 7929730 7383032 6813021 891944 5828730 1114191 2427775 4217462 1062158 4617535 1637457 3667510 1682551 1548839 3014293 4815298 2744114 1617058 2003776 2693615 2963915 6217203 6557601 3930382 106282 4236445 8065846 756284 6533574 572763 3335502 5474206 5741644 4228028 7059847 7514790 7508835 5251889 1869219 369777 5083764 1453916 7574891 3931775 1967083 3827657 1156240 7225519 7457423 8336485 1729185 3214443 874369 4784470 3919383 3491011 3582463 2651224 1624009 623748 3103377 5035584 5554317 2166875 5440061 2916089 1076119 7272832 2330082 2766055 327154 6091708 4780366 3851298 60063 4097301 1148942 7629501 4502845 556596 2936588 5098423 807033 2727974 4396074 2614810 8183955 7061021 5311085 364292 6600525 4401292 6633890 6497158 4379389 1864214 6236827 6365487 7566062 6102764 870494 7961975 6113466 174016 1471728 1068476 7162771 4065933 5235859 1775695 3822122 8148550 5648496 5250750 4209297 6967635 4700689 5201865 2574204 6967553 5739826 3882794 3844159 549839 1309067 7021946 8152187 8151393 2499452 1261469 8298815 2311861 1421467 6771268 4708450 8375058 6634055 7872311 5042157 4680808 2715482 6202277 3036294 7180951 7945210 514380 6603833 2327488 3562030 6839242 4990343 2141091 7596370 350997 760275 2656659 5872853 767040 3052478 4020280 6496677 6116895 531224 3237492 3812365 3176002 3810977 21523 7977865 4727100 382616 2432186 3965430 7875840 3126296 2420076 5910467 428140 283144 1665418 7063766 8280317 2633209 2053045 4257058 3819518 4905490 5694646 5704402 7378470 7431287 3578787 1978012 475313 609611 1557679 7020340 1465876 7396830 56353 1481716 7061505 1927768 2673762 4181931 8248418 3181374 530503 6470797 4463302 6690978 8135771 8227888 1447386 6476294 5496344 3709563 4475172 6391892 649155 7441128 2746422 7758793 6481245 6809199 3645953 5171314 6502317 4189478 1591793 6254832 2364926 291188 8342792 223891 1200470 3222316 6750908 1044937 7688840 2939148 1368157 7909318 2222324 2389189 1286389 813599 5011765 4175584 2986547 3457020 3539866 3933109 7164889 8099516 888392 2264535 7330086 2163443 1537344 2278479 6255222 1975020 2362173 591140 7099176 4181471 6342136 7521451 1687158 7849902 4709508 3262113 6008684 3015265 7068593 588920 7829950 7979029 897132 5049583 5756289 2954467 7219648 3512285 3276630 8352017 3038612
NTTI 2586170 4382696 1815240 7574795 1402109 6030302 1721695 4651258 1530134 1729018 4110318 1080246 6092699 7989651 2487279 5759999 8246900 4113049 423603 6881805 3869308 4216235 7654478 1215455 2054485 1905519 2820852 2035441 2969650 2690686 1264112 1146390 7005963 1994496 4206579 2821048 3768440 1039472 1638952 3458240 5998224 2490068 3573543 6255607 4179128 3149952 3256492 3702116 639556 7897691 7813215 2134334 7471985 2100255 4161513 3285311 553190 2165978 4912973 2879692 674341 1080791 7591755 5853755 1412114 3827205 5969514 5465367 209869 925475 2911110 476422 3026604 828655 6174250 4579329 1670696 5906976 4914154 7306638 1556847 508202 4711137 6295302 161160 3839103 6056430 5185366 2348497 8301295 365692 7254587 7163431 4627049 7335131 7662216 4276040 5199747 6810703 3467377 571492 7119970 4506382 2662140 5847529 2737610 1410765 4838261 4396547 3604863 6983810 4187992 87627 6884352 2879080 1034814 6739351 5166256 4054385 7110902 4933964 8118044 6492442 6361456 4392337 7912082 2035433 354976 3715030 6504487 89011 568637 2043853 857122 6959991 5626349 3208413 3969646 50252 6693796 1720693 2508353 1460298 5466315 2696325 2499996 744309 4089136 6006071 6410143 7282113 7870319 6057010 5762468 2532354 5066116 5601202 3443253 1376914 4517492 1627061 235370 7580839 7486071 2832414 892876 6560581 6072307 1017541 6171400 1825806 6876840 2081349 8163935 2597534 2170216 5673037 6007609 4751249 7574097 2462089 4251615 511752 2592546 7272958 7701480 5138983 597606 1540570 1984862 292834 6745684 4405595 1829815 7126876 4547352 6018272 5812178 8361607 7755424 6813478 7811474 1759477 4185789 385759 6209538 3305813 3896140 7965864 3814398 5279773 7263446 2582406 4763751 5784164 324141 8169424 3439727 1899313 5478233 495691 1539001 4513570 5109025 5060899 6018510 4613432 2385178 7445115 4903839 8021884 8079188 738798 6995028 526629 2697599 6761918 2390865 4694809 4807926 539767 1324623 6204452 6571312 5162277 8012419 1460597 1558624 1831717 4528598 1466818 385043 2245506 5011304 7180815 2238826 4093518 3647492 7602444 3157486 4214356 1131463 434879 6212220 3207987 3220222 5437419 6896816 3820546 4961013 2234139 5097628 3113726 4886096 6706372 8141303 7828540 8011643 5290960 6926325 4960134 5165704 7397395 1551827 3157080 4168055 2051114 6603542 3901106 2932668 6032656 1575063 6076807 6529899 6961604 6166548 7518550 2685686 5802179 6416870 5747008 5970433 3394005 767691 7635427 5817552 3661729 2261870 7850438 3663050 2465201 4402020 2024323 1565061 486014 3444425 5580844 374290 3451919 6124689 3397888 2620308 3310763 6354768 732063 4638823 6539264 5493271 4052371 5592161 8252456 6171500 3599401 3989628 5424968 7403201 6309222 900698 4157241 3958759 165811 6180368 1299654 717933 7449094 6060186 3151293 2468694 1816812 5724484 1655588 6791367 5269551 5757774 7753231 87384 4105637 972779 1985130 2789088 6172711 5808621 7885191 4466002 3652866 2911016 6729352 5575837 1337882 6369522 8104990 4821421 1777305 6557995 218384 2368836 74903 5680740 6014850 775544 1812709 4407393 8042238 1008724 3304889 7040543 6628327 2486375 2304461 4383129 2642396 1861999 21351 3999467 7363501 281195 3768840 26400 3895751 7598734 7549185 3946626 1179979 6644295 2192003 6448257 531943 7780243 7903407 3930535 4939878 777662 5939335 8111972 7473207 5279241 4322090 4039373 6899973 1170705 6563542 3131718 5334113 7754205 1795397 6583154 7627930 8041956 6530598 487402 3758790 6704485 5887646 2135401 2818014 13018 2183509 8087132 6754085 5286736 4328832 7013576 7748318 972193 2851797 1534080 7266367 2223531 5387767 6931835 1331159 136314 6996718 7142103 1597318 7380233 1154262 1759413 389766 4715797 1085049 8092204 8356345 8048502 1587179 5464134 2738385 2158037 31401 4288327 3230876 7496615 7569874 6673109 7353003 7636494 3397335 316615 7568745 2976046 994186 1798772 4214855 6189843 1571441 6756253 3909513 4212034 8258794 50146 1575490 2142604 2165609 2894369 4041941 5419300 5679932 3165589 6228094 1674143 2473330 3123531 3920080 6892050 3268298 4725959 835376 2308620 242623 7625054 2665537 857451
NTTI 7667136 6363019 681804 1933668 8114395 8235233 6929702 4058766 3155175 2726645 4389907 6578807 3338636 2984079 1854441 3998893 4755661 699738 5132678 4018187 3457447 731412 2745120 6743424 4171758 2766225 6432358 5136003 565006 1934909 4969184 3992265 1131282 5410418 7277172 7108785 202893 3112440 6994076 8258867 1449878 7633997 7096778 6257363 466239 4098990 346603 8187230 3001116 4761776 5364986 7022347 993150 5899540 4864067 7637607 4586855 2202652 448035 2379545 238702 6563300 4324236 4398960 2289455 3855022 7486817 6461776 1500541 6834510 2336347 7635512 6026170 7338832 3706606 3688397 283644 6953048 1987009 8166501 5671113 5648252 1260969 5056770 196402 1833326 8113206 7786618 165377 1082318 739031 3776279 5222536 5782769 4322066 6464613 3148364 3368803 6736296 5685098 857973 6890693 7851944 5052877 287470 6658953 7888369 2809824 6659088 6733711 4007640 4289943 2726481 3790335 6839794 3442946 1301131 496562 74032 5374465 4845772 5640775 8365653 7457704 1538930 3823505 6161295 6987926 7261428 795897 3952699 7399577 5777655 6619410 1252721 6922296 5373920 599105 5312511 2884152 6768239 6898187 6686062 2990383 6965607 5130397 6586224 3849741 2448486 5236189 7978394 1309698 2147452 384415 4701063 1415734 3988033 2824201 2914702 4792252 7175241 5380221 5367061 510573 2299531 6604825 843192 1248529 4649625 2404896 7271437 6894846 5497959 3076577 6143816 7786242 1087579 4552280 6039130 2300852 3233129 4396240 6218288 6989489 3670805 1456173 3760529 5687550 3391220 4242014 3201240 2510599 4598005 2341984 5157995 3557265 499998 6447989 7211150 274982 3389852 1082415 929596 6088630 864992 5109215 5916282 2207228 1792433 5831808 6589186 11928 8129327 1041677 1230420 7861378 5768936 4824709 1566864 5470834 188790 2980671 1034451 5306237 7635948 3070764 718156 1905627 5325660 1956992 4425406 3945214 6925882 1933481 649098 1985138 6402888 6853524 5883806 7164842 2687053 5325081 3869313 6188592 6752923 4345726 5661222 6619447 6351499 4951380 7635639 31420 3412124 5782713 3081958 7735717 7951697 3519006 5253167 7438821 8292987 6827185 6397455 2888620 3034955 4301287 1737146 3391154 3023482 3140273 6438894 615469 7424748 242330 3350833 3355773 4938739 3188376 1037963 6944571 6109941 397117 6530699 2678547 1377917 3947929 5314004 4771133 4193833 182045 4856550 4819689 600460 2514898 1047140 765593 2621778 3382999 3965383 4701479 4297568 575454 2696527 3812809 8200775 3830067 3171183 395084 1523876 1615614 3403447 5473488 5628571 3231221 6173529 8018281 4040429 1184483 1403306 2021100 5961585 8195254 6839913 903798 6643295 1404298 7298656 7108223 7977762 6442868 2902555 1808538 2435887 4268483 6468388 7885877 8369224 3873856 5564192 7788888 2324707 2708446 4653456 4261331 710097 5524846 6423743 765284 6139965 5126759 3609901 2922176 4155688 4791451 6725436 3671275 2976506 1529544 3109141 3624677 1626738 784856 7918850 6947292 4609462 1732807 1685844 6196083 7610486 7969414 2985507 1636225 6604950 5769892 2513589 7552100 2948802 5568822 5730644 6068286 5724764 3470564 5305093 753080 6297367 353227 4281749 2585923 7511301 7412400 5753621 7657821 4416988 5455450 4102372 6043550 1648790 5233956 5594488 2845027 6483842 2786273 2346658 183497 7121469 8184911 132256 5769002 5661938 5052536 7912508 5553851 6422615 3831724 5161981 4395504 1909048 6967847 1881279 6869171 2709654 7361270 5421656 3401818 3997091 17559 5785956 3306684 4804379 3002946 1667023 6123765 2051014 3972817 1246564 5263845 6175855 8118039 712925 1567806 604526 1676360 920810 4480651 1113448 33569 3814720 812450 2890439 4418439 499787 1310497 5639232 674774 2486339 2137724 6361774 5634829 3928688 7591019 524023 1053837 4380930 7843156 5617841 3938867 5896807 1707319 5568609 4802491 3092927 3971900 2729403 7561954 4157747 4877755 3730001 8092029 6131505 4044334 8012337 6220896 5170458 334504 5869715 8228297 5657015 2726656 3319019 454562 1945279 5409731 6094066 1674389 6472178 3730061 4990884 5397264 6461788 6870089 1714243 6772831 4016971 1013159 5045739 8065307 3063470 7700310 4939677 7137988 1497608 4376546
NTTI 4057782 6206082 1915631 3585915 1087457 1707428 7332478 3987346 2669937 1758039 7490733 6344056 3908484 6689050 2514837 184861 8034118 5752982 976433 4419950 5381160 2974111 7963530 7908511 3358382 4868191 6082070 827110 2722586 7813468 414882 2217435 1540945 5723540 7208409 5770268 2209329 7762673 4349205 5549101 6284483 539150 539706 2549264 6442873 899043 6387553 2254374 5078236 3786818 5673873 6409333 1344215 3172659 886879 7413311 126911 3578361 5820145 5496487 5356581 6782225 80782 4473983 2490010 4050911 6568295 6418870 1115682 3354085 6645359 3008028 6162046 5714523 1781746 7533168 7252412 5594239 2140805 493482 8079064 4303126 673950 2930112 3834513 7624982 5806242 5381568 2120555 4966133 1516556 3366791 1164933 3702047 3848000 4521192 5435076 6410811 2370642 1247107 1469935 6759444 1308397 588334 1110149 6048001 4142005 7459315 1447742 2582741 8191083 7006014 7315122 3029228 4258483 3861 3765968 4578839 166309 5502736 2368856 7858504 3481781 295485 3333083 6770673 7592367 5472993 1818725 3662053 4002824 2865086 5204523 4229416 7956649 5916013 3671166 1668630 6312529 6705780 4526477 8299426 5087665 1790361 6595774 8369094 2670805 3875413 4689619 7867392 1042225 4563622 8083936 6368852 7336608 6416044 7341446 4537857 6020969 5579757 2908501 6389850 4065283 3399194 8259411 3907043 2146277 2959736 4451287 5662159 2449426 259007 7022656 5749973 1072408 1878936 4575983 5058355 2282655 2492400 7221205 2544860 650603 1343951 8266497 6573933 6375940 5644096 5088206 7477110 7130793 4922664 6537297 4035070 6273550 1999133 5899707 5567922 8260670 6820794 1461739 4810913 7438539 7916563 4132065 8162496 2332606 7534296 1510846 2395960 781855 3684308 3486112 7185585 888289 5809816 8253670 3284537 872138 7689463 4656194 4362611 1083109 464091 3064500 1655954 5513023 4784380 6857511 8018343 7396971 1446298 6640364 2697602 3239060 4070381 2734593 7293318 3241560 2570296 4066714 5238019 5466951 2615983 2549574 3115556 1056968 6344633 718768 2144437 1803618 3249104 6875413 3912617 5924268 4378977 5284364 5965132 6705584 5474609 2388097 2645285 2810790 653012 5714534 370855 2574269 3166407 6941490 2042156 7300004 1367645 205172 4684685 775114 4147841 4266010 3048788 2207803 8196115 6570802 7029579 6747979 6064403 7917778 3150576 3494338 2323297 7821267 2309073 571368 4260000 3541953 7069609 8143764 5593127 4911603 4920525 1237340 1515869 503719 5271464 4780601 4643091 112169 5706188 8075004 1911102 4688071 3362721 5124943 895962 6344502 1414040 1917720 3950985 6730820 6737176 8289281 1578374 3743650 1457070 4684324 469002 1435673 2418335 3529778 6757990 8038747 9021 3356979 2768557 6837083 5298551 8084029 7400202 2007979 6701262 2541630 8096619 5110943 5464910 7022880 6236775 4399906 833634 7074469 1247114 5075446 887608 6982662 6921876 5488762 1517370 6049107 2827233 2885183 3404934 7184124 2509189 815658 7976902 1791615 7971881 2624098 7086531 7355687 6597525 7099854 5914317 1005877 4239749 4959162 7085948 3360291 2918600 4688445 5698523 655892 5325679 2641092 7577736 6596375 3275350 7858725 5239702 1253295 6553347 7317284 2492242 7159848 6769228 5426112 6221223 5179090 6391467 7780047 994349 8269165 5155944 2191900 3149716 3847751 8084515 2315214 2378381 5859125 6654025 2643901 5316039 5092401 7252188 4763155 405692 2329545 6681130 8151387 7524157 5277699 4550251 8161960 5555652 1861066 1660910 5850256 3359690 6883897 6765180 3735474 6581213 7784874 4009044 1227987 4835408 182709 1043246 598852 4927204 5532208 559571 6201177 448648 4826693 5995926 1966912 5545285 40571 2434276 5203422 1272190 8289281 892487 122132 5064191 750638 1695359 2153634 492290 3982250 3440149 2333590 2688922 3119004 7840950 7962988 7150365 6900258 4791706 1691931 7245798 6312648 3936058 1795 3686438 7784302 341118 4963400 460109 5547558 35183 3217101 8222714 5078120 6278716 8185206 3733879 3258382 7661144 4580 7504034 2609059 1521337 2188164 5115184 3632151 138083 480957 2081647 6414813 1625084 5743044 5657204 423752 68371 2722192 3384569 5325542 3296501 5832234 1158544 5888944 894513
NTTI 4979401 2434966 6131244 8189402 2896651 224610 1579727 3674700 5710061 844474 4465978 7279086 1004409 3101595 5080263 8350043 6321227 600003 4009340 4164802 5965444 7999459 7251277 7559551 6917832 2855776 5596342 4547820 3785304 6302261 8215422 3764844 2265629 4425388 8188138 8027858 7030081 3973586 2383409 2269139 2426876 2417035 5211806 591798 1350199 3100652 4854980 8167427 7517785 1854400 3705422 157797 6488488 4882894 739624 3491205 5594112 6231949 6643002 2612713 3143011 1080761 329546 3235728 4183537 181676 5106535 7846648 5362018 4438027 639642 1436625 1676097 2882242 5343046 1940564 64709 499478 1680550 5537273 7737856 224546 1766957 7257721 3604499 470458 1469381 5678319 3439406 1571467 3279203 4374048 3349996 1148578 5173924 4325734 3439418 8364757 1399729 1305328 1313038 5166218 7436739 1142951 6940538 1280799 3478442 1735632 2553695 6109539 1715742 7450082 3017496 1491834 3799049 7968254 2241702 3642592 5838192 5924536 4525938 8150586 4883764 7436928 5419358 2544626 6995809 8221985 8194502 7678920 5935873 2674562 4813471 6070531 5783345 6643318 2509062 4204790 6234012 1833015 184363 7913279 6525808 4086400 8020279 5094848 5545182 3179488 5415660 6009221 7685329 6711079 594043 4367962 7366615 4292138 5185826 2700142 4817086 1025218 340245 3802507 2669298 1184031 6512698 3107112 4917553 1395811 6844762 4985025 493535 2028032 5113850 3510843 7585869 1196927 1078176 6728066 4137147 4331615 2636423 2973207 3080560 4141488 2813559 4152483 6778074 4666308 1436760 1652150 5604653 2480336 3827257 5761016 5821639 761265 2178966 5179761 1650885 6944599 5866907 8252904 7813690 5617104 3514942 6114293 4032075 5185157 7710883 6602752 2388569 5884488 1280664 1447333 5668105 4984659 1161089 2000644 5634852 6713649 6607416 1270839 6329448 6194246 1325107 4199665 6862515 5812464 5776001 2836104 2420339 7119721 7829763 5507782 1720249 2715475 1345415 5479868 2130362 3846264 6560179 3206228 4608222 6090 2034023 1870141 4809286 1405594 1677347 3753126 5809034 328331 4196941 6396269 1462715 3170192 5666478 4028120 4241732 2862809 6482692 3134428 2534348 5649081 2754871 2464583 6351189 155490 7184956 6205692 3594467 4279944 2077383 4599583 3242939 1583988 6497510 4560400 1862721 2595614 6637429 5949737 7338942 7858134 8336081 2937746 3060886 2599444 6186635 538261 6237900 8305018 6405517 3464282 4416985 2034609 7435076 5474451 6200810 4025355 7407528 1845282 2087259 4693499 5880140 1990625 8007083 3222647 5914882 5265721 5548294 4825770 7433282 1907376 5012717 2566768 3958259 7048852 4795582 4835868 6943874 8225880 1335948 4128632 1772700 2548463 1925744 3604461 5764394 1901563 20718 3173533 6642652 5711354 2199942 8162489 7995281 3645057 1410639 5839164 6434238 5081725 6730631 6938949 3537642 3168286 6349411 1894731 3151678 5154598 2072841 4461415 6154344 5862992 1366710 4774949 5573175 1306311 6523556 5320517 1824460 6853314 7112572 4008839 2131468 3233582 6611770 6853230 4787218 4230798 1798995 4650954 4653738 6788143 5943660 7854366 3442168 6324015 4986367 2609467 5455816 3637053 4014354 642405 2783285 2586506 3702618 6152342 3121625 117152 8000134 6871241 355418 4693688 4373584 1142861 3497659 5010230 4370994 263740 847625 7398154 7350564 2892700 2751205 4949238 1668728 878654 7933655 2140071 3419931 7933936 1490272 7711405 2040725 4719112 6338103 7503975 4245472 5816652 8081899 2814776 5288707 5613088 1983828 7130714 5202625 6901405 111542 6556848 4831339 5701003 7058203 7967536 706124 3810278 5527771 7419910 4644333 3597714 3327850 872318 298276 7921744 3205241 2065341 4208883 5775224 999180 2745935 7814218 7680871 5548109 3519075 3136357 155386 3879290 7277193 2139731 5180390 4796129 8290445 6807409 5702959 6086538 7318275 75544 3811358 6245507 1717322 5003897 5818898 2579551 6034644 769832 6875772 3420787 6604921 440172 4686744 5367541 7197770 532058 3136660 2331051 7738342 2357353 1612706 2157175 3686823 4649693 3088421 759971 233656 711648 3999177 465518 6726627 6609167 585662 4746486 5128491 5017156 2531959 8220080 6943229 1935296 6251649 488035 5022009 5368816 603986
PMUL 3863499 7072468 2481027 7894522 359842 215421 925751 2547518 7722651 2730320 6364265 2813554 733123 5902540 3302531 8057279 6504414 5924441 8335543 3735227 4903520 2357230 2749750 4569584 1277068 6611417 1589555 6865330 1470751 2009084 5316849 2083473 6596456 5282116 7931320 4084291 4582782 2232353 2775371 2615052 7868630 2392173 2452990 3982377 5015745 5797242 2452868 6712811 2893880 6161747 7322724 5186293 7033033 1811596 3444957 3366610 6914843 3453229 4428201 1171811 6419432 403387 3276004 7079736 8293876 4330374 1197143 5799476 6073562 1585062 5537032 2052739 1137741 7881347 3155844 5283631 7600584 6267174 5565004 1636133 6824981 5898581 216730 2174854 6465232 8055642 3775307 5319816 6406604 1717394 6288214 5855278 3036581 5841440 1888509 5042412 7820443 2616125 4585297 773472 5730455 8241254 777710 7640063 4158707 8143915 152235 6191462 3856013 8270904 713083 2565079 4562950 245118 5536 3124008 7030919 6380717 3347459 4414528 6736749 7860389 2525058 1523388 1956498 2153652 5764018 393463 2140341 2525187 2821086 4154010 2634153 3344810 545051 5917859 5717814 5564802 4114321 1727104 5206041 2096222 2408238 7703858 4327077 6187441 5423769 2141570 7889809 6280922 5760881 6012220 6871146 3428474 1752273 4886760 7720974 4782567 4022245 6674691 5969771 3350821 2836788 1183756 7923985 18329 989357 7221074 6780966 1956634 7724663 1834099 1363183 569002 573067 6125918 2504497 1776199 7493310 2847861 2389646 3250246 8374204 3411990 7870212 4756873 1788586 6420364 8058050 4838710 4269014 2430034 3787227 856532 2535650 7295573 1867263 4424154 5662555 4064072 5454280 612173 277049 4858714 680968 6807441 3344711 6396590 3511564 450903 2442755 4212408 1547342 5157632 146138 2124497 2481822 5556286 854254 4896284 4756090 3458673 7614633 7707198 6253980 520347 3539697 7432983 5789192 3379161 68401 6228876 7953183 170044 4591835 5958842 1082767 3908207 5394435 5727636 1687952 2204410 213036 5011792 809620 6686603 7184140 4786631 3467939 5292028 819120 1229703 7521293 7044053 1475497 8258694 3448514 3189267 6293053 4327616 7542627 2858173 5483794 3111523 6277928 3702982 6179550 79836 6176608 1416219 6304027 5196149 6098129 861102 6937336 7334354 6134823 6872111 1945177 5934962 7880305 5634494 6423445 3894697 7343113 3970098 343989 7518755 7710832 7101335 7437513 388863 7930630 3912466 5254195 2299974 7176308 363658 4129882 3073821 2602883 1234270 3783124 3825914 2716870 2694175 5478028 7082975 5635827 3957658 3498038 5924056 5670494 4761185 5491218 2643391 6148496 7688630 40003 6270410 7626924 2395847 6388469 112890 2872420 7139196 6901077 2074699 5517385 3390440 3859922 359883 3980128 3583669 4370883 7056703 4868597 6049245 5898419 1938092 6783168 972919 2729525 2417312 6071699 7228569 419575 6222739 5712673 6150546 1455831 5882985 4177201 5165743 125849 2591468 6126842 4905551 3700282 8067823 6270149 77390 7848108 312953 7355017 4582682 5769748 3789863 2779801 212376 2511420 7738290 397266 2981326 6828888 2837696 4523243 4778298 5202426 748758 622031 2053586 2874377 2684677 5870599 1113691 5263703 6287088 6003234 4680222 4673921 7667420 1896108 3895936 3640525 6459966 2411609 3557061 7125918 7373298 374049 7215110 6150162 6092326 1956314 2034604 7033027 87043 2131995 8009888 4716906 7632068 8137793 6229568 5549819 3023604 641947 4144232 7591754 1945939 7020855 3957382 2651050 5879186 7987626 791881 7263439 3228454 4366370 6835855 2268166 770316 3370068 1626433 8112060 2008775 8357806 5237049 1636684 7318736 4211132 1274789 3065259 1207423 6007126 3450090 8365911 4644960 3641868 6336905 7620205 5998572 2909564 6913969 7451974 1933188 6863845 460080 3048108 2646382 8021413 6285227 1612251 4662003 1754731 2430840 6702526 3881537 1632770 5101690 2195918 7117666 7865894 6235629 6677699 7682813 4919142 6036763 7339399 5272018 1894295 6326652 5328980 1364273 2918923 1152085 5703202 3946869 1422771 77573 247331 2694678 7500343 7209570 6826746 7162836 5139728 7157667 4179778 1572360 127240 2930569 4051420 555057 3898472 375673 6144837 2521164 5606241 5778533 7004388 8024408 4108045 6735223 5967566 5706539 3351483 4964053 7679286 2328515 1279496 2723924 872986 5317555 5392150 3237621 634018 4004266 4520244 3261939 4116330 2765038 5701464 4425012 4785855 2235705 767882 2673277 7257824 7348437 1773033 2553028 5963337 2423756 2757896 7763960 154702 8161244 2779700 7827798 7582956 2984558 993229 4783484 3577215 8261806 6450585 4342365 8114413 3265614 6393218 6718282 5058917 1622718 2207210 4384953 6615711 4346763 7074285 3833437 4409825 5397986 2175699 7475827 5200244 4293057 6273331 1174933 3629820 2122159 2308491 3929925 2385592 615269 7292846 771174 5419303 3642860 6089449 966272 3254518 8038968 6942444 5080107 8244437 7961284 5294376 7122150 4480626 7473466 2435707 611446 2356162 4216780 6711930 5469832 2723066 4060928 2723671 381884 525152 5638338 2407258 6930970 6268402 4302104 5294325 3890265 903422 727418 4075153 8292166 3163573 60110 6818452 7072583 1869751 8172881 1231939 7287065 692206 2403874 512800 3121869 2328710 1305773 4820561 3013022 6303136 1084791 7205789 6851757 6466705 1977196 3618004 2070230 2618094 1311554 3576417 7337063 5750225 7847101 5615611 3226532 3972073 3530534 3324214 4808032 6966210 855430 5383686 2160902 2713481 2770738 1552631 662011 1159741 5309350 7449029 6812687 3395478 1574654 4000164 4421809 7338540 972898 697706 4650985 1854242 8172599 301521 1857891 1847999 4371786 1951436 7080052 550751 3611195 7020733 692411 6974595 4580310 1033793 5865835 7145886 4920070 125500 585347 5094098 3187508 4422729 7845313 7352813 7533524 4736395 3352533 4398494 5495871 3482645 6579747 6553592 4195310 6690342 3421250 4888147 7314658 7984940 3315205 2744431 2810963 5913726 1137263 2610158 5066808 6844201 3761393 5492216 4647726 6786365 1632963 2900380 1380369 7548921 4243521 7970987 6440884 7969638 6695536 5773118 5330638 7342041 6218338 5782358 1767081 1654747 2753729 7900279 3675332 4841257 4577990 799305 714338 6286513 911301 3193023 2677854 2575918 7560598 8053251 4774573 4471833 2141689 3049779 3936481 5354230 949411 4272967 2055458
PMUL 3415998 7424376 7795818 575101 4234489 6121000 859400 3964061 5619834 8201353 5448913 6129934 5722574 5194544 2315237 6938304 5946685 4707915 5519922 6400541 2373288 2476998 4032051 4744177 1687393 7564268 6732021 3292791 2598681 6705085 2234871 2217614 7344155 1188636 3280694 2736845 1816933 2298404 7186108 3753561 7002349 4026383 3929419 5512392 5370481 7508626 187164 4265153 4425083 1872862 3783582 8297812 5372961 8174123 2430765 4999591 8209928 3215687 6650533 3569564 1025562 1236081 1546736 1034791 2007351 826488 4243548 3094550 6778713 4760985 3364205 209592 2015794 4651132 2877575 3595650 4169191 980393 6886139 2872984 2672310 4076186 3245697 50758 5745341 4970970 6670799 6713560 5747184 2395611 6738800 4114091 3205051 306060 2216143 4647594 1431550 6405999 4318174 6230205 483586 7648424 6724007 3071420 2037246 6059748 897469 6521496 237426 2364185 788637 3298558 2813834 6166924 6044818 6547350 5045975 7297459 4912372 4386781 626296 8011536 1269511 5703993 7727650 4989537 41210 7022478 7644522 2007366 5397238 2014825 2970065 6920369 315953 3671701 2934465 1978775 6234784 4185772 573515 1001143 2021773 1857180 1983323 3251981 1558543 1036196 5018370 4785452 1002698 1146475 4305065 3063690 7014941 2621236 7158878 7519682 7646160 31167 7379329 5094484 6320493 208220 4097866 2784508 8361053 4989368 3307614 4526486 3761908 4237200 5035379 7727871 6131545 7923561 6422736 4309126 3617664 710863 838059 5783167 3412339 2036642 7149490 888983 6191382 4917460 4630584 284744 7812796 2197380 3704243 6128806 3507082 7919211 1239185 6381301 4728910 3637819 8310984 6010909 1586440 6603618 2749187 1784755 5390958 6042051 1889364 2560835 1313592 2345142 3858628 7351682 2421802 7791296 4363548 430335 2307257 2517964 5263026 2823187 1280391 6892432 2249903 7069098 4056298 4959670 3938870 5260769 6958326 2792437 6184871 7710671 7655943 4217974 2959050 8152981 4292347 1207711 6164354 3517531 316772 6679025 5717704 5088628 1974368 679108 1094265 2405792 564332 6417223 4655003 727866 178735 1386693 703410 3004672 4447971 6490662 7437627 3811022 5837147 6142002 397590 376290 2551304 6041453 2694138 8281498 8371033 6625846 8282751 6952776 5383931 2918553 5012336 3162886 7177367 5251437 1982730 379122 2977908 6974255 2391050 4791089 7192241 5746499 317130 1410099 1390835 2663023 4300972 6718821 5487212 5909236 5088424 1801384 8214570 4909067 679627 4956704 7248072 1227856 4256575 3762584 1896827 4360466 896402 4898242 8263971 3356896 4035237 6878628 7955314 1264566 4412434 6621310 3086271 3941447 5408136 3440818 3710622 154756 6917829 1052481 3728688 7720937 5698446 1109738 2503304 4196873 3326046 3722260 1497516 6893650 8141941 6274296 1313739 5032966 4944561 3254068 3020818 6552163 5190716 5080102 7591455 1009318 7384791 2259836 2216316 7370285 1020373 6077877 4884164 3866975 6468308 2643385 156662 3518459 277377 3561868 425141 1262321 2646476 8352838 4366568 2607327 3111421 4736972 4436778 7709677 6342225 1273986 7537970 3558424 3470283 7445577 5890567 1525326 6677129 6710102 2941038 5496768 5135973 8362497 801808 2823445 5168911 1908631 6056005 727820 4927136 1153513 5297528 3837124 7347623 5649501 7684106 4245745 3704598 94727 3628793 7412664 541204 6879092 1394209 5671384 789308 4843048 4525645 8162242 3082349 101254 3995695 1936059 6301519 6636738 755256 4132692 4985645 6877062 39374 2449289 1235113 3975035 3058799 6340641 1307475 811785 1426674 16139 3900265 6354408 1220848 4411163 5680889 6126100 7530516 2245805 5490720 58874 3144567 2728040 8255293 479016 6828137 2034060 2473456 2970232 4047087 7491845 1045120 1774207 7796814 7857937 3073233 1381087 1235570 4366230 2461537 4577645 7368019 7459070 7345620 2384264 5220373 1785845 7731846 2379891 5744588 6233004 3449786 3502978 4461375 7084377 7671376 8263634 5224791 5162521 4474180 4649300 3899860 6177479 3422909 6007260 5514868 5708898 1156988 1126947 1340234 4628778 7193425 3518935 4104751 7692770 2557839 4519694 6140870 5276459 6769029 2786369 327000 140498 7577938 301566 2876885 3884623 979102 803259 1572935 6322605 7779790 1826298 7638069 2375368 3403804 6490211 5939447 5137110 6201673 5079064 1560952 3686861 5681993 269493 3773364 8120475 1079019 276925 3293150 6104921 6151687 5913218 2324079 4970389 3198632 3481503 6800394 6136400 6634594 3194020 6608596 6847161 2088354 2526442 7814929 6810074 3631400 3600290 1113390 2549602 6479771 724847 5324971 429121 1879319 4505683 913880 6673198 2759040 3888293 1769142 7104207 858991 4859420 8155886 5817876 5606120 1695208 4328014 7335356 8082408 5151077 2333243 1734337 8099034 6259531 1086959 1601129 6752914 5056688 82648 4936999 2362649 1939095 6827275 3087972 4872520 3289237 797526 3336876 2574430 1177531 4484473 1882261 6804215 7073661 4412883 6171570 128369 4724845 5386085 7154013 4821112 5867916 7041221 6768234 231496 3564416 8151615 6592282 3747885 4023137 3478384 7241595 4236967 3243296 3649087 2661189 778617 6469153 6202621 817241 864273 5722791 4247536 5561061 6944441 7574461 4772016 6118989 7780821 7124285 2874210 2593650 6813358 4837403 6824792 1893819 7934268 4340727 5732450 7834071 3068134 2744668 5902749 6074107 5795350 7240910 3615894 8020666 3150343 8006902 4063777 1427526 4850600 125963 1003477 1085716 7072760 516889 890926 1146644 5198122 1216744 5763845 4612877 2389701 849886 7012229 4364450 4733520 5408286 2100069 683913 765802 1795516 2543291 3430877 287580 7617030 5031610 8150922 6999942 2146596 8112011 7015105 2650445 6487501 5371743 6496222 2763368 3681087 5318540 8175533 5520550 3489846 591210 5217344 3408443 3067496 2110057 8083285 5946340 373113 8278090 1724664 1404324 2162738 6491804 1365550 2761452 5595596 779672 6657512 501934 6361763 3674450 2108403 7033707 8371913 4953343 4424987 7938259 6876356 5570538 1511716 6540966 7527211 4527052 5808669 6844534 2425732 7770806 6687372 2633863 6283915 3637062 5768644 3374521 4757648 403827 6923956 7369342 7039625 1408681 2258614 3726069 7574018 612049 7886838 4595795 5023758 5330160 3496125 5723535 2544776 7792086 4970184 7288439 2944257 1196488 3736795 6264986 2179847 5989378 8342844
PMUL 5871663 7522520 1231974 4088578 3627299 5663164 3363875 5795457 6622795 8053331 5593481 3397728 4984251 1925616 8284942 4732026 3173738 5070355 1770464 5555211 5799207 5979905 1217754 4665279 4116694 2168747 3058749 821642 5839394 3331405 4341582 1387202 6547511 3618165 1343321 4741603 6105116 506681 2398751 3434137 5933076 1589509 629980 4839269 7850366 3127508 3715623 2856062 1382423 7178557 1933927 7049114 6724835 3639417 2040825 6104426 583558 7499699 3049080 4523328 6749204 7840467 7641025 6428476 2938204 1553089 451449 6015371 617001 5936621 3395693 7053816 4603445 4516178 4740598 7106602 4868813 1628154 5846366 2149946 3398392 7445716 8249543 3012345 3082224 5796525 3796860 3165502 6401184 1000220 797582 4980534 1798967 3083982 1537088 8308221 3975907 2803733 444834 7553210 7061337 3106590 8041375 399170 458234 4911076 4821217 6292460 2549182 156511 4951332 5751368 5083108 3064571 797029 6333553 1301630 7718147 2441867 2730082 7884222 275618 6585526 3340609 3120876 8354340 7206297 7663883 7192513 6669333 260297 1817173 6669649 4587410 4174259 7652803 3235987 7469617 4905019 6430972 6555237 2162107 6408076 3848629 8299146 6375447 1626301 2080031 1419913 2118841 5294514 7431028 8277970 349598 8138107 8266948 8184303 755431 2645785 4478327 7220510 1845148 5315655 4708467 5112972 5504786 7980021 112015 796522 4643021 3519338 6619387 1882425 146243 1730120 1384270 6252042 4611211 1786114 6383216 4382411 8112883 2036563 1161181 6055915 1690900 3859218 5326848 4885217 513478 4501077 797895 5945298 5154759 4932440 199827 6466225 3541540 2507227 5025664 1633796 263004 6111507 482091 3501980 7115730 4841759 4936679 708518 5359721 7072659 8352270 1951715 4788862 2529000 6646483 1241320 2475848 2635478 7973470 7760618 1026108 6166006 4412338 3056629 301185 8193051 3867987 7053824 1024127 563233 4105072 2473653 1753463 1032103 7973507 6031668 4025511 3528897 2529650 4356420 3798425 7220070 7910491 3410773 1758805 856404 1965761 4386801 7572814 7936062 3819476 4134374 2757787 2523335 6906880 5606114 8311790 7349591 5506025 5088297 5983734 2674162 47334 6905123 7506919 4734392 530891 580888 5789807 3215254 2778888 7861384 43441 7432465 4500976 4422578 2256345 5355042 589014 2629067 3801253 7453077 3313572 7635501 6214917 3963878 3957008 873553 5683605 6293128 1591822 4302647 289108 4978500 5060342 1489064 1172393 7346006 5564940 4079209 7284114 8220354 307665 7764026 1551490 6958196 3486214 7774470 2033268 3718511 3355731 7643626 2848048 7539611 5588196 3751829 4608210 1590888 1878318 669826 6835772 2315528 480028 1485410 6407384 5113445 6171089 7117404 3312933 3680806 6555052 2528411 952920 5051192 252093 6496790 7301160 3978965 2071558 2643372 6260073 397902 5899382 2433108 5835808 7674108 3813000 4161739 1273431 6312345 2044754 1537658 3850901 5133244 8010494 2192543 4851286 1599356 271296 7140542 7817519 3536480 747749 1016458 1731476 583702 492835 5271127 8094208 5577680 4822305 1514871 3668574 994945 8240430 5661884 3865095 4877114 2943529 1104823 2772897 2148698 2782039 6883540 3864863 6105074 5111796 7711279 3412454 3082713 4862645 7755349 2560941 2270517 5280277 7908144 4073563 6571708 2101930 5285711 2460093 5504305 2927677 98003 4573568 8197902 8337642 6390701 6180431 6379217 583384 6635345 5412575 6524048 6005181 3978072 4387250 210368 461931 2601651 7153477 7302999 5578611 787490 243466 4879048 6398381 1471125 5084291 1048170 1415234 6886228 6237452 2952443 674706 4725119 3530859 2198018 7861102 7261170 7448298 6367609 1589031 4324808 2743924 1612046 7159436 8268764 2978247 8000397 3614543 4879446 770063 5848049 1549478 2884643 4713075 3003206 2665361 1182282 30146 8086334 4360864 6649858 3625000 1559812 4441425 2715413 4351881 7479679 790734 6257762 5014918 6800247 1389288 8133283 4712211 3883292 480851 3304763 1253570 5099462 2620445 3962089 3735326 2809135 4648221 2711870 3611622 6489815 7040324 3261464 8113873 4416293 2275566 5647774 7717336 6653926 8140698 5022939 2582899 6990245 8012427 2101178 4492932 2795624 7885653 1610808 6669165 4207908 7827214 476654 1564051 6151943 4589895 6213643 3428783 4736499 4063836 2803780 162422 2947675 6981123 4718147 3937826 2377894 5417197 5396616 1379444 3129591 7010147 3013399 6569657 6306875 1140367 1218088 174662 3847766 5496549 637722 3878237 7615914 6229024 1710970 3938634 2263727 1073122 5684485 8014433 7903238 6923029 899781 5372082 4344805 5806180 2936317 3591041 1643846 3819691 1857839 4031305 5706833 1588438 3916109 6004921 2366137 3275504 7554053 4534210 7266662 3975423 7113427 8131768 6140649 440683 1633234 1939497 6011100 763113 5816210 253871 3894268 6809128 8039236 8127238 4964639 4160751 3115385 5078405 2738075 327302 5059304 4283858 1853151 2834489 1200339 6398550 2508916 3422310 7424387 4053245 7532856 411923 4879857 192625 3895193 4163337 4671314 2733989 38562 5342657 1112275 2752586 73009 5050645 3416012 2529412 3778899 1543411 5751676 1324125 3547190 6060661 7756568 124896 1509668 6985239 7853773 5083292 994681 4519468 6476226 4263423 4200778 1529570 7740183 3791335 3090160 1681216 7883983 4171844 7323382 162548 970540 4638627 5271281 7696282 7946073 7457734 3191071 6646931 4214981 154409 2844433 551708 7308433 978455 3751461 1474376 7449345 7458314 5602397 507092 6604063 6982503 2199156 3364349 2218721 1957569 4762483 8059918 5964962 7469223 1258946 1102791 7670608 7083631 1536279 1579210 2694039 4402455 4575866 2954261 3875921 5239061 1707325 5771982 1544112 2107137 8160986 6534491 7640881 6698679 3006 8157798 2223968 987388 4139990 7986235 3140560 3082171 4466179 5039838 535063 2916518 4745343 4395501 6420752 3688922 8293 3659064 5856481 6656170 6158680 4490792 3203804 1580138 2982880 5417583 2429324 200412 5823069 1537049 7651779 6095112 6926564 3605458 4023913 3255428 20573 6962464 1603212 1419755 7169023 4431276 2614074 872842 3860523 3083741 608230 2637218 5100498 4080433 6057912 4396332 3906735 49186 4972694 7107742 4538257 6014523 4631889 8117225 1514960 2702441 5037786 7397346 4992468 7433403 3003027 5091577 3264887 377328 5098168 6546916 7999928 7243220
PMUL 555749 922432 7780973 3320001 7091219 1470735 5639962 3674178 1723273 5269649 7616827 2528145 4757454 5076848 1459537 3327419 3879725 7347527 2268825 2003280 6891901 2632708 4618556 5236160 5019927 328477 4596406 4201670 2905562 8031297 8030198 2241037 632853 5711524 3673309 4076498 6515166 5563344 8147000 7163193 2640281 381638 4107890 7416007 2702527 5352630 5876520 5752350 6541175 6189115 5918069 7638598 5824566 2230698 2264229 4652678 3211175 8326421 7164489 2787980 3931940 3303887 2396856 6463318 218630 7209851 5298579 4348967 556748 4099561 462578 3057770 2881071 3906759 2689606 1652759 6477982 4778294 1644240 2401961 3419714 2729552 992199 8044252 4280620 4353573 275811 1677233 5104653 4370558 6107539 5653809 758833 2681056 1828441 6901336 4891973 4671066 6790878 5757113 7743570 6484395 628286 7021346 482962 3058337 4001585 5359057 5720461 5400919 3927707 2051554 4041275 2972 8185841 3567047 5618648 1180285 905590 3304188 8056821 7162118 6533770 5680732 6057338 4706760 1135071 2223869 5986873 7243033 5366768 6594302 8038941 1050027 5428470 281605 841513 6846922 4515987 1987260 2426336 6601810 293691 265202 4739027 1204471 3740362 6986772 3960267 8066267 2497084 5598276 6478601 3002346 4170702 2910178 29581 293523 683452 6615635 6514441 4364884 4450906 8028499 3563857 5738573 6195831 3883343 1626453 4558816 2320453 4757162 7948521 6251795 4905906 2702883 1263186 8004936 8240523 7732498 6209059 8237941 7300176 4384854 866662 3182267 237055 4305011 8100174 4293298 1296044 7609960 6577776 2684804 3793725 7472910 2663601 5902405 5504934 7932640 1416020 1080505 4959668 1040983 6225055 6707581 2723302 2996952 6620270 4285723 6442014 8239224 7835998 4012295 517257 738221 1616286 7734534 7139754 3187300 7712883 7394088 2392309 1947719 6821603 3711730 4672989 5592798 5863527 8016522 3158522 1315872 4613799 2650468 1136723 2978761 1333977 7434463 5804386 2923157 107008 1079617 7742238 4293721 7975336 139619 1515536 3959774 6187590 6457427 7592361 7397514 3404657 7055115 7530873 3674798 6688609 1015399 6298151 7688943 2860343 3835570 625826 5236185 1172038 5162256 2121301 6207114 6059664 4897007 1915965 6243588 3958132 6933114 3006067 2604648 1883731 6021419 1134512 5816515 938423 2645831 8276992 992510 6825956 4905058 460447 7186818 4445076 7267618 8308692 4523017 239463 3831333 6084656 1430084 1773469 8134632 1176319 6028491 2764110 4949614 7505932 380529 6086496 3183764 1661823 8359933 408760 1541649 6735890 5428727 3436214 7842685 3749670 7157550 4882981 103058 4707821 5500 1149767 4264857 200242 2006271 2605524 6063461 8279672 6432700 2667060 5484172 1472414 172002 5746838 8198077 6632578 4407731 8209789 5112692 2102490 4116010 3688842 6252291 6631870 3250697 6272566 409296 6585618 3209160 3769289 6595041 4946032 6593639 3606164 4679626 1856747 7949005 6427720 6833019 3756741 85347 5831227 2463059 6701933 2497186 5441148 7507866 3114274 546391 7398942 8164979 1829501 312870 3404250 6050506 4545517 5190347 4570982 4162267 6487023 622419 655035 4755648 1285991 3994752 6706140 4487195 5639598 2060993 2095629 4563410 4318325 7066191 8018044 2133280 4417194 4581803 7170487 7390839 3285523 6802840 2557541 6388415 5874649 3036473 600516 4579271 3463030 6505315 7514866 6843777 5511470 2051874 6918733 2396144 7979883 6703246 635301 696994 1511608 4379718 301867 7752726 5090932 985763 6078334 5336243 5671143 6337518 7888163 4455014 3746693 6901754 2481761 5997801 3893635 6491664 4099385 340964 2556522 5958162 5168632 5263269 4699274 5084841 7723298 652871 3871648 7038738 5406200 4819381 1068553 7470737 197302 584459 169104 6672110 1428043 8341019 2521084 2934909 1396234 5333946 4711194 6835241 6767116 1041934 3325469 105752 6650731 5281931 1453939 1674821 8024225 7201563 1810218 2172031 8216745 7710180 4109526 3451605 2229886 1538062 1892470 7150598 3979612 526306 4964146 25129 210162 5089889 6112002 4976935 4888806 6560541 780347 4500667 720661 7434326 2700440 4474299 3919177 7015079 1191574 2672160 1763337 4675129 6929389 5909729 907852 5134412 33542 3226851 2795624 7472819 1338133 207955 4869720 2227846 3227329 8264557 4643951 4280669 5215239 3401052 3940871 5612212 4542244 6479278 5741015 179412 981328 6924316 256714 2559093 4436838 8278558 1416694 373981 7050931 1381907 4893833 3932533 2726458 2658915 2946642 5694881 6769016 4819893 3799317 5372542 5497087 961605 2983810 4407425 2395549 7823336 354376 5175391 3425393 7770152 3000719 3268151 6360825 2272443 4991285 2860997 6337962 4119068 7533543 6257354 4953017 1439663 4336536 5085266 5682078 186676 5311812 6311195 2406307 781726 3099670 1351843 1601081 7174426 1527570 7353135 7292179 2260698 8254554 4853822 1569285 2790931 7627424 5053507 1506500 4655794 439180 8222940 5280408 2605964 351938 7949394 5423975 4054 1767828 7614528 7723775 5210358 5762746 6891642 256521 4308835 6439131 7947903 5450426 6116841 7097959 1405770 7818523 5669941 7650921 563432 2709199 152798 4406859 2086271 3727186 6227075 6400467 2652991 14563 646622 5872392 1166925 8306433 4933644 1214104 5541965 2550990 2085327 1516289 813163 5032009 408947 5763786 3046978 7975374 3987103 4005106 3120037 713358 1698654 2209118 6161802 3236344 2535941 6220193 564930 3803414 8002001 1955242 4893604 6246728 2301513 4562499 1591246 5189015 2699676 5375492 4380519 7465006 6149220 1200782 6376580 4989451 7403922 5032674 7500892 3125944 628720 843694 4116833 3381251 5880263 4224629 6418384 4698279 5791937 24642 7055806 5580375 967067 3855861 1362825 5954605 936956 998128 8229770 697662 4798205 3441747 510101 4856463 1672803 4958555 1292614 3766326 6359482 254310 1418053 3960791 7960988 3798322 4002142 7397711 6626573 3512952 6490109 2973670 262815 6613952 2450353 5278344 3313331 30398 5287228 1216498 3390980 4665912 7062322 3198512 1448374 2044262 772232 3419133 2451670 8003168 3655505 177118 5634173 1943225 3568038 2555552 7789198 1732202 3683912 5677713 890938 5539630 2658154 6856809 2315056 73637 435503 1206005 4197234 3352975 744298 6429508 7216253 3102752 1420737 744899 5265034 8269502 1035031 3874526 1330539
PMUL 300707 7285626 8244250 5925022 6478999 6747777 1670349 3648473 859075 5535645 3760726 2812561 733940 6754076 736445 866831 571419 3516926 6007094 2134020 6849861 491312 5760641 4715927 2832596 4302400 4523125 2950858 3577913 288035 1705331 5715886 3473576 4713381 7386813 2302016 86204 2759520 1041935 6653087 3342392 219823 5692258 3592118 2017491 35196 2150600 1714219 4179696 462080 1686024 996275 5773912 2110930 7723878 3701199 5173040 8220317 6152976 2424433 1036009 5454395 4083232 613951 6800634 332649 7426786 1922914 7257223 2867199 4625965 8123925 570051 8057305 6774300 4055510 6962553 5919805 7053486 2467479 4030606 1692118 2748725 8003658 4251599 7151386 5183542 2783999 4331347 331487 6948011 7199186 4900646 6109658 6465956 2179985 4050185 1708724 4264298 6527271 6871984 1434585 6152869 3169544 2301047 5037873 7865763 5550012 603156 585474 6026009 4351385 7476429 1067290 50931 2688294 6983208 640829 4093797 3591336 6525169 4092038 2080188 4152498 5891097 360943 4149643 309268 5454672 220593 7024160 2509785 7552222 5249701 5670479 4711692 3119629 216317 901647 1899298 7475117 739301 3596258 7278102 2872834 6526972 7527254 4892718 2646589 4786126 3777720 3194789 5150689 3355900 754171 6438664 6382495 3006708 6736158 3723544 7345520 4673172 3942552 6528070 6051134 3771194 7648059 3727589 1601448 6801158 2817423 2763134 5869239 7024774 5286623 2562570 3038019 1247455 7631026 2214234 1372082 2169673 4710820 4563922 2790529 8150688 2507443 242832 5264827 5679793 8232046 5513743 7896847 3491830 4824051 2937167 7977116 8260744 6254351 5354939 4866559 6918946 6009423 6272542 3724104 8271445 4576548 3447363 1039679 3685436 5934918 8201547 7407864 1129121 5918327 7192270 5686845 7682560 857465 4725485 4115230 5554185 5913309 5728382 3094919 7517196 4436328 4161221 7872581 1202723 5935033 8319184 3793265 947630 1233834 437076 827412 4034377 2803700 3614660 1248627 7125133 679732 4030305 2255946 1287468 5089025 4406084 1229823 6455599 7039305 1716631 951513 2766929 6517364 6005898 1212913 1143982 4009770 2293705 2589409 7910212 2006144 6224948 766297 1027644 4078362 3008095 763579 1377486 5285149 5265113 7543719 5490274 4466950 1407653 6326248 7046842 1653240 6999784 5564496 3107700 341169 355986 2072541 1952859 2190989 5139752 7418440 6701351 3081572 1303474 6401618 48000 7408145 4642402 7747993 2074335 4701243 6419415 3053827 5908407 4149926 5751377 6533369 1155322 4881967 1166107 6497491 4980801 1125017 1833380 6034238 7874136 4710022 823702 6907922 2018461 3139899 7676460 3088914 453874 2825116 7024049 1882726 3016284 244727 4611333 5261538 3762810 1227568 1402893 8100329 1107920 358320 6114185 3183105 4386119 6876573 1531963 1188637 4843753 3013546 4409537 527388 2061708 7421520 2839565 1781464 2969091 6372439 867239 2883557 8142481 1675869 5538900 6725591 3550198 7956435 5235687 2522393 1192392 1497917 1848185 1277957 498251 2780428 7872995 5166216 6943623 79732 3119743 4499117 3157488 2473389 5628754 7352198 4519441 1324097 2908318 1759389 571264 8159114 5017002 2152765 8280085 5186896 4667569 4305731 4649227 7576982 7317744 7501802 1253415 5256206 2199710 1431506 3842482 4536156 6355454 416118 5496480 948094 3982457 7654892 2953898 5163658 2933178 6727351 746749 7800025 4797415 4333029 2035726 450459 7185994 2396869 3234576 7349636 6956063 7439615 712664 1513605 6824248 989107 5948348 3322223 4475300 7718814 7448362 71846 1866279 4015559 1585399 5663422 3815004 2597874 104728 4424662 8082407 4459850 3987516 572695 2130062 8337567 6501314 1154504 6324289 4039914 7818691 3718254 6246442 5232282 930946 1111951 6164208 1301990 3960804 2552656 8049841 273910 1658515 3969928 4643118 3751689 7836534 6939326 480012 2441037 768475 6019375 1190616 2148195 8197609 1039384 2824259 4617931 2447205 3792867 3607102 6399569 6182165 5701568 943858 8228063 1518810 7351322 7850125 1946374 3353195 3260991 8022280 4382404 4584527 5494766 3089453 5389780 3874284 8011928 792421 4111683 4591310 7466159 7068810 3989522 3514300 2856838 4658149 3272186 1626412 3837797 907994 4305084 5142218 4014947 7469112 1305107 1785520 7362120 8102204 2230952 2058930 1176785 6520246 1187330 1196059 7324459 8054359 5989701 322773 8247522 1857799 1317335 1172968 2659713 5778548 172224 7643379 3944348 7335006 2289866 1127865 7913483 3918820 6713684 7162707 5614592 8108336 6643665 4679641 892608 1903906 2804114 8201422 7756316 4894868 6729248 2672039 1587032 2841163 2181832 3068780 2243298 7379104 166905 1350773 2925296 6501611 5119904 2580713 4302232 7628230 7063378 4581307 1590281 2782882 1017974 4622027 4596961 1109533 7030367 2514569 2966690 6752779 4684836 4640053 3463756 5126919 7195821 303122 1562537 992592 567653 5873293 3707774 5043056 1771091 1423882 2966690 3730246 555389 3431359 3099948 1272229 6176240 6019995 1146455 3700968 5746737 1755295 2919768 1512757 6730233 2496648 3475396 1808303 5932481 6544284 558148 458005 5557050 1059132 8116223 5437270 3596678 4258048 6303874 2239297 2137073 1411379 7679286 1918673 6892014 1428963 8024944 7558504 950401 7458382 8088604 5021469 2053089 1832343 130087 6259136 6093219 3495219 1050472 4547769 7591365 434745 1933818 6665867 7014978 5591324 195737 3771590 4369916 7752525 1082534 5027920 4237775 2569594 4636433 6299913 6758418 5311578 3629123 5522637 4166405 4067780 2684272 4479809 2291480 2348297 6286062 7127966 3304142 7040018 4031203 4937587 6571461 6680310 3688824 3320659 8109693 1865491 1022327 3736281 1734316 4572696 340895 7005893 2355850 3087827 7604140 4234390 5423938 7334655 838073 1986511 2537059 2536704 3803979 1931612 4358823 3562170 2717593 3574187 5102921 8329013 5298377 2810885 5881593 339395 1137988 7323968 4230767 5145052 2105357 4131307 375434 289684 1461401 2682895 712161 5054094 8331500 4401305 4705198 1464793 1385350 127256 5856990 3413662 7481744 8135267 6728201 1918683 2684660 7961188 3501694 7530023 8048939 46006 7784826 5451926 7630770 644436 5547819 4712323 1315736 1051680 653085 1479470 2174948 2888469 3503285 7234458 1786698 8095425 2273909 6118915 6126709 6332194 3542239 4364999 6850276 6635153
PMUL 5502434 684905 5371849 1983429 830449 5901870 3684921 5462996 143584 8190704 1133495 6091775 2066238 7009530 91308 8035957 320970 4693149 1468175 8255346 7974447 1699788 1653924 1645274 4467657 2350322 1991917 5362965 4884763 183014 7735026 5285558 1702703 5090000 2146570 6890975 3114625 1677200 5024982 2987154 7435191 2862383 925362 7108766 5307169 6048595 6744548 812928 310045 5958559 3812021 2185537 5753910 8031828 2748233 5383250 4319888 152074 1567699 2561953 2432882 6083120 7627921 1821471 3073257 3757596 7453498 3492905 7332390 1161403 4246114 6508432 3920017 6577832 54504 3195731 2894666 6418673 5161526 4668322 2276489 4384047 6324187 4357735 4430798 6078283 6647891 2273738 37131 6330524 623099 7577581 6023567 5171626 239196 1441969 1335410 5181015 3257653 5844398 7730835 687503 2221149 3676467 7410717 2319599 2815895 7627258 8286077 393768 7677473 3841531 2092334 3988381 1803651 7321608 6907526 1536234 3351792 5873982 1775531 731670 2533963 641204 3224196 6053727 7333722 8155794 6946203 7594574 4605895 286904 7948976 7837742 2915610 938826 4940201 5810144 654628 4280790 6258095 942570 917800 2802010 269350 1463152 7688937 735409 6737748 5860994 7241664 3112238 3924642 6874735 1051360 2734491 7914786 2635068 583326 289951 5178592 8029859 4541562 2873917 7189019 8242810 3692579 6253819 5589902 3667069 58426 3250917 3537079 6726021 7475021 3911985 6705998 7009179 6034117 8089547 5754459 8266494 7685858 4538380 626085 816413 6758155 149965 3156819 5819946 1379705 1178719 1422203 4995192 4291689 6542439 193833 6541167 4954774 5602850 1646023 5763034 6259560 7011748 1692089 7544948 438893 5808843 1749890 6528725 821233 4840635 2145745 6249875 1335743 2677294 7234792 5884017 1885442 2467334 1231147 1609867 4888855 4678037 7921413 6562598 7673744 2976040 2905187 6401666 2184175 368667 5265160 1345500 711555 691873 6559255 2282779 5836231 4622742 6177810 3106051 2176710 7815425 1336618 8223454 2249947 8153693 6181192 3140958 2796552 1022435 6167914 1322788 5987335 1313081 3534063 7628070 5446864 4298949 4185739 3514753 1075217 6304782 4071197 1997279 3872328 8093746 7758568 6169291 4541007 3412994 4554167 1735189 2748457 6350992 939527 1287641 2831016 88662 5827786 68593 3831134 294545 2763640 819680 2300344 7345115 400886 2153741 7617879 7080457 2246346 3112713 3279351 1154928 759553 1132183 1462588 7675833 6269884 5711416 1214601 2182279 4088889 4859594 5174403 3175957 6756361 7910017 6187020 8244537 1722313 3766412 4893733 5368869 6223512 1720736 1280207 2025471 1578680 7380499 4393556 7182214 3142639 4476395 4669132 803269 7505040 4221102 222072 8302390 5903558 3239610 2422871 3414220 2926289 229553 5763896 6848001 5836108 1909285 2724975 7798280 3418913 4849663 554760 625338 3939956 5992423 5831565 6987075 801054 3632653 425272 3878351 4955350 6710450 1642615 8326387 4711854 1526125 3616021 793677 1665080 614488 4699609 6568506 7685245 3737782 6803787 5587829 5209690 7069728 5620661 5530560 5359160 1811658 5474292 6695017 4394530 5740085 494715 3737196 7311380 415754 7886443 3395772 2918020 8172656 8268211 3214755 2718175 5175664 4010474 131409 1998461 3234634 8089695 2230684 2653003 3751539 5249968 5541181 639958 4530628 3705773 3258876 5706004 1622557 4815895 7436236 7078202 3448045 4610281 854397 7735635 2192160 4860781 4392333 6063450 583792 6963102 1613329 7480230 647825 93640 7510382 266689 3793070 3350626 5706030 7936909 6103419 3908100 4354478 1890253 4486454 368535 6284090 2051969 1482444 871634 6305770 6181643 903175 2653817 640835 7715597 5517143 6953467 7517708 1126397 7308327 4619137 7335754 5563679 3937721 6970262 7220112 6621829 3332620 8111680 2131586 2968701 2632861 6299253 5535343 3679356 8260315 6302835 2532974 4124981 1620638 1070464 3518563 2417672 11264 5256495 785069 4937847 1987972 7770826 4198920 4274769 3893482 4607933 6030818 919535 3392829 2613417 5890371 1726477 1345905 8277811 4292077 6998293 2404586 6622326 2854723 3591301 8022776 2252571 7962725 7324221 7238646 7940509 7020485 3548846 7618403 3594600 734597 2538416 2767881 472238 1053726 6350734 7232348 7360878 2318838 6298919 1035501 3365283 3231129 2411581 8229208 1799773 6153641 235292 2381293 1039228 212907 7479533 6951252 5487462 4259658 6771789 5600241 5829281 2752922 2749540 6436824 2800178 927134 6586880 5961370 1371848 6980559 4670262 3437375 2560118 8163618 5708854 2527037 5670739 2247698 2974708 5046217 4822694 5260094 3000548 2613823 3869200 5743344 2474227 5575485 6357765 2483692 727921 470387 7577521 4531965 99148 5567359 2557060 5411708 1411904 6843017 7039638 4463334 5684109 1037772 2293322 3680720 3527494 548324 3075970 4991105 8123689 3885482 148745 6881634 3344219 6953971 8093916 3055736 513593 5820314 3352713 4460064 307835 804589 5003224 3501400 3888567 5089441 185957 3950729 4939270 5932222 2482694 7470650 4746056 5844590 6007479 2620837 7587108 6059606 2349999 6336969 7677354 4779546 5024071 751334 2670222 5166324 6899772 4286919 5941588 6707161 2011266 7799256 6769945 5900615 3783169 1332697 5976478 6297523 4165590 4790037 4229718 3960877 3428030 5521291 3991695 1615024 8145831 3445203 6098823 1494147 3371617 3732102 5910114 2743759 2959359 118974 2887232 6758372 2509921 7059698 87793 7455367 7907699 5209884 5288311 4766121 6105 4178261 604300 3311093 56129 3252942 3197193 7124812 4805529 5585896 4614111 938010 6478475 3195321 2337840 3993520 65090 6052361 7637998 1454520 387189 6908550 3040235 6151011 5329892 3136045 4436401 2070496 2446790 2993014 5977955 7731257 1515606 1444856 109670 557071 1751839 3095068 6363079 8297037 3057073 7363794 3102754 4151217 2809664 1885662 1729373 2390605 4344231 6549625 2327401 4478628 1860143 1370164 165210 8326985 4013795 4212364 6911586 3467853 3449680 3591788 2313520 1553656 481770 3358027 5877882 6634174 3349788 495274 1769337 5324078 6064838 1051472 6911914 2608466 5292009 7737644 6715912 4659528 4456377 1400898 7256679 8364139 7494906 5297959 3265129 3315218 4425910 3001441 2033272 7786460 2989703 6085652 3413176 6147665 4044258 6185351 1643530 3387762 3218725 1629836
PMUL 8076842 1946003 7485626 6683509 2762002 3662570 1187508 960272 960993 1260923 4037762 7031486 4564811 7190733 463609 3395353 465523 245397 5513479 2468078 2360225 1809391 4311029 6747624 4710197 1603114 1353431 7118224 6676830 7520817 4144193 8252150 4693682 6691709 3361911 6527892 5296958 6292710 752538 391917 8091822 275491 2298644 6568136 270522 2503273 6492212 6381271 4821886 6852361 2452043 2438967 2123695 7410693 5140897 1569076 1682720 1505081 7882455 4176392 730108 19344 6490923 7886084 2239249 7952977 6437518 3377262 4842554 6037593 783922 6910201 2447921 2411531 8272445 414766 1025609 5635511 7997020 4548756 6371173 1367453 6018641 3956433 1596618 5895736 5625178 4975791 7132693 4652581 4698497 7028291 6767136 5617743 1196735 317355 3890812 6676364 3786013 2861767 948838 6501622 5228072 6770177 7429817 1635372 3020784 6546377 4112902 6544325 5250210 3514549 7139672 2947293 4898051 629102 3691689 7023561 2172293 5769951 981155 359453 6106810 3232794 1730173 7921320 7630001 6498133 4247105 6893206 3478760 3827393 210698 7819574 5465188 7585767 7783683 2231303 5805830 4696448 4012953 2749924 4775412 3023488 489252 6131203 7482640 97605 4584693 5301000 7462629 1317994 1173443 3998835 1433811 4193675 6036675 8065271 2538221 1656609 2782921 8155992 2907994 3146643 6729501 1832162 1821052 38122 857187 5442563 410412 2245414 6961334 6425089 5177463 1997163 2347092 5092508 1539639 1773015 1189251 517792 5351384 6977660 4791019 2439460 3567399 755807 2753017 5701142 1046179 4073646 439947 4931738 6167654 2620630 6475082 7785086 7576724 57290 8097214 1164366 2327494 5764418 7256327 7687867 1522265 693325 2219364 6823349 4745705 5830654 3710986 5601766 7041128 6899629 7096157 398796 4713635 1413831 6394643 3004199 7583847 2753415 1417317 5394906 1283928 5992417 3421879 5191687 3088417 2934200 5636540 5531126 4904824 8345781 575908 5528962 1183532 1647151 3651364 3179254 5281421 5770222 3545587 97156 6893495 1743215 7319237 2974413 5753685 475631 7417711 5698105 5556606 3480561 1104073 6863016 2231569 3952590 514134 6869221 1040561 2943356 5777896 5929050 1641421 3631271 2007775 2833520 427769 2649213 960964 6709537 3656419 1371411 6402705 8357464 8018393 2891849 2932826 4824230 4927963 7941495 2484665 3175661 6908200 2236740 6943187 4572120 6031103 7174768 3750363 1860751 7738808 2491064 8089262 934093 784947 7688935 6532006 1907045 5875137 471834 1580083 973780 600739 6363845 1882004 2633059 2798132 3281588 1853057 7485231 4701862 2235755 5201937 7886785 1118147 7979642 1188030 6039130 4685547 243122 3569962 3633328 1803403 709357 5881045 6115830 1785354 7008043 4936643 1568278 3524220 3317824 884780 7046482 1749543 7853629 7147784 418945 7432051 5926328 508370 651140 7228106 1452408 6616741 604829 8116214 8052368 7543709 584927 3627839 7739943 7126547 7923841 6627806 6293702 4410514 4441983 4849575 4267552 1227985 433176 5181218 1833201 596704 1920282 4370478 6452078 2380897 5172680 5983886 1638468 1994158 2574792 7064969 6909608 3958207 6605916 5596873 123168 6735605 7573809 5193806 3510258 8369101 4427345 7570012 7028956 6215169 1195104 7458912 2044980 3413941 1707940 8267011 5728277 1487353 1132537 331777 7078545 2301579 6524400 358343 3698345 7990063 105745 4175823 2237925 4866430 386518 3018926 8276446 8355551 1611737 6398717 5404304 2536402 5730218 3061797 7850754 852065 5130848 3482538 6228501 7887284 2976733 4618884 4399669 7664231 5618490 1605922 3889536 2837754 7073301 457618 3637958 5628596 7318126 5940845 887099 2343851 223537 708144 3362301 7560318 508062 6068547 8272897 5934466 6116480 2088544 2775098 968492 1729116 6893821 3083389 4075329 4483095 6562041 5325575 3296654 4004221 1361430 119833 5095637 5186087 6771156 5203029 7532001 994870 3745291 6210126 4479803 1820810 3948091 616798 6629642 374011 968496 6150893 6257444 5381303 5963855 1811721 6713150 3968712 6108290 3285645 4070311 2147853 4831336 5544295 1526304 4455980 1028590 3020500 2240774 1446126 7950699 3191731 8042272 99083 7868715 3314746 8275684 2259467 2933419 3840429 3579700 235690 37845 4802717 4209063 665903 5197227 8270785 1328637 4896410 2357875 5491886 3312714 1364580 3619943 1066872 1323653 7682264 6533425 991420 1756541 7493582 5638859 4722860 3281360 8292230 8375256 4301891 5087896 7589111 1098453 5984357 7102334 6592251 2108894 7709416 1036223 4249733 4929343 3863689 5100409 7764455 1372029 352635 4279242 5175348 3557255 7218451 3705365 5558535 1215909 6648965 548806 5065645 7657241 6416784 1525637 4208495 4350273 4685384 5518002 1232635 155632 4527291 3609273 8162828 7342587 4619531 1880801 6871206 119610 3452172 2272155 2340375 7728586 6730696 24234 4792232 6925593 6673648 5265093 7757377 5345729 4720461 8285849 6511722 1096441 5769473 7512773 6681013 5064520 7259934 3793944 8007646 5831214 5483415 4071530 571578 5072139 4702345 6445831 5305589 6184048 5925021 6542274 6993151 3897502 4978921 2718065 4102168 1782288 1603613 6824644 5128211 1642900 3894376 8074968 7087327 2038658 2438810 5340817 5743692 3366483 7704509 7106566 4102919 1299436 4280467 4386087 601707 107994 7017048 2319895 2375104 6708639 5894644 5653921 3506423 7674974 2580653 3129541 76299 7186258 1383442 1424790 7831361 7261171 321240 5058048 633074 5140931 5323350 1133854 8083948 6195628 4637940 4151919 8346440 878161 6504634 6599893 8007822 3464958 4117984 6303075 6154881 7760403 2755109 1582227 2971748 4211689 1662979 3467692 5496726 3674756 621316 3126164 7462303 1599240 1206231 7739491 4082282 2968229 4485480 6959497 6249130 752493 8198109 962437 4873050 952917 4436451 200509 4420344 6037172 4118417 3693217 1304595 4030333 2398379 7902960 4830384 1956374 3418005 5220076 2789093 3137693 4498661 3141434 3831064 5849988 3633052 2158725 6948668 6258819 1288451 6678640 907461 6825157 4823984 6321039 5327754 4289241 6320373 6402116 7673318 4249604 3877210 5721239 5682117 1181277 6913452 8047809 5122655 3092882 6963294 2440486 221873 7366192 1525889 2106210 4211718 499312 5328859 4148022 5334968 3609825 5668010 2526875 1324723 7175548 2194976 1928825 934446 2610230 5468421
PMUL 824681 6826434 2618838 2725156 5130813 5227527 6559342 8171126 5452490 4090227 4974851 1243097 8238463 2779748 1860357 891750 1416402 3193194 8250449 2711848 1290172 1097498 6010191 8168051 3193864 7038239 5180173 6280714 7079070 2690958 2566151 1176387 3755248 4159642 2271766 786145 6039042 3121938 453166 5856599 2684642 4580835 8020292 1048300 5226634 7797469 375889 1097526 7495906 8112912 7199337 3247741 6732469 7548957 7667654 358328 6305055 8126010 3821615 2187840 1004257 3954678 1950725 3911979 5100774 1583784 1485220 2590359 4407567 2358146 7369818 4622357 1044964 1542963 2227779 620207 6746943 1498600 2006013 6351366 2911574 1935174 7892806 3876053 2523092 6126440 4750475 3654304 6341669 1176761 8022098 6735935 321113 2664073 3091890 1229130 6364635 4488225 736265 5198137 1870218 5331236 155835 5929589 1736544 5906074 5019345 2794911 5395505 6381695 5256638 7663122 520796 5810313 1952492 6610418 1641129 6776622 7652378 7128366 1144207 6219368 2448310 5721326 104755 6069833 6347252 3165049 5519940 5480608 6268895 2525639 621656 2462409 5283269 706350 3558075 3377432 7457895 1239346 6416343 4031254 5141693 4474191 7198432 6008634 8084326 7814253 5394363 6321470 4890807 3185733 5855680 5386786 5885718 6444903 8074834 6982859 6202543 1869702 7200880 7765340 3645312 7395601 4677059 7509769 7184402 4871246 6382808 164750 2913328 768175 905711 53950 6887953 4748247 5956648 2267753 3114484 3293501 1623264 5688151 411141 5641695 3522536 3431293 1081215 429337 4908060 7382918 52556 5219051 4391837 5572050 7412907 3755105 4739507 1187948 1596256 5154876 3451213 569735 6277027 1430969 2880101 5627156 8203178 4746781 3295380 1471790 1450801 2399429 7468577 3335646 4801957 4566065 7516337 6780829 7856338 2393533 859576 8097504 8238233 977384 1206534 23098 4190250 2405233 5299854 6216707 1620002 2439039 5900187 6766578 3783852 4426 4284928 6003227 301519 4964360 4787783 3639561 8195543 368262 3875009 5410379 6079153 6006793 8264272 7987525 4552167 7498712 120487 6197002 6436641 2493217 356100 5726038 7880004 4678589 8211689 2783769 6946199 825980 16952 6825009 6283108 7940943 2280758 3635630 7172246 7866721 1390682 2164352 5443309 1509684 8254312 7820371 6819957 8198699 3999883 3880982 1187138 5238232 2228387 8059651 5093272 2498873 121622 3109399 3669467 965105 5029190 3974703 630764 203420 4514892 7752838 6986734 1672975 2923418 6667655 2071049 2155594 501941 5401314 2518650 7095369 3509685 4504395 7666591 6432116 4909896 5448796 111862 954685 8157729 3685749 8228073 3432002 7430533 6869727 206387 2940521 4890522 7747804 5428180 768218 3422959 124893 4759519 7107401 6566492 7125884 2015900 5571198 1214523 7452566 3953199 3921721 6545724 1365289 4977359 7394305 6393442 387506 8232665 7208902 8277809 8198518 537919 4086616 3736095 1158969 1648938 7929293 2980952 7949250 5917244 1458031 3259311 3087265 4707434 89548 5836000 759723 4852349 7053039 4151923 6244776 5528702 3887531 1621572 2109561 5340218 7049088 7843105 2807967 7499155 5739753 5549666 5016174 7601125 1212560 52384 7735120 4801686 7603209 3160512 6531033 1257215 5289326 118775 8131958 5652284 4867218 7507660 6946332 6560251 5325837 4573111 1812755 3818717 1475893 7375206 5355180 5122951 7275622 3481725 290186 3102326 5562988 2814021 430290 1626264 5481944 1007488 4153316 8150930 8033222 5597470 820305 3377134 6739585 6238678 4677815 3455272 4856136 3441762 2199209 6500356 6039345 522364 2253202 1407611 2554296 1868367 5867804 4263645 7710576 303685 3805901 5398056 8030938 5211134 6316499 4903590 1945246 3162735 1339212 1406816 5537605 3227428 3628020 5245297 2402039 3978802 5437170 167335 4617589 2147721 7755756 7511562 4993670 3112286 6601549 4119703 1100679 1935896 382408 6891387 3084910 7223468 5642876 7617018 6159981 2421920 904027 764779 2648060 4434527 608244 819067 5757566 5787504 2951909 3544519 2997602 7678111 7956617 151905 6924054 3568472 3321783 7418603 1417721 5102423 906579 1912580 2238639 3262637 1280438 4905451 5070742 331702 8148266 7328214 7564604 4580709 978765 725929 3462254 3351882 4524557 729563 3430207 2750772 8115606 2713606 5025974 3557864 27122 8256350 5455425 6217792 7495755 3777599 676402 7092462 3880929 5889200 657957 6757497 4915693 6115553 4925981 4805788 282094 4557034 1238348 5410460 643829 7217653 6272420 6146045 2886700 482304 2499920 3684326 1795395 8118921 3966805 6207628 2575747 4989738 8122404 1725538 8258787 3015158 930603 5120728 828361 7425774 499032 8293871 5670203 7873238 4840882 1333093 2703802 2136335 8208699 3501970 346154 4887953 4616829 505938 1595604 95768 5170095 6300024 4118303 4234876 7431615 5255475 7443130 3994762 4847447 6485622 6955824 4206459 3056302 7866526 6467849 5625057 1362248 3160659 7851006 2039520 8003050 5954879 3534343 7990777 7769754 4548279 4018073 5705167 8348627 539293 2224405 7344715 3055324 7674039 3547389 4730922 4310472 8222633 8293521 3528231 409739 7606053 2762463 123531 1372008 5227431 1630713 2259803 3551117 2005091 7350497 2484213 8003212 5699092 5970733 3131023 7033053 1230541 6048018 1800243 854721 5028803 6310711 7165983 1946403 7871823 682803 4112354 2511618 2718218 4499135 6926350 7858202 8374433 6157159 4134535 3721100 3078618 1999043 2470221 120808 6778571 3543901 5397605 7480191 2952928 8046004 429136 266105 2326252 1108042 6503902 1221839 5344591 7440783 2469092 544335 8073958 3543885 373698 2956514 5821748 3148521 7479344 2621535 2414322 4669478 7993522 2136972 571397 1955619 4184178 1581954 908810 1411417 2388366 5045969 7374221 6949061 2692162 8292362 1490628 4961910 6946427 3590725 4543383 7589485 2607851 1958985 6131455 676274 7510424 177851 8201129 3323260 4435892 7005016 4672706 7349215 5984687 8167391 4049643 5357080 3228990 1087647 4889616 4721277 8088578 3148470 286686 5990981 1416107 254248 368004 8225166 6577560 6348498 2921373 4057339 5202374 2860298 567338 5501901 6808933 5673374 4639295 1234281 5923252 2195588 7614721 6473681 2488042 6153474 3875478 1560806 8354759 3433949 2317668 7303462 4065168 5693240 4277112 3026723 1636588 124683 3220987 7038680 6161343 238085
PMUL 5908596 3223064 5043706 5168983 6798158 1291652 5429411 3272467 4612763 8345697 6201473 8320752 7715738 5675553 6987807 3712184 5195782 3474895 5986240 6737912 4373843 6104052 7822115 2266317 1956504 4146430 4887463 5933350 7564046 1782144 7397078 6878581 2647965 2784923 5029523 7441252 1999334 3425948 3696996 6612240 4839961 4698669 7084051 7980169 621381 35342 2041651 5223140 3209823 1135613 5249922 1196153 3855825 2796592 3186843 6108438 794531 4163169 1184352 5496501 388666 4350941 1302539 1538242 4828831 2116635 6786536 4642528 4140709 6259619 2087397 3914281 8130502 545409 3565267 5599948 7405920 2481359 4238982 8324933 7410518 184375 2640664 4785095 1880178 2950474 413619 1743970 12826 6844508 2786486 4691729 2590312 7555739 7159856 7666786 2683254 5224843 3875671 7686995 234154 2169471 5291758 6744541 1967104 6673114 3172531 6953835 6187567 558978 2960690 3061280 1923737 3952282 5928986 5929850 2871513 4044693 5449636 2819833 6974584 3342108 2034189 2819471 7852998 2195706 6194738 1387869 6823478 8032993 3780354 115587 6916375 1283711 4791854 181085 5020006 8092234 5999056 4114585 6575451 1851212 1642792 979947 2777740 7668859 3868650 6270014 5734015 7290736 6497554 8151666 4160013 7917407 1875311 4865271 3364847 6332253 6676289 1698693 6420156 5502466 6250832 7296764 5608316 4998714 920012 2281124 5786997 4980584 4032010 4092905 2952633 5021490 6797385 5087388 5685774 4402564 5466197 1939002 2139376 4496497 1166019 8308419 2230076 3451825 2337222 3745713 11710 2646072 6710303 4285086 3732784 8031026 3848305 3989085 6102901 5423652 8278091 489291 1081959 4786128 1266470 5422923 4995902 6822251 3707037 5569783 2917596 3530780 3612875 3134409 990488 7956883 5339406 5448052 4060682 6022127 7770423 5884724 1735827 448236 7325855 6970125 6245294 7286322 215960 1449472 7361740 5146540 1982602 6989301 8274925 3613577 4003797 6243618 1190031 1342533 5617301 7603742 3880950 2204217 7073010 4159863 6519105 4178048 2219546 7273947 2129872 7920750 7221637 6364689 1527998 6650395 4585156 4232657 1705664 1073965 6866300 4448571 614341 7839456 3214660 7713908 6406917 3060408 2110132 7809280 4728814 2636541 5969057 2275035 4844094 6556155 7095946 223092 6735411 7399636 6032265 1430438 7041459 5319944 2695445 5334207 4812407 5653997 3161558 5416069 1872029 7550580 725454 4902893 503996 6008151 7185351 2442310 6457651 6647695 7250568 4405554 4996786 4913933 6538254 6848792 5107403 2493503 5815202 8037609 960157 7559987 7595573 7774629 1075958 5327703 3706793 7629446 7617248 418781 6723266 1377294 5373569 396988 3421602 4618964 6717869 6512754 1225498 5228063 342552 6799731 462923 4172356 5267575 289505 832886 4335973 2676738 7684062 3572933 8280417 72832 6251596 1134004 6394675 7395738 5023276 7655478 4027370 3891508 3082093 4091456 7525326 4797603 6958873 6796812 133958 8255964 5245678 1762236 948434 91461 2337253 1704782 3988843 855688 7454209 773833 3098475 5121133 6148906 1725439 5454769 3930062 3738689 4930922 4459617 5705251 6288090 3171957 7406055 4867199 6911633 2745508 2528997 840581 1618156 1327451 6507970 5472380 1183851 5586380 3499659 2835659 6007626 1857830 2641857 3202460 1916692 7733759 6067940 4719026 3697734 5391944 6160012 4541004 1072864 1625394 1321131 327049 5466829 3826237 807646 2220424 197382 192599 7294492 5860412 3122454 4580829 1426694 1478488 2020718 3735239 2968892 2347765 533781 3098624 7468970 5497946 5272207 8195016 2985399 1684216 7177189 3245681 6485748 6030879 8049564 5363528 2942845 2777800 6480027 6422293 2790384 879157 5183051 197234 2761966 5465862 8368805 3166505 4696024 1777571 2170473 6195612 6224740 3706966 5773635 2907186 5797092 3867757 4157501 6322528 7286930 5021416 768267 1946304 6429412 6570839 1800976 3679724 7592807 2906888 665352 5314051 7671770 340734 7774312 6378676 447096 7650843 3661421 204379 172043 6073568 3244937 2062061 5985989 3156053 43481 7557023 3514121 3512288 5278668 3978640 5315784 5009534 6241648 5483861 3016175 3143661 1257998 1732083 7165524 4795620 4290212 1750193 1298715 8279840 86478 5547360 625136 7393387 2120541 6783965 1977754 5379417 7169203 5029255 2674349 417121 681131 4010068 2728581 5565640 4955134 4100945 6510712 8110396 5810370 732665 2726771 285494 4029769 4439854 1199685 6487246 1340304 531445 5030246 6667563 1280543 3600297 5181781 7231082 3225484 5847888 3979985 2304476 190989 3292049 6811457 171059 864110 2930858 3940836 3031147 1963499 1655069 5167106 5140239 813701 6120318 4541249 6857229 2592171 1028587 2458099 6334086 1252590 6765386 3357881 7258672 3594505 6908955 7418122 7168369 4509853 4469417 7714233 3680864 1817965 2824907 1429148 2328442 2342806 667836 139458 7096474 7351618 1197005 565806 7354847 4750203 7139520 1380878 6540239 7954607 2507562 5733932 3350005 5340781 3636570 4082721 4108579 6054693 6880784 2782776 6696492 357051 5369594 5592545 1236440 935390 3247351 7954972 6083430 3180331 2977007 1407974 5117131 7974583 621882 4983580 6934179 2459794 1813244 6939669 8301949 6778055 1719591 1563970 3485369 2404249 6716616 6557216 5022891 554606 3471227 5071548 4943455 2360071 4385815 1707778 6130010 5404804 5503834 1627740 1833080 1660999 138172 2721720 915108 4252076 6604858 7314501 7682961 3558540 7454061 7653526 7494965 3999369 1420701 701687 8232170 4673581 6518900 7791798 5824941 6363534 628334 5426220 3710596 4491655 3895401 4259516 5033945 7535989 918876 1460150 7142396 7567881 8267623 3374958 3378166 4705962 1024575 4396269 8070411 3805659 4959138 848448 225558 7682211 5911226 6895102 2454773 3118427 7501203 7939911 3431798 2051495 6736818 6568319 1168917 6956483 4591195 5196562 2416669 6142999 6507792 3644043 2873391 274670 6585219 5261211 5116310 1133727 2806887 1757331 737390 913229 2721188 6022294 4960359 5794639 7974817 2419539 7797083 5271745 3562231 1682594 3324049 6159424 1511911 7796454 1648517 3867362 1286857 4421044 4302502 552073 494088 3026295 2127820 5410852 6930082 3152650 322344 3959127 2662440 1949523 3734939 2122405 3963123 3320658 2442377 477235 1312299 6242543 2363260 5367804 3141203 291635 3077232 6940544 3990397 3055256
PMUL 3115088 505254 6307363 6300959 4294884 2702812 6358674 2029197 414889 4336183 1395650 6838636 195700 6311263 3048779 713547 4822221 3075021 6544212 2869491 2709714 2474877 7389825 216676 6553407 203755 5099131 1270207 3460558 1789237 7395265 6750765 3221462 3769157 2805523 6528262 4907065 6305863 2013940 3562928 7649027 4481917 6781266 3679162 58059 4538939 5930566 883069 5701472 348075 4992518 4575443 7492636 4611585 5585563 1093465 783807 394508 7194047 723093 7431053 1824476 483806 400999 3371755 8219037 2053773 3921429 6568216 6258827 8036717 7695277 5658320 7965545 2012444 8186207 6113926 6886453 5423872 4274788 3378577 2304228 6744089 5827498 5670168 6952164 3814036 2886103 6276163 299159 6893894 6034691 5649690 3721976 7196360 2471986 8193423 113585 7515967 1771424 3539250 875969 80240 4995865 4765945 806835 2947854 7132620 170212 1877132 2072791 1122712 8290966 1924676 384282 7438234 1882610 5946176 6205188 3050092 6161829 4685069 2715531 7472926 2613663 434159 4487747 2812579 1441059 4859794 2604463 4973325 4420042 4659149 2324370 4794629 2723835 3075022 1662124 5034551 3053539 4065657 4118779 6952207 4689481 5500240 2750772 4470205 6129224 6444514 4004043 8282138 5103243 1977814 3161100 5970239 1204944 5926995 3270814 299438 797139 724688 6013879 2898270 1667911 3815706 6207595 457070 7341739 4945693 6295853 7481073 15453 5450768 5509060 3071096 3453032 2493492 7791790 7603426 5694864 1171352 383345 7572969 4231763 3743910 3389833 2332739 6540152 6812412 4341503 4496924 973 6773783 5850154 6278187 5312050 1799689 7608596 4745612 4675687 1081767 1095017 4853956 4038526 5973863 3721662 4141682 6773305 6344482 3213034 4827282 6922537 5505211 4911230 4326986 4186234 4730213 2389187 3316126 3335237 3679907 4571112 5095313 7189540 1108101 8142316 971146 2440052 1606733 4433642 2654070 3361810 154782 5852154 2418127 7385229 4805191 7795588 4080798 7063726 2486949 4805290 3686259 6819067 6653367 6126221 72325 5878036 2229601 3585397 504547 3815637 4410322 8330000 3099432 3219477 5441758 697597 7623454 1287394 175497 3008936 4384154 7705677 2236112 4084199 7556289 588333 6230525 33798 5942375 7700544 539316 3625830 1324605 2085714 7767197 2481789 7232100 8140844 5972005 5558754 5564935 6073030 1674508 1635108 6585020 7204421 3809449 8052175 8333486 3519320 2297600 7153700 1280224 7361014 642212 5496689 2555001 7696333 5044383 5334998 6126016 3311696 7289833 4077417 4543324 5368978 2423210 5407374 88253 3518379 2830761 317674 5260975 1049641 2150873 1073109 5342391 1502743 1956862 587091 5389891 5226204 5144930 5821592 2395155 4013953 5930052 681907 3022404 72124 6290028 6320957 4266360 7454764 2648768 1928496 3639819 3897539 6756043 2065000 2652288 2774957 1826871 3911225 4096742 411586 3480018 3782503 1307914 6369061 6042212 1152788 5930737 5891580 7031250 882837 7733532 5172198 5278437 4111992 1487720 892554 2705678 6078826 5703406 2229457 6428881 1445078 5653268 3771799 2553126 6258610 4611137 2191941 3105868 2102348 5737767 4111576 185303 959861 5866418 3315669 2706442 7687411 7342050 6193047 7346988 1870792 5578721 1762979 6985397 909801 7775984 3258554 2838579 3879676 7292942 7771704 1076555 3235855 2047851 2774987 2107004 3892725 7236790 3745779 2516745 7209649 5363782 6266318 3498831 7165538 8302694 399703 6849896 7091699 1142245 3709363 4885072 6639351 6556277 2397839 8100102 8173604 1329099 7900608 7216189 502167 1178950 1365563 622444 224336 8060150 1140832 6941177 6964235 6616216 4756289 1589028 6306279 5281820 4768625 5585139 3572087 7758715 4071699 2485411 6232700 697472 201519 3056897 1040388 2776432 2292168 5621191 526914 568096 2220825 1957959 1963308 2556533 4356006 326791 1437613 6270538 4952017 2627390 6640899 1485853 7853621 4353755 7302527 7418320 1024048 4451268 8314586 7235092 4797036 7136554 3441445 1365150 4260837 3828345 4123582 8151328 7353997 8260938 7109784 2175962 8301332 1521808 1905168 3059623 7270202 7663366 106436 1215793 4580570 7725652 5824913 29105 7914350 4550059 3226388 2074324 1511669 769930 5069960 6668466 8053067 1377955 2117010 4817539 275207 149561 6664800 4102167 8023010 5703342 1509550 5314116 7276095 6890219 5293788 7665884 1419785 832246 42273 5016269 4124769 854529 3777163 1745120 2683967 1110202 593616 7520264 7707512 7303600 6614588 6045470 611475 5942382 5018668 357141 6742915 195549 7836669 372478 1337 148130 390356 1125797 1489016 5520591 2702688 6768380 3757425 5195987 8224940 6510487 5227590 5501912 7906835 7757474 5566742 1503798 3004232 2736518 4233741 2388310 3394875 226586 3379711 3517514 98888 1038664 3052840 7742657 3299185 3943804 1567290 1149803 5033301 7027554 7812139 377498 7858298 1934758 2734259 6833390 4318917 1120582 5865449 4962300 6949577 2271602 8230859 5729655 4700020 2887720 2713416 1093698 6329736 4257770 6506739 8205850 5018765 7232125 1592052 4992627 4056093 3477086 387381 2241661 31457 6120971 4723721 4703157 3223410 5671879 6656144 6041544 5271707 3160596 7262177 4730301 4240468 3415305 1261547 7338209 7087079 5348144 2093753 5873135 8374395 6113415 3656658 6828853 8101755 1565118 1416569 7399886 1061392 1529183 437644 357914 3639417 5856489 8289863 4339175 6297970 7080145 420384 5093926 6283472 1990991 4816287 1662449 2141355 3651898 3781042 5268911 3785917 1053434 4617397 4576183 5485972 6644943 5143662 3855810 5557367 946395 5176074 7271495 2089974 317950 7288813 2240251 4924267 7215349 3245433 1204374 4504250 6653812 6589910 8244087 2898711 304205 2124163 4401967 3117737 5587357 781503 8093771 4708758 554402 4564699 1182589 3055616 6475109 3034912 7652321 2994335 2208701 8096903 6788070 903120 1045756 5032811 1506323 2567977 4939045 2478637 4729089 208282 6159878 5845419 5668869 425060 765799 5083520 1053704 8244803 5669342 1014580 7166933 3791007 6518395 3213153 925574 2383922 3728309 4112175 6361402 2544560 6454275 761865 3320423 755115 6843327 4215153 4956184 5710841 662635 4159154 6496115 6991252 7154059 6994008 5191626 6378285 7667808 1577405 1395073 3724361 1298358 7601579 746816 4258164 6985821 4047842 3028225 1282429 3138996
