Copyright 1986-2022 Xilinx, Inc. All Rights Reserved. Copyright 2022-2026 Advanced Micro Devices, Inc. All Rights Reserved.
----------------------------------------------------------------------------------------------------------------------------------------------------------------------------------------------------
| Tool Version      : Vivado v.2025.2.1 (lin64) Build 6403652 Thu Mar 19 13:47:00 MDT 2026
| Date              : Sun Aug  9 05:54:25 2026
| Host              : adrian running 64-bit Ubuntu 24.04.4 LTS
| Command           : report_timing_summary -max_paths 10 -report_unconstrained -file route_report_timing_summary_0.rpt -pb route_report_timing_summary_0.pb -rpx route_report_timing_summary_0.rpx
| Design            : ecc_soc_bd_wrapper
| Device            : xcve2302-sfva784
| Speed File        : -1LP  PRODUCTION 2.04 2025-08-19
| Design State      : Routed
| Temperature Grade : E
----------------------------------------------------------------------------------------------------------------------------------------------------------------------------------------------------

Timing Summary Report

------------------------------------------------------------------------------------------------
| Timer Settings
| --------------
------------------------------------------------------------------------------------------------

  Enable Multi Corner Analysis               :  Yes
  Enable Pessimism Removal                   :  Yes
  Pessimism Removal Resolution               :  Nearest Common Node
  Enable Input Delay Default Clock           :  No
  Enable Preset / Clear Arcs                 :  No
  Disable Flight Delays                      :  No
  Ignore I/O Paths                           :  No
  Timing Early Launch at Borrowing Latches   :  No
  Borrow Time for Max Delay Exceptions       :  Yes
  Merge Timing Exceptions                    :  Yes
  Inter-SLR Compensation                     :  Conservative

  Corner  Analyze    Analyze    
  Name    Max Paths  Min Paths  
  ------  ---------  ---------  
  Slow    Yes        Yes        
  Fast    Yes        Yes        


------------------------------------------------------------------------------------------------
| Report Methodology
| ------------------
------------------------------------------------------------------------------------------------

Rule      Severity  Description                                 Violations  
--------  --------  ------------------------------------------  ----------  
AVAL-344  Warning   Design_needs_USER_RAM_AVERAGE_ACTIVITY_set  1           

Note: This report is based on the most recent report_methodology run and may not be up-to-date. Run report_methodology on the current design for the latest report.



check_timing report

Table of Contents
-----------------
1. checking no_clock (0)
2. checking constant_clock (0)
3. checking pulse_width_clock (0)
4. checking unconstrained_internal_endpoints (0)
5. checking no_input_delay (0)
6. checking no_output_delay (0)
7. checking multiple_clock (0)
8. checking generated_clocks (0)
9. checking loops (0)
10. checking partial_input_delay (0)
11. checking partial_output_delay (0)
12. checking latch_loops (0)

1. checking no_clock (0)
------------------------
 There are 0 register/latch pins with no clock.


2. checking constant_clock (0)
------------------------------
 There are 0 register/latch pins with constant_clock.


3. checking pulse_width_clock (0)
---------------------------------
 There are 0 register/latch pins which need pulse_width check


4. checking unconstrained_internal_endpoints (0)
------------------------------------------------
 There are 0 pins that are not constrained for maximum delay.

 There are 0 pins that are not constrained for maximum delay due to constant clock.


5. checking no_input_delay (0)
------------------------------
 There are 0 input ports with no input delay specified.

 There are 0 input ports with no input delay but user has a false path constraint.


6. checking no_output_delay (0)
-------------------------------
 There are 0 ports with no output delay specified.

 There are 0 ports with no output delay but user has a false path constraint

 There are 0 ports with no output delay but with a timing clock defined on it or propagating through it


7. checking multiple_clock (0)
------------------------------
 There are 0 register/latch pins with multiple clocks.


8. checking generated_clocks (0)
--------------------------------
 There are 0 generated clocks that are not connected to a clock source.


9. checking loops (0)
---------------------
 There are 0 combinational loops in the design.


10. checking partial_input_delay (0)
------------------------------------
 There are 0 input ports with partial input delay specified.


11. checking partial_output_delay (0)
-------------------------------------
 There are 0 ports with partial output delay specified.


12. checking latch_loops (0)
----------------------------
 There are 0 combinational latch loops in the design through latch input



------------------------------------------------------------------------------------------------
| Design Timing Summary
| ---------------------
------------------------------------------------------------------------------------------------

    WNS(ns)      TNS(ns)  TNS Failing Endpoints  TNS Total Endpoints      WHS(ns)      THS(ns)  THS Failing Endpoints  THS Total Endpoints     WPWS(ns)     TPWS(ns)  TPWS Failing Endpoints  TPWS Total Endpoints  
    -------      -------  ---------------------  -------------------      -------      -------  ---------------------  -------------------     --------     --------  ----------------------  --------------------  
     16.851        0.000                      0                13772        0.017        0.000                      0                13772        0.000        0.000                       0                  3828  


All user specified timing constraints are met.


------------------------------------------------------------------------------------------------
| Clock Summary
| -------------
------------------------------------------------------------------------------------------------

Clock                      Waveform(ns)           Period(ns)      Frequency(MHz)
-----                      ------------           ----------      --------------
clk_pl_0                   {0.000 12.500}         25.000          40.000          
ddr4_bank0_sys_clk_clk_p   {0.000 2.500}          5.000           200.000         
  bank1_clkout0            {0.000 0.625}          1.250           800.000         
    pll_clktoxphy[0]       {0.000 0.156}          0.312           3200.000        
    pll_clktoxphy[2]       {0.000 0.156}          0.312           3200.000        
  bank1_xpll0_fifo_rd_clk  {0.000 0.625}          1.250           800.000         
  mc_clk_xpll              {0.000 0.625}          1.250           800.000         
  pll_clk_xpll             {0.000 0.156}          0.312           3200.000        


------------------------------------------------------------------------------------------------
| Intra Clock Table
| -----------------
------------------------------------------------------------------------------------------------

Clock                          WNS(ns)      TNS(ns)  TNS Failing Endpoints  TNS Total Endpoints      WHS(ns)      THS(ns)  THS Failing Endpoints  THS Total Endpoints     WPWS(ns)     TPWS(ns)  TPWS Failing Endpoints  TPWS Total Endpoints  
-----                          -------      -------  ---------------------  -------------------      -------      -------  ---------------------  -------------------     --------     --------  ----------------------  --------------------  
clk_pl_0                        16.851        0.000                      0                13772        0.017        0.000                      0                13772       10.500        0.000                       0                  3777  
ddr4_bank0_sys_clk_clk_p                                                                                                                                                     2.109        0.000                       0                     1  
  bank1_clkout0                                                                                                                                                              0.000        0.000                       0                     3  
    pll_clktoxphy[0]                                                                                                                                                         0.044        0.000                       0                    10  
    pll_clktoxphy[2]                                                                                                                                                         0.044        0.000                       0                     5  
  bank1_xpll0_fifo_rd_clk                                                                                                                                                    0.000        0.000                       0                    22  
  mc_clk_xpll                                                                                                                                                                0.000        0.000                       0                     1  
  pll_clk_xpll                                                                                                                                                               0.044        0.000                       0                     9  


------------------------------------------------------------------------------------------------
| Inter Clock Table
| -----------------
------------------------------------------------------------------------------------------------

From Clock    To Clock          WNS(ns)      TNS(ns)  TNS Failing Endpoints  TNS Total Endpoints      WHS(ns)      THS(ns)  THS Failing Endpoints  THS Total Endpoints  
----------    --------          -------      -------  ---------------------  -------------------      -------      -------  ---------------------  -------------------  


------------------------------------------------------------------------------------------------
| Other Path Groups Table
| -----------------------
------------------------------------------------------------------------------------------------

Path Group    From Clock    To Clock          WNS(ns)      TNS(ns)  TNS Failing Endpoints  TNS Total Endpoints      WHS(ns)      THS(ns)  THS Failing Endpoints  THS Total Endpoints  
----------    ----------    --------          -------      -------  ---------------------  -------------------      -------      -------  ---------------------  -------------------  


------------------------------------------------------------------------------------------------
| User Ignored Path Table
| -----------------------
------------------------------------------------------------------------------------------------

Path Group    From Clock    To Clock    
----------    ----------    --------    
(none)                      clk_pl_0      
(none)        clk_pl_0      clk_pl_0      


------------------------------------------------------------------------------------------------
| Unconstrained Path Table
| ------------------------
------------------------------------------------------------------------------------------------

Path Group               From Clock               To Clock               
----------               ----------               --------               
(none)                                            bank1_xpll0_fifo_rd_clk  
(none)                                            clk_pl_0                 


------------------------------------------------------------------------------------------------
| Timing Details
| --------------
------------------------------------------------------------------------------------------------


---------------------------------------------------------------------------------------------------
From Clock:  clk_pl_0
  To Clock:  clk_pl_0

Setup :            0  Failing Endpoints,  Worst Slack       16.851ns,  Total Violation        0.000ns
Hold  :            0  Failing Endpoints,  Worst Slack        0.017ns,  Total Violation        0.000ns
PW    :            0  Failing Endpoints,  Worst Slack       10.500ns,  Total Violation        0.000ns
---------------------------------------------------------------------------------------------------


Max Delay Paths
--------------------------------------------------------------------------------------
Slack (MET) :             16.851ns  (required time - arrival time)
  Source:                 ecc_soc_bd_i/soc_ecc_0/inst/u_soc/u_cpu/mem_wb_reg[wb_sel][2]/C
                            (rising edge-triggered cell FDRE clocked by clk_pl_0  {rise@0.000ns fall@12.500ns period=25.000ns})
  Destination:            ecc_soc_bd_i/soc_ecc_0/inst/u_soc/u_cpu/u_md/prod_reg[15]__0/D
                            (rising edge-triggered cell FDRE clocked by clk_pl_0  {rise@0.000ns fall@12.500ns period=25.000ns})
  Path Group:             clk_pl_0
  Path Type:              Setup (Max at Slow Process Corner)
  Requirement:            25.000ns  (clk_pl_0 rise@25.000ns - clk_pl_0 rise@0.000ns)
  Data Path Delay:        7.866ns  (logic 3.770ns (47.927%)  route 4.096ns (52.074%))
  Logic Levels:           15  (DSP_A_B_DATA58=1 DSP_ALUADD=1 DSP_ALUMUX=1 DSP_M_DATA58=1 DSP_MULTIPLIER58=1 DSP_OUTPUT58=1 DSP_PREADD_DATA58=1 LOOKAHEAD8=2 LUT2=1 LUT5=1 LUT6=1 LUTCY1=1 LUTCY2=2)
  Clock Path Skew:        -0.155ns (DCD - SCD + CPR)
    Destination Clock Delay (DCD):    1.777ns = ( 26.777 - 25.000 ) 
    Source Clock Delay      (SCD):    2.086ns
    Clock Pessimism Removal (CPR):    0.154ns
  Clock Uncertainty:      0.126ns  (CJ)/2 + PE + PJ
    Clock Jitter             (CJ):    0.252ns
    Phase Error              (PE):    0.000ns
    Phase Jitter             (PJ):    0.000ns
  Clock Net Delay (Source):      1.945ns (routing 0.261ns, distribution 1.684ns)
  Clock Net Delay (Destination): 1.705ns (routing 0.238ns, distribution 1.467ns)

    Location             Delay type                Incr(ns)  Path(ns)    Netlist Resource(s)
  -------------------------------------------------------------------    -------------------
                         (clock clk_pl_0 rise edge)
                                                      0.000     0.000 r  
    PS9_X0Y0             PS9                          0.000     0.000 r  ecc_soc_bd_i/versal_cips_0/inst/pspmc_0/inst/PS9_inst/PMCRCLKCLK[0]
                         net (fo=1, routed)           0.000     0.000    ecc_soc_bd_i/versal_cips_0/inst/pspmc_0/inst/pmc_pl_ref_clk[0]
    BUFG_PS_X0Y6         BUFG_PS (Prop_BUFG_PS_I_O)
                                                      0.141     0.141 r  ecc_soc_bd_i/versal_cips_0/inst/pspmc_0/inst/buffer_pl_clk_0.PL_CLK_0_BUFG/O
    X1Y1 (CLOCK_ROOT)    net (fo=3776, routed)        1.945     2.086    ecc_soc_bd_i/soc_ecc_0/inst/u_soc/u_cpu/aclk
    SLICE_X61Y41         FDRE                                         r  ecc_soc_bd_i/soc_ecc_0/inst/u_soc/u_cpu/mem_wb_reg[wb_sel][2]/C
  -------------------------------------------------------------------    -------------------
    SLICE_X61Y41         FDRE (Prop_EFF2_SLICEM_C_Q)
                                                      0.124     2.210 r  ecc_soc_bd_i/soc_ecc_0/inst/u_soc/u_cpu/mem_wb_reg[wb_sel][2]/Q
                         net (fo=37, routed)          1.018     3.227    ecc_soc_bd_i/soc_ecc_0/inst/u_soc/u_cpu/u_rf/wbh_data_reg[17][2]
    SLICE_X60Y31         LUT6 (Prop_G6LUT_SLICEL_I5_O)
                                                      0.184     3.411 f  ecc_soc_bd_i/soc_ecc_0/inst/u_soc/u_cpu/u_rf/wbh_data[31]_i_1/O
                         net (fo=7, routed)           0.346     3.757    ecc_soc_bd_i/soc_ecc_0/inst/u_soc/u_cpu/u_md/DIB[0]
    SLICE_X62Y33         LUT5 (Prop_B6LUT_SLICEL_I2_O)
                                                      0.132     3.889 f  ecc_soc_bd_i/soc_ecc_0/inst/u_soc/u_cpu/u_md/a_r[31]_i_1/O
                         net (fo=50, routed)          1.391     5.281    ecc_soc_bd_i/soc_ecc_0/inst/u_soc/u_cpu/u_md/fwd_a[31]
    SLICE_X70Y48         LUT2 (Prop_A6LUT_SLICEL_I0_O)
                                                      0.197     5.478 f  ecc_soc_bd_i/soc_ecc_0/inst/u_soc/u_cpu/u_md/prod0_i_1/O
                         net (fo=15, routed)          0.724     6.202    ecc_soc_bd_i/soc_ecc_0/inst/u_soc/u_cpu/u_md/prod0/DSP58C<0>_INST/B[21]
    DSP_X0Y24            DSP_A_B_DATA58 (Prop_DSP_A_B_DATA_DSP58_B[21]_B2_DATA[21])
                                                      0.622     6.824 r  ecc_soc_bd_i/soc_ecc_0/inst/u_soc/u_cpu/u_md/prod0/DSP58C<0>_INST/DSP_A_B_DATA58_INST/B2_DATA[21]
                         net (fo=1, routed)           0.000     6.824    ecc_soc_bd_i/soc_ecc_0/inst/u_soc/u_cpu/u_md/prod0/DSP58C<0>_INST/DSP_A_B_DATA58.B2_DATA<21>
    DSP_X0Y24            DSP_PREADD_DATA58 (Prop_DSP_PREADD_DATA_DSP58_B2_DATA[21]_B2B1[21])
                                                      0.213     7.037 r  ecc_soc_bd_i/soc_ecc_0/inst/u_soc/u_cpu/u_md/prod0/DSP58C<0>_INST/DSP_PREADD_DATA58_INST/B2B1[21]
                         net (fo=1, routed)           0.000     7.037    ecc_soc_bd_i/soc_ecc_0/inst/u_soc/u_cpu/u_md/prod0/DSP58C<0>_INST/DSP_PREADD_DATA58.B2B1<21>
    DSP_X0Y24            DSP_MULTIPLIER58 (Prop_DSP_MULTIPLIER_DSP58_B2B1[21]_V[23])
                                                      0.560     7.597 r  ecc_soc_bd_i/soc_ecc_0/inst/u_soc/u_cpu/u_md/prod0/DSP58C<0>_INST/DSP_MULTIPLIER58_INST/V[23]
                         net (fo=1, routed)           0.000     7.597    ecc_soc_bd_i/soc_ecc_0/inst/u_soc/u_cpu/u_md/prod0/DSP58C<0>_INST/DSP_MULTIPLIER58.V<23>
    DSP_X0Y24            DSP_M_DATA58 (Prop_DSP_M_DATA_DSP58_V[23]_V_DATA[23])
                                                      0.127     7.724 f  ecc_soc_bd_i/soc_ecc_0/inst/u_soc/u_cpu/u_md/prod0/DSP58C<0>_INST/DSP_M_DATA58_INST/V_DATA[23]
                         net (fo=1, routed)           0.000     7.724    ecc_soc_bd_i/soc_ecc_0/inst/u_soc/u_cpu/u_md/prod0/DSP58C<0>_INST/DSP_M_DATA58.V_DATA<23>
    DSP_X0Y24            DSP_ALUMUX (Prop_DSP_ALUMUX_DSP58_V_DATA[23]_Y[23])
                                                      0.099     7.823 r  ecc_soc_bd_i/soc_ecc_0/inst/u_soc/u_cpu/u_md/prod0/DSP58C<0>_INST/DSP_ALUMUX_INST/Y[23]
                         net (fo=1, routed)           0.000     7.823    ecc_soc_bd_i/soc_ecc_0/inst/u_soc/u_cpu/u_md/prod0/DSP58C<0>_INST/DSP_ALUMUX.Y<23>
    DSP_X0Y24            DSP_ALUADD (Prop_DSP_ALUADD_DSP58_Y[23]_ALU_OUT[23])
                                                      0.488     8.311 f  ecc_soc_bd_i/soc_ecc_0/inst/u_soc/u_cpu/u_md/prod0/DSP58C<0>_INST/DSP_ALUADD_INST/ALU_OUT[23]
                         net (fo=2, routed)           0.000     8.311    ecc_soc_bd_i/soc_ecc_0/inst/u_soc/u_cpu/u_md/prod0/DSP58C<0>_INST/DSP_ALUADD.ALU_OUT<23>
    DSP_X0Y24            DSP_OUTPUT58 (Prop_DSP_OUTPUT_DSP58_ALU_OUT[23]_P[23])
                                                      0.295     8.606 r  ecc_soc_bd_i/soc_ecc_0/inst/u_soc/u_cpu/u_md/prod0/DSP58C<0>_INST/DSP_OUTPUT58_INST/P[23]
                         net (fo=2, routed)           0.486     9.092    ecc_soc_bd_i/soc_ecc_0/inst/u_soc/u_cpu/u_md/prod_reg[0]__0_i_1/I2
    SLICE_X66Y48         LUTCY2 (Prop_A6LUT_SLICEL_I2_GE)
                                                      0.129     9.221 r  ecc_soc_bd_i/soc_ecc_0/inst/u_soc/u_cpu/u_md/prod_reg[0]__0_i_1/LUTCY2_INST/GE
                         net (fo=1, routed)           0.046     9.267    ecc_soc_bd_i/soc_ecc_0/inst/u_soc/u_cpu/u_md/prod_reg[0]__0_i_1_n_0
    SLICE_X66Y48         LOOKAHEAD8 (Prop_LOOKAHEAD8_SLICEL_GEA_COUTH)
                                                      0.347     9.614 r  ecc_soc_bd_i/soc_ecc_0/inst/u_soc/u_cpu/u_md/prod_reg[8]__0_i_3/COUTH
                         net (fo=3, routed)           0.001     9.615    ecc_soc_bd_i/soc_ecc_0/inst/u_soc/u_cpu/u_md/prod_reg[8]__0_i_3_n_3
    SLICE_X66Y49         LOOKAHEAD8 (Prop_LOOKAHEAD8_SLICEL_CIN_COUTF)
                                                      0.077     9.692 r  ecc_soc_bd_i/soc_ecc_0/inst/u_soc/u_cpu/u_md/prod_reg[16]__0_i_3/COUTF
                         net (fo=2, routed)           0.009     9.701    ecc_soc_bd_i/soc_ecc_0/inst/u_soc/u_cpu/u_md/prod_reg[14]__0_i_1/I4
    SLICE_X66Y49         LUTCY2 (Prop_G6LUT_SLICEL_I4_O)
                                                      0.087     9.788 r  ecc_soc_bd_i/soc_ecc_0/inst/u_soc/u_cpu/u_md/prod_reg[14]__0_i_1/LUTCY2_INST/O
                         net (fo=3, routed)           0.021     9.809    ecc_soc_bd_i/soc_ecc_0/inst/u_soc/u_cpu/u_md/prod_reg[15]__0_i_1/I4
    SLICE_X66Y49         LUTCY1 (Prop_H5LUT_SLICEL_I4_O)
                                                      0.089     9.898 r  ecc_soc_bd_i/soc_ecc_0/inst/u_soc/u_cpu/u_md/prod_reg[15]__0_i_1/LUTCY1_INST/O
                         net (fo=1, routed)           0.054     9.952    ecc_soc_bd_i/soc_ecc_0/inst/u_soc/u_cpu/u_md/prod_reg[15]__0_i_1_n_1
    SLICE_X66Y49         FDRE                                         r  ecc_soc_bd_i/soc_ecc_0/inst/u_soc/u_cpu/u_md/prod_reg[15]__0/D
  -------------------------------------------------------------------    -------------------

                         (clock clk_pl_0 rise edge)
                                                     25.000    25.000 r  
    PS9_X0Y0             PS9                          0.000    25.000 r  ecc_soc_bd_i/versal_cips_0/inst/pspmc_0/inst/PS9_inst/PMCRCLKCLK[0]
                         net (fo=1, routed)           0.000    25.000    ecc_soc_bd_i/versal_cips_0/inst/pspmc_0/inst/pmc_pl_ref_clk[0]
    BUFG_PS_X0Y6         BUFG_PS (Prop_BUFG_PS_I_O)
                                                      0.072    25.072 r  ecc_soc_bd_i/versal_cips_0/inst/pspmc_0/inst/buffer_pl_clk_0.PL_CLK_0_BUFG/O
    X1Y1 (CLOCK_ROOT)    net (fo=3776, routed)        1.705    26.777    ecc_soc_bd_i/soc_ecc_0/inst/u_soc/u_cpu/u_md/aclk
    SLICE_X66Y49         FDRE                                         r  ecc_soc_bd_i/soc_ecc_0/inst/u_soc/u_cpu/u_md/prod_reg[15]__0/C
                         clock pessimism              0.154    26.931    
                         clock uncertainty           -0.126    26.805    
    SLICE_X66Y49         FDRE (Setup_HFF_SLICEL_C_D)
                                                     -0.002    26.803    ecc_soc_bd_i/soc_ecc_0/inst/u_soc/u_cpu/u_md/prod_reg[15]__0
  -------------------------------------------------------------------
                         required time                         26.803    
                         arrival time                          -9.952    
  -------------------------------------------------------------------
                         slack                                 16.851    

Slack (MET) :             16.859ns  (required time - arrival time)
  Source:                 ecc_soc_bd_i/soc_ecc_0/inst/u_soc/u_cpu/mem_wb_reg[wb_sel][2]/C
                            (rising edge-triggered cell FDRE clocked by clk_pl_0  {rise@0.000ns fall@12.500ns period=25.000ns})
  Destination:            ecc_soc_bd_i/soc_ecc_0/inst/u_soc/u_cpu/u_md/prod_reg[13]__0/D
                            (rising edge-triggered cell FDRE clocked by clk_pl_0  {rise@0.000ns fall@12.500ns period=25.000ns})
  Path Group:             clk_pl_0
  Path Type:              Setup (Max at Slow Process Corner)
  Requirement:            25.000ns  (clk_pl_0 rise@25.000ns - clk_pl_0 rise@0.000ns)
  Data Path Delay:        7.858ns  (logic 3.755ns (47.784%)  route 4.103ns (52.216%))
  Logic Levels:           15  (DSP_A_B_DATA58=1 DSP_ALUADD=1 DSP_ALUMUX=1 DSP_M_DATA58=1 DSP_MULTIPLIER58=1 DSP_OUTPUT58=1 DSP_PREADD_DATA58=1 LOOKAHEAD8=2 LUT2=1 LUT5=1 LUT6=1 LUTCY1=1 LUTCY2=2)
  Clock Path Skew:        -0.155ns (DCD - SCD + CPR)
    Destination Clock Delay (DCD):    1.777ns = ( 26.777 - 25.000 ) 
    Source Clock Delay      (SCD):    2.086ns
    Clock Pessimism Removal (CPR):    0.154ns
  Clock Uncertainty:      0.126ns  (CJ)/2 + PE + PJ
    Clock Jitter             (CJ):    0.252ns
    Phase Error              (PE):    0.000ns
    Phase Jitter             (PJ):    0.000ns
  Clock Net Delay (Source):      1.945ns (routing 0.261ns, distribution 1.684ns)
  Clock Net Delay (Destination): 1.705ns (routing 0.238ns, distribution 1.467ns)

    Location             Delay type                Incr(ns)  Path(ns)    Netlist Resource(s)
  -------------------------------------------------------------------    -------------------
                         (clock clk_pl_0 rise edge)
                                                      0.000     0.000 r  
    PS9_X0Y0             PS9                          0.000     0.000 r  ecc_soc_bd_i/versal_cips_0/inst/pspmc_0/inst/PS9_inst/PMCRCLKCLK[0]
                         net (fo=1, routed)           0.000     0.000    ecc_soc_bd_i/versal_cips_0/inst/pspmc_0/inst/pmc_pl_ref_clk[0]
    BUFG_PS_X0Y6         BUFG_PS (Prop_BUFG_PS_I_O)
                                                      0.141     0.141 r  ecc_soc_bd_i/versal_cips_0/inst/pspmc_0/inst/buffer_pl_clk_0.PL_CLK_0_BUFG/O
    X1Y1 (CLOCK_ROOT)    net (fo=3776, routed)        1.945     2.086    ecc_soc_bd_i/soc_ecc_0/inst/u_soc/u_cpu/aclk
    SLICE_X61Y41         FDRE                                         r  ecc_soc_bd_i/soc_ecc_0/inst/u_soc/u_cpu/mem_wb_reg[wb_sel][2]/C
  -------------------------------------------------------------------    -------------------
    SLICE_X61Y41         FDRE (Prop_EFF2_SLICEM_C_Q)
                                                      0.124     2.210 r  ecc_soc_bd_i/soc_ecc_0/inst/u_soc/u_cpu/mem_wb_reg[wb_sel][2]/Q
                         net (fo=37, routed)          1.018     3.227    ecc_soc_bd_i/soc_ecc_0/inst/u_soc/u_cpu/u_rf/wbh_data_reg[17][2]
    SLICE_X60Y31         LUT6 (Prop_G6LUT_SLICEL_I5_O)
                                                      0.184     3.411 f  ecc_soc_bd_i/soc_ecc_0/inst/u_soc/u_cpu/u_rf/wbh_data[31]_i_1/O
                         net (fo=7, routed)           0.346     3.757    ecc_soc_bd_i/soc_ecc_0/inst/u_soc/u_cpu/u_md/DIB[0]
    SLICE_X62Y33         LUT5 (Prop_B6LUT_SLICEL_I2_O)
                                                      0.132     3.889 f  ecc_soc_bd_i/soc_ecc_0/inst/u_soc/u_cpu/u_md/a_r[31]_i_1/O
                         net (fo=50, routed)          1.391     5.281    ecc_soc_bd_i/soc_ecc_0/inst/u_soc/u_cpu/u_md/fwd_a[31]
    SLICE_X70Y48         LUT2 (Prop_A6LUT_SLICEL_I0_O)
                                                      0.197     5.478 f  ecc_soc_bd_i/soc_ecc_0/inst/u_soc/u_cpu/u_md/prod0_i_1/O
                         net (fo=15, routed)          0.724     6.202    ecc_soc_bd_i/soc_ecc_0/inst/u_soc/u_cpu/u_md/prod0/DSP58C<0>_INST/B[21]
    DSP_X0Y24            DSP_A_B_DATA58 (Prop_DSP_A_B_DATA_DSP58_B[21]_B2_DATA[21])
                                                      0.622     6.824 r  ecc_soc_bd_i/soc_ecc_0/inst/u_soc/u_cpu/u_md/prod0/DSP58C<0>_INST/DSP_A_B_DATA58_INST/B2_DATA[21]
                         net (fo=1, routed)           0.000     6.824    ecc_soc_bd_i/soc_ecc_0/inst/u_soc/u_cpu/u_md/prod0/DSP58C<0>_INST/DSP_A_B_DATA58.B2_DATA<21>
    DSP_X0Y24            DSP_PREADD_DATA58 (Prop_DSP_PREADD_DATA_DSP58_B2_DATA[21]_B2B1[21])
                                                      0.213     7.037 r  ecc_soc_bd_i/soc_ecc_0/inst/u_soc/u_cpu/u_md/prod0/DSP58C<0>_INST/DSP_PREADD_DATA58_INST/B2B1[21]
                         net (fo=1, routed)           0.000     7.037    ecc_soc_bd_i/soc_ecc_0/inst/u_soc/u_cpu/u_md/prod0/DSP58C<0>_INST/DSP_PREADD_DATA58.B2B1<21>
    DSP_X0Y24            DSP_MULTIPLIER58 (Prop_DSP_MULTIPLIER_DSP58_B2B1[21]_V[23])
                                                      0.560     7.597 r  ecc_soc_bd_i/soc_ecc_0/inst/u_soc/u_cpu/u_md/prod0/DSP58C<0>_INST/DSP_MULTIPLIER58_INST/V[23]
                         net (fo=1, routed)           0.000     7.597    ecc_soc_bd_i/soc_ecc_0/inst/u_soc/u_cpu/u_md/prod0/DSP58C<0>_INST/DSP_MULTIPLIER58.V<23>
    DSP_X0Y24            DSP_M_DATA58 (Prop_DSP_M_DATA_DSP58_V[23]_V_DATA[23])
                                                      0.127     7.724 f  ecc_soc_bd_i/soc_ecc_0/inst/u_soc/u_cpu/u_md/prod0/DSP58C<0>_INST/DSP_M_DATA58_INST/V_DATA[23]
                         net (fo=1, routed)           0.000     7.724    ecc_soc_bd_i/soc_ecc_0/inst/u_soc/u_cpu/u_md/prod0/DSP58C<0>_INST/DSP_M_DATA58.V_DATA<23>
    DSP_X0Y24            DSP_ALUMUX (Prop_DSP_ALUMUX_DSP58_V_DATA[23]_Y[23])
                                                      0.099     7.823 r  ecc_soc_bd_i/soc_ecc_0/inst/u_soc/u_cpu/u_md/prod0/DSP58C<0>_INST/DSP_ALUMUX_INST/Y[23]
                         net (fo=1, routed)           0.000     7.823    ecc_soc_bd_i/soc_ecc_0/inst/u_soc/u_cpu/u_md/prod0/DSP58C<0>_INST/DSP_ALUMUX.Y<23>
    DSP_X0Y24            DSP_ALUADD (Prop_DSP_ALUADD_DSP58_Y[23]_ALU_OUT[23])
                                                      0.488     8.311 f  ecc_soc_bd_i/soc_ecc_0/inst/u_soc/u_cpu/u_md/prod0/DSP58C<0>_INST/DSP_ALUADD_INST/ALU_OUT[23]
                         net (fo=2, routed)           0.000     8.311    ecc_soc_bd_i/soc_ecc_0/inst/u_soc/u_cpu/u_md/prod0/DSP58C<0>_INST/DSP_ALUADD.ALU_OUT<23>
    DSP_X0Y24            DSP_OUTPUT58 (Prop_DSP_OUTPUT_DSP58_ALU_OUT[23]_P[23])
                                                      0.295     8.606 r  ecc_soc_bd_i/soc_ecc_0/inst/u_soc/u_cpu/u_md/prod0/DSP58C<0>_INST/DSP_OUTPUT58_INST/P[23]
                         net (fo=2, routed)           0.486     9.092    ecc_soc_bd_i/soc_ecc_0/inst/u_soc/u_cpu/u_md/prod_reg[0]__0_i_1/I2
    SLICE_X66Y48         LUTCY2 (Prop_A6LUT_SLICEL_I2_GE)
                                                      0.129     9.221 r  ecc_soc_bd_i/soc_ecc_0/inst/u_soc/u_cpu/u_md/prod_reg[0]__0_i_1/LUTCY2_INST/GE
                         net (fo=1, routed)           0.046     9.267    ecc_soc_bd_i/soc_ecc_0/inst/u_soc/u_cpu/u_md/prod_reg[0]__0_i_1_n_0
    SLICE_X66Y48         LOOKAHEAD8 (Prop_LOOKAHEAD8_SLICEL_GEA_COUTH)
                                                      0.347     9.614 r  ecc_soc_bd_i/soc_ecc_0/inst/u_soc/u_cpu/u_md/prod_reg[8]__0_i_3/COUTH
                         net (fo=3, routed)           0.001     9.615    ecc_soc_bd_i/soc_ecc_0/inst/u_soc/u_cpu/u_md/prod_reg[8]__0_i_3_n_3
    SLICE_X66Y49         LOOKAHEAD8 (Prop_LOOKAHEAD8_SLICEL_CIN_COUTD)
                                                      0.060     9.675 r  ecc_soc_bd_i/soc_ecc_0/inst/u_soc/u_cpu/u_md/prod_reg[16]__0_i_3/COUTD
                         net (fo=2, routed)           0.012     9.687    ecc_soc_bd_i/soc_ecc_0/inst/u_soc/u_cpu/u_md/prod_reg[12]__0_i_1/I4
    SLICE_X66Y49         LUTCY2 (Prop_E6LUT_SLICEL_I4_O)
                                                      0.086     9.773 r  ecc_soc_bd_i/soc_ecc_0/inst/u_soc/u_cpu/u_md/prod_reg[12]__0_i_1/LUTCY2_INST/O
                         net (fo=3, routed)           0.026     9.799    ecc_soc_bd_i/soc_ecc_0/inst/u_soc/u_cpu/u_md/prod_reg[13]__0_i_1/I4
    SLICE_X66Y49         LUTCY1 (Prop_F5LUT_SLICEL_I4_O)
                                                      0.092     9.891 r  ecc_soc_bd_i/soc_ecc_0/inst/u_soc/u_cpu/u_md/prod_reg[13]__0_i_1/LUTCY1_INST/O
                         net (fo=1, routed)           0.053     9.944    ecc_soc_bd_i/soc_ecc_0/inst/u_soc/u_cpu/u_md/prod_reg[13]__0_i_1_n_1
    SLICE_X66Y49         FDRE                                         r  ecc_soc_bd_i/soc_ecc_0/inst/u_soc/u_cpu/u_md/prod_reg[13]__0/D
  -------------------------------------------------------------------    -------------------

                         (clock clk_pl_0 rise edge)
                                                     25.000    25.000 r  
    PS9_X0Y0             PS9                          0.000    25.000 r  ecc_soc_bd_i/versal_cips_0/inst/pspmc_0/inst/PS9_inst/PMCRCLKCLK[0]
                         net (fo=1, routed)           0.000    25.000    ecc_soc_bd_i/versal_cips_0/inst/pspmc_0/inst/pmc_pl_ref_clk[0]
    BUFG_PS_X0Y6         BUFG_PS (Prop_BUFG_PS_I_O)
                                                      0.072    25.072 r  ecc_soc_bd_i/versal_cips_0/inst/pspmc_0/inst/buffer_pl_clk_0.PL_CLK_0_BUFG/O
    X1Y1 (CLOCK_ROOT)    net (fo=3776, routed)        1.705    26.777    ecc_soc_bd_i/soc_ecc_0/inst/u_soc/u_cpu/u_md/aclk
    SLICE_X66Y49         FDRE                                         r  ecc_soc_bd_i/soc_ecc_0/inst/u_soc/u_cpu/u_md/prod_reg[13]__0/C
                         clock pessimism              0.154    26.931    
                         clock uncertainty           -0.126    26.805    
    SLICE_X66Y49         FDRE (Setup_FFF_SLICEL_C_D)
                                                     -0.002    26.803    ecc_soc_bd_i/soc_ecc_0/inst/u_soc/u_cpu/u_md/prod_reg[13]__0
  -------------------------------------------------------------------
                         required time                         26.803    
                         arrival time                          -9.944    
  -------------------------------------------------------------------
                         slack                                 16.859    

Slack (MET) :             16.862ns  (required time - arrival time)
  Source:                 ecc_soc_bd_i/soc_ecc_0/inst/u_soc/u_cpu/mem_wb_reg[wb_sel][2]/C
                            (rising edge-triggered cell FDRE clocked by clk_pl_0  {rise@0.000ns fall@12.500ns period=25.000ns})
  Destination:            ecc_soc_bd_i/soc_ecc_0/inst/u_soc/u_cpu/u_md/prod_reg[11]__0/D
                            (rising edge-triggered cell FDRE clocked by clk_pl_0  {rise@0.000ns fall@12.500ns period=25.000ns})
  Path Group:             clk_pl_0
  Path Type:              Setup (Max at Slow Process Corner)
  Requirement:            25.000ns  (clk_pl_0 rise@25.000ns - clk_pl_0 rise@0.000ns)
  Data Path Delay:        7.855ns  (logic 3.755ns (47.803%)  route 4.100ns (52.197%))
  Logic Levels:           15  (DSP_A_B_DATA58=1 DSP_ALUADD=1 DSP_ALUMUX=1 DSP_M_DATA58=1 DSP_MULTIPLIER58=1 DSP_OUTPUT58=1 DSP_PREADD_DATA58=1 LOOKAHEAD8=2 LUT2=1 LUT5=1 LUT6=1 LUTCY1=1 LUTCY2=2)
  Clock Path Skew:        -0.155ns (DCD - SCD + CPR)
    Destination Clock Delay (DCD):    1.777ns = ( 26.777 - 25.000 ) 
    Source Clock Delay      (SCD):    2.086ns
    Clock Pessimism Removal (CPR):    0.154ns
  Clock Uncertainty:      0.126ns  (CJ)/2 + PE + PJ
    Clock Jitter             (CJ):    0.252ns
    Phase Error              (PE):    0.000ns
    Phase Jitter             (PJ):    0.000ns
  Clock Net Delay (Source):      1.945ns (routing 0.261ns, distribution 1.684ns)
  Clock Net Delay (Destination): 1.705ns (routing 0.238ns, distribution 1.467ns)

    Location             Delay type                Incr(ns)  Path(ns)    Netlist Resource(s)
  -------------------------------------------------------------------    -------------------
                         (clock clk_pl_0 rise edge)
                                                      0.000     0.000 r  
    PS9_X0Y0             PS9                          0.000     0.000 r  ecc_soc_bd_i/versal_cips_0/inst/pspmc_0/inst/PS9_inst/PMCRCLKCLK[0]
                         net (fo=1, routed)           0.000     0.000    ecc_soc_bd_i/versal_cips_0/inst/pspmc_0/inst/pmc_pl_ref_clk[0]
    BUFG_PS_X0Y6         BUFG_PS (Prop_BUFG_PS_I_O)
                                                      0.141     0.141 r  ecc_soc_bd_i/versal_cips_0/inst/pspmc_0/inst/buffer_pl_clk_0.PL_CLK_0_BUFG/O
    X1Y1 (CLOCK_ROOT)    net (fo=3776, routed)        1.945     2.086    ecc_soc_bd_i/soc_ecc_0/inst/u_soc/u_cpu/aclk
    SLICE_X61Y41         FDRE                                         r  ecc_soc_bd_i/soc_ecc_0/inst/u_soc/u_cpu/mem_wb_reg[wb_sel][2]/C
  -------------------------------------------------------------------    -------------------
    SLICE_X61Y41         FDRE (Prop_EFF2_SLICEM_C_Q)
                                                      0.124     2.210 r  ecc_soc_bd_i/soc_ecc_0/inst/u_soc/u_cpu/mem_wb_reg[wb_sel][2]/Q
                         net (fo=37, routed)          1.018     3.227    ecc_soc_bd_i/soc_ecc_0/inst/u_soc/u_cpu/u_rf/wbh_data_reg[17][2]
    SLICE_X60Y31         LUT6 (Prop_G6LUT_SLICEL_I5_O)
                                                      0.184     3.411 f  ecc_soc_bd_i/soc_ecc_0/inst/u_soc/u_cpu/u_rf/wbh_data[31]_i_1/O
                         net (fo=7, routed)           0.346     3.757    ecc_soc_bd_i/soc_ecc_0/inst/u_soc/u_cpu/u_md/DIB[0]
    SLICE_X62Y33         LUT5 (Prop_B6LUT_SLICEL_I2_O)
                                                      0.132     3.889 f  ecc_soc_bd_i/soc_ecc_0/inst/u_soc/u_cpu/u_md/a_r[31]_i_1/O
                         net (fo=50, routed)          1.391     5.281    ecc_soc_bd_i/soc_ecc_0/inst/u_soc/u_cpu/u_md/fwd_a[31]
    SLICE_X70Y48         LUT2 (Prop_A6LUT_SLICEL_I0_O)
                                                      0.197     5.478 f  ecc_soc_bd_i/soc_ecc_0/inst/u_soc/u_cpu/u_md/prod0_i_1/O
                         net (fo=15, routed)          0.724     6.202    ecc_soc_bd_i/soc_ecc_0/inst/u_soc/u_cpu/u_md/prod0/DSP58C<0>_INST/B[21]
    DSP_X0Y24            DSP_A_B_DATA58 (Prop_DSP_A_B_DATA_DSP58_B[21]_B2_DATA[21])
                                                      0.622     6.824 r  ecc_soc_bd_i/soc_ecc_0/inst/u_soc/u_cpu/u_md/prod0/DSP58C<0>_INST/DSP_A_B_DATA58_INST/B2_DATA[21]
                         net (fo=1, routed)           0.000     6.824    ecc_soc_bd_i/soc_ecc_0/inst/u_soc/u_cpu/u_md/prod0/DSP58C<0>_INST/DSP_A_B_DATA58.B2_DATA<21>
    DSP_X0Y24            DSP_PREADD_DATA58 (Prop_DSP_PREADD_DATA_DSP58_B2_DATA[21]_B2B1[21])
                                                      0.213     7.037 r  ecc_soc_bd_i/soc_ecc_0/inst/u_soc/u_cpu/u_md/prod0/DSP58C<0>_INST/DSP_PREADD_DATA58_INST/B2B1[21]
                         net (fo=1, routed)           0.000     7.037    ecc_soc_bd_i/soc_ecc_0/inst/u_soc/u_cpu/u_md/prod0/DSP58C<0>_INST/DSP_PREADD_DATA58.B2B1<21>
    DSP_X0Y24            DSP_MULTIPLIER58 (Prop_DSP_MULTIPLIER_DSP58_B2B1[21]_V[23])
                                                      0.560     7.597 r  ecc_soc_bd_i/soc_ecc_0/inst/u_soc/u_cpu/u_md/prod0/DSP58C<0>_INST/DSP_MULTIPLIER58_INST/V[23]
                         net (fo=1, routed)           0.000     7.597    ecc_soc_bd_i/soc_ecc_0/inst/u_soc/u_cpu/u_md/prod0/DSP58C<0>_INST/DSP_MULTIPLIER58.V<23>
    DSP_X0Y24            DSP_M_DATA58 (Prop_DSP_M_DATA_DSP58_V[23]_V_DATA[23])
                                                      0.127     7.724 f  ecc_soc_bd_i/soc_ecc_0/inst/u_soc/u_cpu/u_md/prod0/DSP58C<0>_INST/DSP_M_DATA58_INST/V_DATA[23]
                         net (fo=1, routed)           0.000     7.724    ecc_soc_bd_i/soc_ecc_0/inst/u_soc/u_cpu/u_md/prod0/DSP58C<0>_INST/DSP_M_DATA58.V_DATA<23>
    DSP_X0Y24            DSP_ALUMUX (Prop_DSP_ALUMUX_DSP58_V_DATA[23]_Y[23])
                                                      0.099     7.823 r  ecc_soc_bd_i/soc_ecc_0/inst/u_soc/u_cpu/u_md/prod0/DSP58C<0>_INST/DSP_ALUMUX_INST/Y[23]
                         net (fo=1, routed)           0.000     7.823    ecc_soc_bd_i/soc_ecc_0/inst/u_soc/u_cpu/u_md/prod0/DSP58C<0>_INST/DSP_ALUMUX.Y<23>
    DSP_X0Y24            DSP_ALUADD (Prop_DSP_ALUADD_DSP58_Y[23]_ALU_OUT[23])
                                                      0.488     8.311 f  ecc_soc_bd_i/soc_ecc_0/inst/u_soc/u_cpu/u_md/prod0/DSP58C<0>_INST/DSP_ALUADD_INST/ALU_OUT[23]
                         net (fo=2, routed)           0.000     8.311    ecc_soc_bd_i/soc_ecc_0/inst/u_soc/u_cpu/u_md/prod0/DSP58C<0>_INST/DSP_ALUADD.ALU_OUT<23>
    DSP_X0Y24            DSP_OUTPUT58 (Prop_DSP_OUTPUT_DSP58_ALU_OUT[23]_P[23])
                                                      0.295     8.606 r  ecc_soc_bd_i/soc_ecc_0/inst/u_soc/u_cpu/u_md/prod0/DSP58C<0>_INST/DSP_OUTPUT58_INST/P[23]
                         net (fo=2, routed)           0.486     9.092    ecc_soc_bd_i/soc_ecc_0/inst/u_soc/u_cpu/u_md/prod_reg[0]__0_i_1/I2
    SLICE_X66Y48         LUTCY2 (Prop_A6LUT_SLICEL_I2_GE)
                                                      0.129     9.221 r  ecc_soc_bd_i/soc_ecc_0/inst/u_soc/u_cpu/u_md/prod_reg[0]__0_i_1/LUTCY2_INST/GE
                         net (fo=1, routed)           0.046     9.267    ecc_soc_bd_i/soc_ecc_0/inst/u_soc/u_cpu/u_md/prod_reg[0]__0_i_1_n_0
    SLICE_X66Y48         LOOKAHEAD8 (Prop_LOOKAHEAD8_SLICEL_GEA_COUTH)
                                                      0.347     9.614 r  ecc_soc_bd_i/soc_ecc_0/inst/u_soc/u_cpu/u_md/prod_reg[8]__0_i_3/COUTH
                         net (fo=3, routed)           0.001     9.615    ecc_soc_bd_i/soc_ecc_0/inst/u_soc/u_cpu/u_md/prod_reg[8]__0_i_3_n_3
    SLICE_X66Y49         LOOKAHEAD8 (Prop_LOOKAHEAD8_SLICEL_CIN_COUTB)
                                                      0.075     9.690 r  ecc_soc_bd_i/soc_ecc_0/inst/u_soc/u_cpu/u_md/prod_reg[16]__0_i_3/COUTB
                         net (fo=2, routed)           0.011     9.701    ecc_soc_bd_i/soc_ecc_0/inst/u_soc/u_cpu/u_md/prod_reg[10]__0_i_1/I4
    SLICE_X66Y49         LUTCY2 (Prop_C6LUT_SLICEL_I4_O)
                                                      0.074     9.775 r  ecc_soc_bd_i/soc_ecc_0/inst/u_soc/u_cpu/u_md/prod_reg[10]__0_i_1/LUTCY2_INST/O
                         net (fo=3, routed)           0.024     9.799    ecc_soc_bd_i/soc_ecc_0/inst/u_soc/u_cpu/u_md/prod_reg[11]__0_i_1/I4
    SLICE_X66Y49         LUTCY1 (Prop_D5LUT_SLICEL_I4_O)
                                                      0.089     9.888 r  ecc_soc_bd_i/soc_ecc_0/inst/u_soc/u_cpu/u_md/prod_reg[11]__0_i_1/LUTCY1_INST/O
                         net (fo=1, routed)           0.053     9.941    ecc_soc_bd_i/soc_ecc_0/inst/u_soc/u_cpu/u_md/prod_reg[11]__0_i_1_n_1
    SLICE_X66Y49         FDRE                                         r  ecc_soc_bd_i/soc_ecc_0/inst/u_soc/u_cpu/u_md/prod_reg[11]__0/D
  -------------------------------------------------------------------    -------------------

                         (clock clk_pl_0 rise edge)
                                                     25.000    25.000 r  
    PS9_X0Y0             PS9                          0.000    25.000 r  ecc_soc_bd_i/versal_cips_0/inst/pspmc_0/inst/PS9_inst/PMCRCLKCLK[0]
                         net (fo=1, routed)           0.000    25.000    ecc_soc_bd_i/versal_cips_0/inst/pspmc_0/inst/pmc_pl_ref_clk[0]
    BUFG_PS_X0Y6         BUFG_PS (Prop_BUFG_PS_I_O)
                                                      0.072    25.072 r  ecc_soc_bd_i/versal_cips_0/inst/pspmc_0/inst/buffer_pl_clk_0.PL_CLK_0_BUFG/O
    X1Y1 (CLOCK_ROOT)    net (fo=3776, routed)        1.705    26.777    ecc_soc_bd_i/soc_ecc_0/inst/u_soc/u_cpu/u_md/aclk
    SLICE_X66Y49         FDRE                                         r  ecc_soc_bd_i/soc_ecc_0/inst/u_soc/u_cpu/u_md/prod_reg[11]__0/C
                         clock pessimism              0.154    26.931    
                         clock uncertainty           -0.126    26.805    
    SLICE_X66Y49         FDRE (Setup_DFF_SLICEL_C_D)
                                                     -0.002    26.803    ecc_soc_bd_i/soc_ecc_0/inst/u_soc/u_cpu/u_md/prod_reg[11]__0
  -------------------------------------------------------------------
                         required time                         26.803    
                         arrival time                          -9.941    
  -------------------------------------------------------------------
                         slack                                 16.862    

Slack (MET) :             16.880ns  (required time - arrival time)
  Source:                 ecc_soc_bd_i/soc_ecc_0/inst/u_soc/u_cpu/mem_wb_reg[wb_sel][2]/C
                            (rising edge-triggered cell FDRE clocked by clk_pl_0  {rise@0.000ns fall@12.500ns period=25.000ns})
  Destination:            ecc_soc_bd_i/soc_ecc_0/inst/u_soc/u_cpu/u_md/prod_reg[17]__0/D
                            (rising edge-triggered cell FDRE clocked by clk_pl_0  {rise@0.000ns fall@12.500ns period=25.000ns})
  Path Group:             clk_pl_0
  Path Type:              Setup (Max at Slow Process Corner)
  Requirement:            25.000ns  (clk_pl_0 rise@25.000ns - clk_pl_0 rise@0.000ns)
  Data Path Delay:        7.843ns  (logic 3.749ns (47.799%)  route 4.094ns (52.201%))
  Logic Levels:           15  (DSP_A_B_DATA58=1 DSP_ALUADD=1 DSP_ALUMUX=1 DSP_M_DATA58=1 DSP_MULTIPLIER58=1 DSP_OUTPUT58=1 DSP_PREADD_DATA58=1 LOOKAHEAD8=2 LUT2=1 LUT5=1 LUT6=1 LUTCY1=1 LUTCY2=2)
  Clock Path Skew:        -0.150ns (DCD - SCD + CPR)
    Destination Clock Delay (DCD):    1.782ns = ( 26.782 - 25.000 ) 
    Source Clock Delay      (SCD):    2.086ns
    Clock Pessimism Removal (CPR):    0.154ns
  Clock Uncertainty:      0.126ns  (CJ)/2 + PE + PJ
    Clock Jitter             (CJ):    0.252ns
    Phase Error              (PE):    0.000ns
    Phase Jitter             (PJ):    0.000ns
  Clock Net Delay (Source):      1.945ns (routing 0.261ns, distribution 1.684ns)
  Clock Net Delay (Destination): 1.710ns (routing 0.238ns, distribution 1.472ns)

    Location             Delay type                Incr(ns)  Path(ns)    Netlist Resource(s)
  -------------------------------------------------------------------    -------------------
                         (clock clk_pl_0 rise edge)
                                                      0.000     0.000 r  
    PS9_X0Y0             PS9                          0.000     0.000 r  ecc_soc_bd_i/versal_cips_0/inst/pspmc_0/inst/PS9_inst/PMCRCLKCLK[0]
                         net (fo=1, routed)           0.000     0.000    ecc_soc_bd_i/versal_cips_0/inst/pspmc_0/inst/pmc_pl_ref_clk[0]
    BUFG_PS_X0Y6         BUFG_PS (Prop_BUFG_PS_I_O)
                                                      0.141     0.141 r  ecc_soc_bd_i/versal_cips_0/inst/pspmc_0/inst/buffer_pl_clk_0.PL_CLK_0_BUFG/O
    X1Y1 (CLOCK_ROOT)    net (fo=3776, routed)        1.945     2.086    ecc_soc_bd_i/soc_ecc_0/inst/u_soc/u_cpu/aclk
    SLICE_X61Y41         FDRE                                         r  ecc_soc_bd_i/soc_ecc_0/inst/u_soc/u_cpu/mem_wb_reg[wb_sel][2]/C
  -------------------------------------------------------------------    -------------------
    SLICE_X61Y41         FDRE (Prop_EFF2_SLICEM_C_Q)
                                                      0.124     2.210 r  ecc_soc_bd_i/soc_ecc_0/inst/u_soc/u_cpu/mem_wb_reg[wb_sel][2]/Q
                         net (fo=37, routed)          1.018     3.227    ecc_soc_bd_i/soc_ecc_0/inst/u_soc/u_cpu/u_rf/wbh_data_reg[17][2]
    SLICE_X60Y31         LUT6 (Prop_G6LUT_SLICEL_I5_O)
                                                      0.184     3.411 f  ecc_soc_bd_i/soc_ecc_0/inst/u_soc/u_cpu/u_rf/wbh_data[31]_i_1/O
                         net (fo=7, routed)           0.346     3.757    ecc_soc_bd_i/soc_ecc_0/inst/u_soc/u_cpu/u_md/DIB[0]
    SLICE_X62Y33         LUT5 (Prop_B6LUT_SLICEL_I2_O)
                                                      0.132     3.889 f  ecc_soc_bd_i/soc_ecc_0/inst/u_soc/u_cpu/u_md/a_r[31]_i_1/O
                         net (fo=50, routed)          1.391     5.281    ecc_soc_bd_i/soc_ecc_0/inst/u_soc/u_cpu/u_md/fwd_a[31]
    SLICE_X70Y48         LUT2 (Prop_A6LUT_SLICEL_I0_O)
                                                      0.197     5.478 f  ecc_soc_bd_i/soc_ecc_0/inst/u_soc/u_cpu/u_md/prod0_i_1/O
                         net (fo=15, routed)          0.724     6.202    ecc_soc_bd_i/soc_ecc_0/inst/u_soc/u_cpu/u_md/prod0/DSP58C<0>_INST/B[21]
    DSP_X0Y24            DSP_A_B_DATA58 (Prop_DSP_A_B_DATA_DSP58_B[21]_B2_DATA[21])
                                                      0.622     6.824 r  ecc_soc_bd_i/soc_ecc_0/inst/u_soc/u_cpu/u_md/prod0/DSP58C<0>_INST/DSP_A_B_DATA58_INST/B2_DATA[21]
                         net (fo=1, routed)           0.000     6.824    ecc_soc_bd_i/soc_ecc_0/inst/u_soc/u_cpu/u_md/prod0/DSP58C<0>_INST/DSP_A_B_DATA58.B2_DATA<21>
    DSP_X0Y24            DSP_PREADD_DATA58 (Prop_DSP_PREADD_DATA_DSP58_B2_DATA[21]_B2B1[21])
                                                      0.213     7.037 r  ecc_soc_bd_i/soc_ecc_0/inst/u_soc/u_cpu/u_md/prod0/DSP58C<0>_INST/DSP_PREADD_DATA58_INST/B2B1[21]
                         net (fo=1, routed)           0.000     7.037    ecc_soc_bd_i/soc_ecc_0/inst/u_soc/u_cpu/u_md/prod0/DSP58C<0>_INST/DSP_PREADD_DATA58.B2B1<21>
    DSP_X0Y24            DSP_MULTIPLIER58 (Prop_DSP_MULTIPLIER_DSP58_B2B1[21]_V[23])
                                                      0.560     7.597 r  ecc_soc_bd_i/soc_ecc_0/inst/u_soc/u_cpu/u_md/prod0/DSP58C<0>_INST/DSP_MULTIPLIER58_INST/V[23]
                         net (fo=1, routed)           0.000     7.597    ecc_soc_bd_i/soc_ecc_0/inst/u_soc/u_cpu/u_md/prod0/DSP58C<0>_INST/DSP_MULTIPLIER58.V<23>
    DSP_X0Y24            DSP_M_DATA58 (Prop_DSP_M_DATA_DSP58_V[23]_V_DATA[23])
                                                      0.127     7.724 f  ecc_soc_bd_i/soc_ecc_0/inst/u_soc/u_cpu/u_md/prod0/DSP58C<0>_INST/DSP_M_DATA58_INST/V_DATA[23]
                         net (fo=1, routed)           0.000     7.724    ecc_soc_bd_i/soc_ecc_0/inst/u_soc/u_cpu/u_md/prod0/DSP58C<0>_INST/DSP_M_DATA58.V_DATA<23>
    DSP_X0Y24            DSP_ALUMUX (Prop_DSP_ALUMUX_DSP58_V_DATA[23]_Y[23])
                                                      0.099     7.823 r  ecc_soc_bd_i/soc_ecc_0/inst/u_soc/u_cpu/u_md/prod0/DSP58C<0>_INST/DSP_ALUMUX_INST/Y[23]
                         net (fo=1, routed)           0.000     7.823    ecc_soc_bd_i/soc_ecc_0/inst/u_soc/u_cpu/u_md/prod0/DSP58C<0>_INST/DSP_ALUMUX.Y<23>
    DSP_X0Y24            DSP_ALUADD (Prop_DSP_ALUADD_DSP58_Y[23]_ALU_OUT[23])
                                                      0.488     8.311 f  ecc_soc_bd_i/soc_ecc_0/inst/u_soc/u_cpu/u_md/prod0/DSP58C<0>_INST/DSP_ALUADD_INST/ALU_OUT[23]
                         net (fo=2, routed)           0.000     8.311    ecc_soc_bd_i/soc_ecc_0/inst/u_soc/u_cpu/u_md/prod0/DSP58C<0>_INST/DSP_ALUADD.ALU_OUT<23>
    DSP_X0Y24            DSP_OUTPUT58 (Prop_DSP_OUTPUT_DSP58_ALU_OUT[23]_P[23])
                                                      0.295     8.606 r  ecc_soc_bd_i/soc_ecc_0/inst/u_soc/u_cpu/u_md/prod0/DSP58C<0>_INST/DSP_OUTPUT58_INST/P[23]
                         net (fo=2, routed)           0.486     9.092    ecc_soc_bd_i/soc_ecc_0/inst/u_soc/u_cpu/u_md/prod_reg[0]__0_i_1/I2
    SLICE_X66Y48         LUTCY2 (Prop_A6LUT_SLICEL_I2_GE)
                                                      0.129     9.221 r  ecc_soc_bd_i/soc_ecc_0/inst/u_soc/u_cpu/u_md/prod_reg[0]__0_i_1/LUTCY2_INST/GE
                         net (fo=1, routed)           0.046     9.267    ecc_soc_bd_i/soc_ecc_0/inst/u_soc/u_cpu/u_md/prod_reg[0]__0_i_1_n_0
    SLICE_X66Y48         LOOKAHEAD8 (Prop_LOOKAHEAD8_SLICEL_GEA_COUTH)
                                                      0.347     9.614 r  ecc_soc_bd_i/soc_ecc_0/inst/u_soc/u_cpu/u_md/prod_reg[8]__0_i_3/COUTH
                         net (fo=3, routed)           0.001     9.615    ecc_soc_bd_i/soc_ecc_0/inst/u_soc/u_cpu/u_md/prod_reg[8]__0_i_3_n_3
    SLICE_X66Y49         LOOKAHEAD8 (Prop_LOOKAHEAD8_SLICEL_CIN_COUTH)
                                                      0.053     9.668 r  ecc_soc_bd_i/soc_ecc_0/inst/u_soc/u_cpu/u_md/prod_reg[16]__0_i_3/COUTH
                         net (fo=3, routed)           0.001     9.669    ecc_soc_bd_i/soc_ecc_0/inst/u_soc/u_cpu/u_md/prod_reg[16]__0_i_1/I4
    SLICE_X66Y50         LUTCY2 (Prop_A6LUT_SLICEL_I4_O)
                                                      0.067     9.736 r  ecc_soc_bd_i/soc_ecc_0/inst/u_soc/u_cpu/u_md/prod_reg[16]__0_i_1/LUTCY2_INST/O
                         net (fo=3, routed)           0.028     9.764    ecc_soc_bd_i/soc_ecc_0/inst/u_soc/u_cpu/u_md/prod_reg[17]__0_i_1/I4
    SLICE_X66Y50         LUTCY1 (Prop_B5LUT_SLICEL_I4_O)
                                                      0.112     9.876 r  ecc_soc_bd_i/soc_ecc_0/inst/u_soc/u_cpu/u_md/prod_reg[17]__0_i_1/LUTCY1_INST/O
                         net (fo=1, routed)           0.053     9.929    ecc_soc_bd_i/soc_ecc_0/inst/u_soc/u_cpu/u_md/prod_reg[17]__0_i_1_n_1
    SLICE_X66Y50         FDRE                                         r  ecc_soc_bd_i/soc_ecc_0/inst/u_soc/u_cpu/u_md/prod_reg[17]__0/D
  -------------------------------------------------------------------    -------------------

                         (clock clk_pl_0 rise edge)
                                                     25.000    25.000 r  
    PS9_X0Y0             PS9                          0.000    25.000 r  ecc_soc_bd_i/versal_cips_0/inst/pspmc_0/inst/PS9_inst/PMCRCLKCLK[0]
                         net (fo=1, routed)           0.000    25.000    ecc_soc_bd_i/versal_cips_0/inst/pspmc_0/inst/pmc_pl_ref_clk[0]
    BUFG_PS_X0Y6         BUFG_PS (Prop_BUFG_PS_I_O)
                                                      0.072    25.072 r  ecc_soc_bd_i/versal_cips_0/inst/pspmc_0/inst/buffer_pl_clk_0.PL_CLK_0_BUFG/O
    X1Y1 (CLOCK_ROOT)    net (fo=3776, routed)        1.710    26.782    ecc_soc_bd_i/soc_ecc_0/inst/u_soc/u_cpu/u_md/aclk
    SLICE_X66Y50         FDRE                                         r  ecc_soc_bd_i/soc_ecc_0/inst/u_soc/u_cpu/u_md/prod_reg[17]__0/C
                         clock pessimism              0.154    26.936    
                         clock uncertainty           -0.126    26.810    
    SLICE_X66Y50         FDRE (Setup_BFF_SLICEL_C_D)
                                                     -0.001    26.809    ecc_soc_bd_i/soc_ecc_0/inst/u_soc/u_cpu/u_md/prod_reg[17]__0
  -------------------------------------------------------------------
                         required time                         26.809    
                         arrival time                          -9.929    
  -------------------------------------------------------------------
                         slack                                 16.880    

Slack (MET) :             16.929ns  (required time - arrival time)
  Source:                 ecc_soc_bd_i/soc_ecc_0/inst/u_soc/u_cpu/mem_wb_reg[wb_sel][2]/C
                            (rising edge-triggered cell FDRE clocked by clk_pl_0  {rise@0.000ns fall@12.500ns period=25.000ns})
  Destination:            ecc_soc_bd_i/soc_ecc_0/inst/u_soc/u_cpu/u_md/prod_reg[9]__0/D
                            (rising edge-triggered cell FDRE clocked by clk_pl_0  {rise@0.000ns fall@12.500ns period=25.000ns})
  Path Group:             clk_pl_0
  Path Type:              Setup (Max at Slow Process Corner)
  Requirement:            25.000ns  (clk_pl_0 rise@25.000ns - clk_pl_0 rise@0.000ns)
  Data Path Delay:        7.789ns  (logic 3.696ns (47.450%)  route 4.093ns (52.550%))
  Logic Levels:           14  (DSP_A_B_DATA58=1 DSP_ALUADD=1 DSP_ALUMUX=1 DSP_M_DATA58=1 DSP_MULTIPLIER58=1 DSP_OUTPUT58=1 DSP_PREADD_DATA58=1 LOOKAHEAD8=1 LUT2=1 LUT5=1 LUT6=1 LUTCY1=1 LUTCY2=2)
  Clock Path Skew:        -0.155ns (DCD - SCD + CPR)
    Destination Clock Delay (DCD):    1.777ns = ( 26.777 - 25.000 ) 
    Source Clock Delay      (SCD):    2.086ns
    Clock Pessimism Removal (CPR):    0.154ns
  Clock Uncertainty:      0.126ns  (CJ)/2 + PE + PJ
    Clock Jitter             (CJ):    0.252ns
    Phase Error              (PE):    0.000ns
    Phase Jitter             (PJ):    0.000ns
  Clock Net Delay (Source):      1.945ns (routing 0.261ns, distribution 1.684ns)
  Clock Net Delay (Destination): 1.705ns (routing 0.238ns, distribution 1.467ns)

    Location             Delay type                Incr(ns)  Path(ns)    Netlist Resource(s)
  -------------------------------------------------------------------    -------------------
                         (clock clk_pl_0 rise edge)
                                                      0.000     0.000 r  
    PS9_X0Y0             PS9                          0.000     0.000 r  ecc_soc_bd_i/versal_cips_0/inst/pspmc_0/inst/PS9_inst/PMCRCLKCLK[0]
                         net (fo=1, routed)           0.000     0.000    ecc_soc_bd_i/versal_cips_0/inst/pspmc_0/inst/pmc_pl_ref_clk[0]
    BUFG_PS_X0Y6         BUFG_PS (Prop_BUFG_PS_I_O)
                                                      0.141     0.141 r  ecc_soc_bd_i/versal_cips_0/inst/pspmc_0/inst/buffer_pl_clk_0.PL_CLK_0_BUFG/O
    X1Y1 (CLOCK_ROOT)    net (fo=3776, routed)        1.945     2.086    ecc_soc_bd_i/soc_ecc_0/inst/u_soc/u_cpu/aclk
    SLICE_X61Y41         FDRE                                         r  ecc_soc_bd_i/soc_ecc_0/inst/u_soc/u_cpu/mem_wb_reg[wb_sel][2]/C
  -------------------------------------------------------------------    -------------------
    SLICE_X61Y41         FDRE (Prop_EFF2_SLICEM_C_Q)
                                                      0.124     2.210 r  ecc_soc_bd_i/soc_ecc_0/inst/u_soc/u_cpu/mem_wb_reg[wb_sel][2]/Q
                         net (fo=37, routed)          1.018     3.227    ecc_soc_bd_i/soc_ecc_0/inst/u_soc/u_cpu/u_rf/wbh_data_reg[17][2]
    SLICE_X60Y31         LUT6 (Prop_G6LUT_SLICEL_I5_O)
                                                      0.184     3.411 f  ecc_soc_bd_i/soc_ecc_0/inst/u_soc/u_cpu/u_rf/wbh_data[31]_i_1/O
                         net (fo=7, routed)           0.346     3.757    ecc_soc_bd_i/soc_ecc_0/inst/u_soc/u_cpu/u_md/DIB[0]
    SLICE_X62Y33         LUT5 (Prop_B6LUT_SLICEL_I2_O)
                                                      0.132     3.889 f  ecc_soc_bd_i/soc_ecc_0/inst/u_soc/u_cpu/u_md/a_r[31]_i_1/O
                         net (fo=50, routed)          1.391     5.281    ecc_soc_bd_i/soc_ecc_0/inst/u_soc/u_cpu/u_md/fwd_a[31]
    SLICE_X70Y48         LUT2 (Prop_A6LUT_SLICEL_I0_O)
                                                      0.197     5.478 f  ecc_soc_bd_i/soc_ecc_0/inst/u_soc/u_cpu/u_md/prod0_i_1/O
                         net (fo=15, routed)          0.724     6.202    ecc_soc_bd_i/soc_ecc_0/inst/u_soc/u_cpu/u_md/prod0/DSP58C<0>_INST/B[21]
    DSP_X0Y24            DSP_A_B_DATA58 (Prop_DSP_A_B_DATA_DSP58_B[21]_B2_DATA[21])
                                                      0.622     6.824 r  ecc_soc_bd_i/soc_ecc_0/inst/u_soc/u_cpu/u_md/prod0/DSP58C<0>_INST/DSP_A_B_DATA58_INST/B2_DATA[21]
                         net (fo=1, routed)           0.000     6.824    ecc_soc_bd_i/soc_ecc_0/inst/u_soc/u_cpu/u_md/prod0/DSP58C<0>_INST/DSP_A_B_DATA58.B2_DATA<21>
    DSP_X0Y24            DSP_PREADD_DATA58 (Prop_DSP_PREADD_DATA_DSP58_B2_DATA[21]_B2B1[21])
                                                      0.213     7.037 r  ecc_soc_bd_i/soc_ecc_0/inst/u_soc/u_cpu/u_md/prod0/DSP58C<0>_INST/DSP_PREADD_DATA58_INST/B2B1[21]
                         net (fo=1, routed)           0.000     7.037    ecc_soc_bd_i/soc_ecc_0/inst/u_soc/u_cpu/u_md/prod0/DSP58C<0>_INST/DSP_PREADD_DATA58.B2B1<21>
    DSP_X0Y24            DSP_MULTIPLIER58 (Prop_DSP_MULTIPLIER_DSP58_B2B1[21]_V[23])
                                                      0.560     7.597 r  ecc_soc_bd_i/soc_ecc_0/inst/u_soc/u_cpu/u_md/prod0/DSP58C<0>_INST/DSP_MULTIPLIER58_INST/V[23]
                         net (fo=1, routed)           0.000     7.597    ecc_soc_bd_i/soc_ecc_0/inst/u_soc/u_cpu/u_md/prod0/DSP58C<0>_INST/DSP_MULTIPLIER58.V<23>
    DSP_X0Y24            DSP_M_DATA58 (Prop_DSP_M_DATA_DSP58_V[23]_V_DATA[23])
                                                      0.127     7.724 f  ecc_soc_bd_i/soc_ecc_0/inst/u_soc/u_cpu/u_md/prod0/DSP58C<0>_INST/DSP_M_DATA58_INST/V_DATA[23]
                         net (fo=1, routed)           0.000     7.724    ecc_soc_bd_i/soc_ecc_0/inst/u_soc/u_cpu/u_md/prod0/DSP58C<0>_INST/DSP_M_DATA58.V_DATA<23>
    DSP_X0Y24            DSP_ALUMUX (Prop_DSP_ALUMUX_DSP58_V_DATA[23]_Y[23])
                                                      0.099     7.823 r  ecc_soc_bd_i/soc_ecc_0/inst/u_soc/u_cpu/u_md/prod0/DSP58C<0>_INST/DSP_ALUMUX_INST/Y[23]
                         net (fo=1, routed)           0.000     7.823    ecc_soc_bd_i/soc_ecc_0/inst/u_soc/u_cpu/u_md/prod0/DSP58C<0>_INST/DSP_ALUMUX.Y<23>
    DSP_X0Y24            DSP_ALUADD (Prop_DSP_ALUADD_DSP58_Y[23]_ALU_OUT[23])
                                                      0.488     8.311 f  ecc_soc_bd_i/soc_ecc_0/inst/u_soc/u_cpu/u_md/prod0/DSP58C<0>_INST/DSP_ALUADD_INST/ALU_OUT[23]
                         net (fo=2, routed)           0.000     8.311    ecc_soc_bd_i/soc_ecc_0/inst/u_soc/u_cpu/u_md/prod0/DSP58C<0>_INST/DSP_ALUADD.ALU_OUT<23>
    DSP_X0Y24            DSP_OUTPUT58 (Prop_DSP_OUTPUT_DSP58_ALU_OUT[23]_P[23])
                                                      0.295     8.606 r  ecc_soc_bd_i/soc_ecc_0/inst/u_soc/u_cpu/u_md/prod0/DSP58C<0>_INST/DSP_OUTPUT58_INST/P[23]
                         net (fo=2, routed)           0.486     9.092    ecc_soc_bd_i/soc_ecc_0/inst/u_soc/u_cpu/u_md/prod_reg[0]__0_i_1/I2
    SLICE_X66Y48         LUTCY2 (Prop_A6LUT_SLICEL_I2_GE)
                                                      0.129     9.221 r  ecc_soc_bd_i/soc_ecc_0/inst/u_soc/u_cpu/u_md/prod_reg[0]__0_i_1/LUTCY2_INST/GE
                         net (fo=1, routed)           0.046     9.267    ecc_soc_bd_i/soc_ecc_0/inst/u_soc/u_cpu/u_md/prod_reg[0]__0_i_1_n_0
    SLICE_X66Y48         LOOKAHEAD8 (Prop_LOOKAHEAD8_SLICEL_GEA_COUTH)
                                                      0.347     9.614 r  ecc_soc_bd_i/soc_ecc_0/inst/u_soc/u_cpu/u_md/prod_reg[8]__0_i_3/COUTH
                         net (fo=3, routed)           0.001     9.615    ecc_soc_bd_i/soc_ecc_0/inst/u_soc/u_cpu/u_md/prod_reg[8]__0_i_1/I4
    SLICE_X66Y49         LUTCY2 (Prop_A6LUT_SLICEL_I4_O)
                                                      0.067     9.682 r  ecc_soc_bd_i/soc_ecc_0/inst/u_soc/u_cpu/u_md/prod_reg[8]__0_i_1/LUTCY2_INST/O
                         net (fo=3, routed)           0.028     9.710    ecc_soc_bd_i/soc_ecc_0/inst/u_soc/u_cpu/u_md/prod_reg[9]__0_i_1/I4
    SLICE_X66Y49         LUTCY1 (Prop_B5LUT_SLICEL_I4_O)
                                                      0.112     9.822 r  ecc_soc_bd_i/soc_ecc_0/inst/u_soc/u_cpu/u_md/prod_reg[9]__0_i_1/LUTCY1_INST/O
                         net (fo=1, routed)           0.053     9.875    ecc_soc_bd_i/soc_ecc_0/inst/u_soc/u_cpu/u_md/prod_reg[9]__0_i_1_n_1
    SLICE_X66Y49         FDRE                                         r  ecc_soc_bd_i/soc_ecc_0/inst/u_soc/u_cpu/u_md/prod_reg[9]__0/D
  -------------------------------------------------------------------    -------------------

                         (clock clk_pl_0 rise edge)
                                                     25.000    25.000 r  
    PS9_X0Y0             PS9                          0.000    25.000 r  ecc_soc_bd_i/versal_cips_0/inst/pspmc_0/inst/PS9_inst/PMCRCLKCLK[0]
                         net (fo=1, routed)           0.000    25.000    ecc_soc_bd_i/versal_cips_0/inst/pspmc_0/inst/pmc_pl_ref_clk[0]
    BUFG_PS_X0Y6         BUFG_PS (Prop_BUFG_PS_I_O)
                                                      0.072    25.072 r  ecc_soc_bd_i/versal_cips_0/inst/pspmc_0/inst/buffer_pl_clk_0.PL_CLK_0_BUFG/O
    X1Y1 (CLOCK_ROOT)    net (fo=3776, routed)        1.705    26.777    ecc_soc_bd_i/soc_ecc_0/inst/u_soc/u_cpu/u_md/aclk
    SLICE_X66Y49         FDRE                                         r  ecc_soc_bd_i/soc_ecc_0/inst/u_soc/u_cpu/u_md/prod_reg[9]__0/C
                         clock pessimism              0.154    26.931    
                         clock uncertainty           -0.126    26.805    
    SLICE_X66Y49         FDRE (Setup_BFF_SLICEL_C_D)
                                                     -0.001    26.804    ecc_soc_bd_i/soc_ecc_0/inst/u_soc/u_cpu/u_md/prod_reg[9]__0
  -------------------------------------------------------------------
                         required time                         26.804    
                         arrival time                          -9.875    
  -------------------------------------------------------------------
                         slack                                 16.929    

Slack (MET) :             16.957ns  (required time - arrival time)
  Source:                 ecc_soc_bd_i/soc_ecc_0/inst/u_soc/u_cpu/mem_wb_reg[wb_sel][2]/C
                            (rising edge-triggered cell FDRE clocked by clk_pl_0  {rise@0.000ns fall@12.500ns period=25.000ns})
  Destination:            ecc_soc_bd_i/soc_ecc_0/inst/u_soc/u_cpu/u_md/prod_reg[14]__0/D
                            (rising edge-triggered cell FDRE clocked by clk_pl_0  {rise@0.000ns fall@12.500ns period=25.000ns})
  Path Group:             clk_pl_0
  Path Type:              Setup (Max at Slow Process Corner)
  Requirement:            25.000ns  (clk_pl_0 rise@25.000ns - clk_pl_0 rise@0.000ns)
  Data Path Delay:        7.760ns  (logic 3.685ns (47.486%)  route 4.075ns (52.514%))
  Logic Levels:           14  (DSP_A_B_DATA58=1 DSP_ALUADD=1 DSP_ALUMUX=1 DSP_M_DATA58=1 DSP_MULTIPLIER58=1 DSP_OUTPUT58=1 DSP_PREADD_DATA58=1 LOOKAHEAD8=2 LUT2=1 LUT5=1 LUT6=1 LUTCY1=1 LUTCY2=1)
  Clock Path Skew:        -0.155ns (DCD - SCD + CPR)
    Destination Clock Delay (DCD):    1.777ns = ( 26.777 - 25.000 ) 
    Source Clock Delay      (SCD):    2.086ns
    Clock Pessimism Removal (CPR):    0.154ns
  Clock Uncertainty:      0.126ns  (CJ)/2 + PE + PJ
    Clock Jitter             (CJ):    0.252ns
    Phase Error              (PE):    0.000ns
    Phase Jitter             (PJ):    0.000ns
  Clock Net Delay (Source):      1.945ns (routing 0.261ns, distribution 1.684ns)
  Clock Net Delay (Destination): 1.705ns (routing 0.238ns, distribution 1.467ns)

    Location             Delay type                Incr(ns)  Path(ns)    Netlist Resource(s)
  -------------------------------------------------------------------    -------------------
                         (clock clk_pl_0 rise edge)
                                                      0.000     0.000 r  
    PS9_X0Y0             PS9                          0.000     0.000 r  ecc_soc_bd_i/versal_cips_0/inst/pspmc_0/inst/PS9_inst/PMCRCLKCLK[0]
                         net (fo=1, routed)           0.000     0.000    ecc_soc_bd_i/versal_cips_0/inst/pspmc_0/inst/pmc_pl_ref_clk[0]
    BUFG_PS_X0Y6         BUFG_PS (Prop_BUFG_PS_I_O)
                                                      0.141     0.141 r  ecc_soc_bd_i/versal_cips_0/inst/pspmc_0/inst/buffer_pl_clk_0.PL_CLK_0_BUFG/O
    X1Y1 (CLOCK_ROOT)    net (fo=3776, routed)        1.945     2.086    ecc_soc_bd_i/soc_ecc_0/inst/u_soc/u_cpu/aclk
    SLICE_X61Y41         FDRE                                         r  ecc_soc_bd_i/soc_ecc_0/inst/u_soc/u_cpu/mem_wb_reg[wb_sel][2]/C
  -------------------------------------------------------------------    -------------------
    SLICE_X61Y41         FDRE (Prop_EFF2_SLICEM_C_Q)
                                                      0.124     2.210 r  ecc_soc_bd_i/soc_ecc_0/inst/u_soc/u_cpu/mem_wb_reg[wb_sel][2]/Q
                         net (fo=37, routed)          1.018     3.227    ecc_soc_bd_i/soc_ecc_0/inst/u_soc/u_cpu/u_rf/wbh_data_reg[17][2]
    SLICE_X60Y31         LUT6 (Prop_G6LUT_SLICEL_I5_O)
                                                      0.184     3.411 f  ecc_soc_bd_i/soc_ecc_0/inst/u_soc/u_cpu/u_rf/wbh_data[31]_i_1/O
                         net (fo=7, routed)           0.346     3.757    ecc_soc_bd_i/soc_ecc_0/inst/u_soc/u_cpu/u_md/DIB[0]
    SLICE_X62Y33         LUT5 (Prop_B6LUT_SLICEL_I2_O)
                                                      0.132     3.889 f  ecc_soc_bd_i/soc_ecc_0/inst/u_soc/u_cpu/u_md/a_r[31]_i_1/O
                         net (fo=50, routed)          1.391     5.281    ecc_soc_bd_i/soc_ecc_0/inst/u_soc/u_cpu/u_md/fwd_a[31]
    SLICE_X70Y48         LUT2 (Prop_A6LUT_SLICEL_I0_O)
                                                      0.197     5.478 f  ecc_soc_bd_i/soc_ecc_0/inst/u_soc/u_cpu/u_md/prod0_i_1/O
                         net (fo=15, routed)          0.724     6.202    ecc_soc_bd_i/soc_ecc_0/inst/u_soc/u_cpu/u_md/prod0/DSP58C<0>_INST/B[21]
    DSP_X0Y24            DSP_A_B_DATA58 (Prop_DSP_A_B_DATA_DSP58_B[21]_B2_DATA[21])
                                                      0.622     6.824 r  ecc_soc_bd_i/soc_ecc_0/inst/u_soc/u_cpu/u_md/prod0/DSP58C<0>_INST/DSP_A_B_DATA58_INST/B2_DATA[21]
                         net (fo=1, routed)           0.000     6.824    ecc_soc_bd_i/soc_ecc_0/inst/u_soc/u_cpu/u_md/prod0/DSP58C<0>_INST/DSP_A_B_DATA58.B2_DATA<21>
    DSP_X0Y24            DSP_PREADD_DATA58 (Prop_DSP_PREADD_DATA_DSP58_B2_DATA[21]_B2B1[21])
                                                      0.213     7.037 r  ecc_soc_bd_i/soc_ecc_0/inst/u_soc/u_cpu/u_md/prod0/DSP58C<0>_INST/DSP_PREADD_DATA58_INST/B2B1[21]
                         net (fo=1, routed)           0.000     7.037    ecc_soc_bd_i/soc_ecc_0/inst/u_soc/u_cpu/u_md/prod0/DSP58C<0>_INST/DSP_PREADD_DATA58.B2B1<21>
    DSP_X0Y24            DSP_MULTIPLIER58 (Prop_DSP_MULTIPLIER_DSP58_B2B1[21]_V[23])
                                                      0.560     7.597 r  ecc_soc_bd_i/soc_ecc_0/inst/u_soc/u_cpu/u_md/prod0/DSP58C<0>_INST/DSP_MULTIPLIER58_INST/V[23]
                         net (fo=1, routed)           0.000     7.597    ecc_soc_bd_i/soc_ecc_0/inst/u_soc/u_cpu/u_md/prod0/DSP58C<0>_INST/DSP_MULTIPLIER58.V<23>
    DSP_X0Y24            DSP_M_DATA58 (Prop_DSP_M_DATA_DSP58_V[23]_V_DATA[23])
                                                      0.127     7.724 f  ecc_soc_bd_i/soc_ecc_0/inst/u_soc/u_cpu/u_md/prod0/DSP58C<0>_INST/DSP_M_DATA58_INST/V_DATA[23]
                         net (fo=1, routed)           0.000     7.724    ecc_soc_bd_i/soc_ecc_0/inst/u_soc/u_cpu/u_md/prod0/DSP58C<0>_INST/DSP_M_DATA58.V_DATA<23>
    DSP_X0Y24            DSP_ALUMUX (Prop_DSP_ALUMUX_DSP58_V_DATA[23]_Y[23])
                                                      0.099     7.823 r  ecc_soc_bd_i/soc_ecc_0/inst/u_soc/u_cpu/u_md/prod0/DSP58C<0>_INST/DSP_ALUMUX_INST/Y[23]
                         net (fo=1, routed)           0.000     7.823    ecc_soc_bd_i/soc_ecc_0/inst/u_soc/u_cpu/u_md/prod0/DSP58C<0>_INST/DSP_ALUMUX.Y<23>
    DSP_X0Y24            DSP_ALUADD (Prop_DSP_ALUADD_DSP58_Y[23]_ALU_OUT[23])
                                                      0.488     8.311 f  ecc_soc_bd_i/soc_ecc_0/inst/u_soc/u_cpu/u_md/prod0/DSP58C<0>_INST/DSP_ALUADD_INST/ALU_OUT[23]
                         net (fo=2, routed)           0.000     8.311    ecc_soc_bd_i/soc_ecc_0/inst/u_soc/u_cpu/u_md/prod0/DSP58C<0>_INST/DSP_ALUADD.ALU_OUT<23>
    DSP_X0Y24            DSP_OUTPUT58 (Prop_DSP_OUTPUT_DSP58_ALU_OUT[23]_P[23])
                                                      0.295     8.606 r  ecc_soc_bd_i/soc_ecc_0/inst/u_soc/u_cpu/u_md/prod0/DSP58C<0>_INST/DSP_OUTPUT58_INST/P[23]
                         net (fo=2, routed)           0.486     9.092    ecc_soc_bd_i/soc_ecc_0/inst/u_soc/u_cpu/u_md/prod_reg[0]__0_i_1/I2
    SLICE_X66Y48         LUTCY2 (Prop_A6LUT_SLICEL_I2_GE)
                                                      0.129     9.221 r  ecc_soc_bd_i/soc_ecc_0/inst/u_soc/u_cpu/u_md/prod_reg[0]__0_i_1/LUTCY2_INST/GE
                         net (fo=1, routed)           0.046     9.267    ecc_soc_bd_i/soc_ecc_0/inst/u_soc/u_cpu/u_md/prod_reg[0]__0_i_1_n_0
    SLICE_X66Y48         LOOKAHEAD8 (Prop_LOOKAHEAD8_SLICEL_GEA_COUTH)
                                                      0.347     9.614 r  ecc_soc_bd_i/soc_ecc_0/inst/u_soc/u_cpu/u_md/prod_reg[8]__0_i_3/COUTH
                         net (fo=3, routed)           0.001     9.615    ecc_soc_bd_i/soc_ecc_0/inst/u_soc/u_cpu/u_md/prod_reg[8]__0_i_3_n_3
    SLICE_X66Y49         LOOKAHEAD8 (Prop_LOOKAHEAD8_SLICEL_CIN_COUTF)
                                                      0.077     9.692 r  ecc_soc_bd_i/soc_ecc_0/inst/u_soc/u_cpu/u_md/prod_reg[16]__0_i_3/COUTF
                         net (fo=2, routed)           0.009     9.701    ecc_soc_bd_i/soc_ecc_0/inst/u_soc/u_cpu/u_md/prod_reg[14]__0_i_1/I4
    SLICE_X66Y49         LUTCY1 (Prop_G5LUT_SLICEL_I4_O)
                                                      0.091     9.792 r  ecc_soc_bd_i/soc_ecc_0/inst/u_soc/u_cpu/u_md/prod_reg[14]__0_i_1/LUTCY1_INST/O
                         net (fo=1, routed)           0.054     9.846    ecc_soc_bd_i/soc_ecc_0/inst/u_soc/u_cpu/u_md/prod_reg[14]__0_i_1_n_1
    SLICE_X66Y49         FDRE                                         r  ecc_soc_bd_i/soc_ecc_0/inst/u_soc/u_cpu/u_md/prod_reg[14]__0/D
  -------------------------------------------------------------------    -------------------

                         (clock clk_pl_0 rise edge)
                                                     25.000    25.000 r  
    PS9_X0Y0             PS9                          0.000    25.000 r  ecc_soc_bd_i/versal_cips_0/inst/pspmc_0/inst/PS9_inst/PMCRCLKCLK[0]
                         net (fo=1, routed)           0.000    25.000    ecc_soc_bd_i/versal_cips_0/inst/pspmc_0/inst/pmc_pl_ref_clk[0]
    BUFG_PS_X0Y6         BUFG_PS (Prop_BUFG_PS_I_O)
                                                      0.072    25.072 r  ecc_soc_bd_i/versal_cips_0/inst/pspmc_0/inst/buffer_pl_clk_0.PL_CLK_0_BUFG/O
    X1Y1 (CLOCK_ROOT)    net (fo=3776, routed)        1.705    26.777    ecc_soc_bd_i/soc_ecc_0/inst/u_soc/u_cpu/u_md/aclk
    SLICE_X66Y49         FDRE                                         r  ecc_soc_bd_i/soc_ecc_0/inst/u_soc/u_cpu/u_md/prod_reg[14]__0/C
                         clock pessimism              0.154    26.931    
                         clock uncertainty           -0.126    26.805    
    SLICE_X66Y49         FDRE (Setup_GFF_SLICEL_C_D)
                                                     -0.002    26.803    ecc_soc_bd_i/soc_ecc_0/inst/u_soc/u_cpu/u_md/prod_reg[14]__0
  -------------------------------------------------------------------
                         required time                         26.803    
                         arrival time                          -9.846    
  -------------------------------------------------------------------
                         slack                                 16.957    

Slack (MET) :             16.969ns  (required time - arrival time)
  Source:                 ecc_soc_bd_i/soc_ecc_0/inst/u_soc/u_cpu/mem_wb_reg[wb_sel][2]/C
                            (rising edge-triggered cell FDRE clocked by clk_pl_0  {rise@0.000ns fall@12.500ns period=25.000ns})
  Destination:            ecc_soc_bd_i/soc_ecc_0/inst/u_soc/u_cpu/u_md/prod_reg[10]__0/D
                            (rising edge-triggered cell FDRE clocked by clk_pl_0  {rise@0.000ns fall@12.500ns period=25.000ns})
  Path Group:             clk_pl_0
  Path Type:              Setup (Max at Slow Process Corner)
  Requirement:            25.000ns  (clk_pl_0 rise@25.000ns - clk_pl_0 rise@0.000ns)
  Data Path Delay:        7.748ns  (logic 3.672ns (47.392%)  route 4.076ns (52.608%))
  Logic Levels:           14  (DSP_A_B_DATA58=1 DSP_ALUADD=1 DSP_ALUMUX=1 DSP_M_DATA58=1 DSP_MULTIPLIER58=1 DSP_OUTPUT58=1 DSP_PREADD_DATA58=1 LOOKAHEAD8=2 LUT2=1 LUT5=1 LUT6=1 LUTCY1=1 LUTCY2=1)
  Clock Path Skew:        -0.155ns (DCD - SCD + CPR)
    Destination Clock Delay (DCD):    1.777ns = ( 26.777 - 25.000 ) 
    Source Clock Delay      (SCD):    2.086ns
    Clock Pessimism Removal (CPR):    0.154ns
  Clock Uncertainty:      0.126ns  (CJ)/2 + PE + PJ
    Clock Jitter             (CJ):    0.252ns
    Phase Error              (PE):    0.000ns
    Phase Jitter             (PJ):    0.000ns
  Clock Net Delay (Source):      1.945ns (routing 0.261ns, distribution 1.684ns)
  Clock Net Delay (Destination): 1.705ns (routing 0.238ns, distribution 1.467ns)

    Location             Delay type                Incr(ns)  Path(ns)    Netlist Resource(s)
  -------------------------------------------------------------------    -------------------
                         (clock clk_pl_0 rise edge)
                                                      0.000     0.000 r  
    PS9_X0Y0             PS9                          0.000     0.000 r  ecc_soc_bd_i/versal_cips_0/inst/pspmc_0/inst/PS9_inst/PMCRCLKCLK[0]
                         net (fo=1, routed)           0.000     0.000    ecc_soc_bd_i/versal_cips_0/inst/pspmc_0/inst/pmc_pl_ref_clk[0]
    BUFG_PS_X0Y6         BUFG_PS (Prop_BUFG_PS_I_O)
                                                      0.141     0.141 r  ecc_soc_bd_i/versal_cips_0/inst/pspmc_0/inst/buffer_pl_clk_0.PL_CLK_0_BUFG/O
    X1Y1 (CLOCK_ROOT)    net (fo=3776, routed)        1.945     2.086    ecc_soc_bd_i/soc_ecc_0/inst/u_soc/u_cpu/aclk
    SLICE_X61Y41         FDRE                                         r  ecc_soc_bd_i/soc_ecc_0/inst/u_soc/u_cpu/mem_wb_reg[wb_sel][2]/C
  -------------------------------------------------------------------    -------------------
    SLICE_X61Y41         FDRE (Prop_EFF2_SLICEM_C_Q)
                                                      0.124     2.210 r  ecc_soc_bd_i/soc_ecc_0/inst/u_soc/u_cpu/mem_wb_reg[wb_sel][2]/Q
                         net (fo=37, routed)          1.018     3.227    ecc_soc_bd_i/soc_ecc_0/inst/u_soc/u_cpu/u_rf/wbh_data_reg[17][2]
    SLICE_X60Y31         LUT6 (Prop_G6LUT_SLICEL_I5_O)
                                                      0.184     3.411 f  ecc_soc_bd_i/soc_ecc_0/inst/u_soc/u_cpu/u_rf/wbh_data[31]_i_1/O
                         net (fo=7, routed)           0.346     3.757    ecc_soc_bd_i/soc_ecc_0/inst/u_soc/u_cpu/u_md/DIB[0]
    SLICE_X62Y33         LUT5 (Prop_B6LUT_SLICEL_I2_O)
                                                      0.132     3.889 f  ecc_soc_bd_i/soc_ecc_0/inst/u_soc/u_cpu/u_md/a_r[31]_i_1/O
                         net (fo=50, routed)          1.391     5.281    ecc_soc_bd_i/soc_ecc_0/inst/u_soc/u_cpu/u_md/fwd_a[31]
    SLICE_X70Y48         LUT2 (Prop_A6LUT_SLICEL_I0_O)
                                                      0.197     5.478 f  ecc_soc_bd_i/soc_ecc_0/inst/u_soc/u_cpu/u_md/prod0_i_1/O
                         net (fo=15, routed)          0.724     6.202    ecc_soc_bd_i/soc_ecc_0/inst/u_soc/u_cpu/u_md/prod0/DSP58C<0>_INST/B[21]
    DSP_X0Y24            DSP_A_B_DATA58 (Prop_DSP_A_B_DATA_DSP58_B[21]_B2_DATA[21])
                                                      0.622     6.824 r  ecc_soc_bd_i/soc_ecc_0/inst/u_soc/u_cpu/u_md/prod0/DSP58C<0>_INST/DSP_A_B_DATA58_INST/B2_DATA[21]
                         net (fo=1, routed)           0.000     6.824    ecc_soc_bd_i/soc_ecc_0/inst/u_soc/u_cpu/u_md/prod0/DSP58C<0>_INST/DSP_A_B_DATA58.B2_DATA<21>
    DSP_X0Y24            DSP_PREADD_DATA58 (Prop_DSP_PREADD_DATA_DSP58_B2_DATA[21]_B2B1[21])
                                                      0.213     7.037 r  ecc_soc_bd_i/soc_ecc_0/inst/u_soc/u_cpu/u_md/prod0/DSP58C<0>_INST/DSP_PREADD_DATA58_INST/B2B1[21]
                         net (fo=1, routed)           0.000     7.037    ecc_soc_bd_i/soc_ecc_0/inst/u_soc/u_cpu/u_md/prod0/DSP58C<0>_INST/DSP_PREADD_DATA58.B2B1<21>
    DSP_X0Y24            DSP_MULTIPLIER58 (Prop_DSP_MULTIPLIER_DSP58_B2B1[21]_V[23])
                                                      0.560     7.597 r  ecc_soc_bd_i/soc_ecc_0/inst/u_soc/u_cpu/u_md/prod0/DSP58C<0>_INST/DSP_MULTIPLIER58_INST/V[23]
                         net (fo=1, routed)           0.000     7.597    ecc_soc_bd_i/soc_ecc_0/inst/u_soc/u_cpu/u_md/prod0/DSP58C<0>_INST/DSP_MULTIPLIER58.V<23>
    DSP_X0Y24            DSP_M_DATA58 (Prop_DSP_M_DATA_DSP58_V[23]_V_DATA[23])
                                                      0.127     7.724 f  ecc_soc_bd_i/soc_ecc_0/inst/u_soc/u_cpu/u_md/prod0/DSP58C<0>_INST/DSP_M_DATA58_INST/V_DATA[23]
                         net (fo=1, routed)           0.000     7.724    ecc_soc_bd_i/soc_ecc_0/inst/u_soc/u_cpu/u_md/prod0/DSP58C<0>_INST/DSP_M_DATA58.V_DATA<23>
    DSP_X0Y24            DSP_ALUMUX (Prop_DSP_ALUMUX_DSP58_V_DATA[23]_Y[23])
                                                      0.099     7.823 r  ecc_soc_bd_i/soc_ecc_0/inst/u_soc/u_cpu/u_md/prod0/DSP58C<0>_INST/DSP_ALUMUX_INST/Y[23]
                         net (fo=1, routed)           0.000     7.823    ecc_soc_bd_i/soc_ecc_0/inst/u_soc/u_cpu/u_md/prod0/DSP58C<0>_INST/DSP_ALUMUX.Y<23>
    DSP_X0Y24            DSP_ALUADD (Prop_DSP_ALUADD_DSP58_Y[23]_ALU_OUT[23])
                                                      0.488     8.311 f  ecc_soc_bd_i/soc_ecc_0/inst/u_soc/u_cpu/u_md/prod0/DSP58C<0>_INST/DSP_ALUADD_INST/ALU_OUT[23]
                         net (fo=2, routed)           0.000     8.311    ecc_soc_bd_i/soc_ecc_0/inst/u_soc/u_cpu/u_md/prod0/DSP58C<0>_INST/DSP_ALUADD.ALU_OUT<23>
    DSP_X0Y24            DSP_OUTPUT58 (Prop_DSP_OUTPUT_DSP58_ALU_OUT[23]_P[23])
                                                      0.295     8.606 r  ecc_soc_bd_i/soc_ecc_0/inst/u_soc/u_cpu/u_md/prod0/DSP58C<0>_INST/DSP_OUTPUT58_INST/P[23]
                         net (fo=2, routed)           0.486     9.092    ecc_soc_bd_i/soc_ecc_0/inst/u_soc/u_cpu/u_md/prod_reg[0]__0_i_1/I2
    SLICE_X66Y48         LUTCY2 (Prop_A6LUT_SLICEL_I2_GE)
                                                      0.129     9.221 r  ecc_soc_bd_i/soc_ecc_0/inst/u_soc/u_cpu/u_md/prod_reg[0]__0_i_1/LUTCY2_INST/GE
                         net (fo=1, routed)           0.046     9.267    ecc_soc_bd_i/soc_ecc_0/inst/u_soc/u_cpu/u_md/prod_reg[0]__0_i_1_n_0
    SLICE_X66Y48         LOOKAHEAD8 (Prop_LOOKAHEAD8_SLICEL_GEA_COUTH)
                                                      0.347     9.614 r  ecc_soc_bd_i/soc_ecc_0/inst/u_soc/u_cpu/u_md/prod_reg[8]__0_i_3/COUTH
                         net (fo=3, routed)           0.001     9.615    ecc_soc_bd_i/soc_ecc_0/inst/u_soc/u_cpu/u_md/prod_reg[8]__0_i_3_n_3
    SLICE_X66Y49         LOOKAHEAD8 (Prop_LOOKAHEAD8_SLICEL_CIN_COUTB)
                                                      0.075     9.690 r  ecc_soc_bd_i/soc_ecc_0/inst/u_soc/u_cpu/u_md/prod_reg[16]__0_i_3/COUTB
                         net (fo=2, routed)           0.011     9.701    ecc_soc_bd_i/soc_ecc_0/inst/u_soc/u_cpu/u_md/prod_reg[10]__0_i_1/I4
    SLICE_X66Y49         LUTCY1 (Prop_C5LUT_SLICEL_I4_O)
                                                      0.080     9.781 r  ecc_soc_bd_i/soc_ecc_0/inst/u_soc/u_cpu/u_md/prod_reg[10]__0_i_1/LUTCY1_INST/O
                         net (fo=1, routed)           0.053     9.834    ecc_soc_bd_i/soc_ecc_0/inst/u_soc/u_cpu/u_md/prod_reg[10]__0_i_1_n_1
    SLICE_X66Y49         FDRE                                         r  ecc_soc_bd_i/soc_ecc_0/inst/u_soc/u_cpu/u_md/prod_reg[10]__0/D
  -------------------------------------------------------------------    -------------------

                         (clock clk_pl_0 rise edge)
                                                     25.000    25.000 r  
    PS9_X0Y0             PS9                          0.000    25.000 r  ecc_soc_bd_i/versal_cips_0/inst/pspmc_0/inst/PS9_inst/PMCRCLKCLK[0]
                         net (fo=1, routed)           0.000    25.000    ecc_soc_bd_i/versal_cips_0/inst/pspmc_0/inst/pmc_pl_ref_clk[0]
    BUFG_PS_X0Y6         BUFG_PS (Prop_BUFG_PS_I_O)
                                                      0.072    25.072 r  ecc_soc_bd_i/versal_cips_0/inst/pspmc_0/inst/buffer_pl_clk_0.PL_CLK_0_BUFG/O
    X1Y1 (CLOCK_ROOT)    net (fo=3776, routed)        1.705    26.777    ecc_soc_bd_i/soc_ecc_0/inst/u_soc/u_cpu/u_md/aclk
    SLICE_X66Y49         FDRE                                         r  ecc_soc_bd_i/soc_ecc_0/inst/u_soc/u_cpu/u_md/prod_reg[10]__0/C
                         clock pessimism              0.154    26.931    
                         clock uncertainty           -0.126    26.805    
    SLICE_X66Y49         FDRE (Setup_CFF_SLICEL_C_D)
                                                     -0.002    26.803    ecc_soc_bd_i/soc_ecc_0/inst/u_soc/u_cpu/u_md/prod_reg[10]__0
  -------------------------------------------------------------------
                         required time                         26.803    
                         arrival time                          -9.834    
  -------------------------------------------------------------------
                         slack                                 16.969    

Slack (MET) :             16.971ns  (required time - arrival time)
  Source:                 ecc_soc_bd_i/soc_ecc_0/inst/u_soc/u_cpu/mem_wb_reg[wb_sel][2]/C
                            (rising edge-triggered cell FDRE clocked by clk_pl_0  {rise@0.000ns fall@12.500ns period=25.000ns})
  Destination:            ecc_soc_bd_i/soc_ecc_0/inst/u_soc/u_cpu/u_md/prod_reg[12]__0/D
                            (rising edge-triggered cell FDRE clocked by clk_pl_0  {rise@0.000ns fall@12.500ns period=25.000ns})
  Path Group:             clk_pl_0
  Path Type:              Setup (Max at Slow Process Corner)
  Requirement:            25.000ns  (clk_pl_0 rise@25.000ns - clk_pl_0 rise@0.000ns)
  Data Path Delay:        7.746ns  (logic 3.670ns (47.378%)  route 4.076ns (52.622%))
  Logic Levels:           14  (DSP_A_B_DATA58=1 DSP_ALUADD=1 DSP_ALUMUX=1 DSP_M_DATA58=1 DSP_MULTIPLIER58=1 DSP_OUTPUT58=1 DSP_PREADD_DATA58=1 LOOKAHEAD8=2 LUT2=1 LUT5=1 LUT6=1 LUTCY1=1 LUTCY2=1)
  Clock Path Skew:        -0.155ns (DCD - SCD + CPR)
    Destination Clock Delay (DCD):    1.777ns = ( 26.777 - 25.000 ) 
    Source Clock Delay      (SCD):    2.086ns
    Clock Pessimism Removal (CPR):    0.154ns
  Clock Uncertainty:      0.126ns  (CJ)/2 + PE + PJ
    Clock Jitter             (CJ):    0.252ns
    Phase Error              (PE):    0.000ns
    Phase Jitter             (PJ):    0.000ns
  Clock Net Delay (Source):      1.945ns (routing 0.261ns, distribution 1.684ns)
  Clock Net Delay (Destination): 1.705ns (routing 0.238ns, distribution 1.467ns)

    Location             Delay type                Incr(ns)  Path(ns)    Netlist Resource(s)
  -------------------------------------------------------------------    -------------------
                         (clock clk_pl_0 rise edge)
                                                      0.000     0.000 r  
    PS9_X0Y0             PS9                          0.000     0.000 r  ecc_soc_bd_i/versal_cips_0/inst/pspmc_0/inst/PS9_inst/PMCRCLKCLK[0]
                         net (fo=1, routed)           0.000     0.000    ecc_soc_bd_i/versal_cips_0/inst/pspmc_0/inst/pmc_pl_ref_clk[0]
    BUFG_PS_X0Y6         BUFG_PS (Prop_BUFG_PS_I_O)
                                                      0.141     0.141 r  ecc_soc_bd_i/versal_cips_0/inst/pspmc_0/inst/buffer_pl_clk_0.PL_CLK_0_BUFG/O
    X1Y1 (CLOCK_ROOT)    net (fo=3776, routed)        1.945     2.086    ecc_soc_bd_i/soc_ecc_0/inst/u_soc/u_cpu/aclk
    SLICE_X61Y41         FDRE                                         r  ecc_soc_bd_i/soc_ecc_0/inst/u_soc/u_cpu/mem_wb_reg[wb_sel][2]/C
  -------------------------------------------------------------------    -------------------
    SLICE_X61Y41         FDRE (Prop_EFF2_SLICEM_C_Q)
                                                      0.124     2.210 r  ecc_soc_bd_i/soc_ecc_0/inst/u_soc/u_cpu/mem_wb_reg[wb_sel][2]/Q
                         net (fo=37, routed)          1.018     3.227    ecc_soc_bd_i/soc_ecc_0/inst/u_soc/u_cpu/u_rf/wbh_data_reg[17][2]
    SLICE_X60Y31         LUT6 (Prop_G6LUT_SLICEL_I5_O)
                                                      0.184     3.411 f  ecc_soc_bd_i/soc_ecc_0/inst/u_soc/u_cpu/u_rf/wbh_data[31]_i_1/O
                         net (fo=7, routed)           0.346     3.757    ecc_soc_bd_i/soc_ecc_0/inst/u_soc/u_cpu/u_md/DIB[0]
    SLICE_X62Y33         LUT5 (Prop_B6LUT_SLICEL_I2_O)
                                                      0.132     3.889 f  ecc_soc_bd_i/soc_ecc_0/inst/u_soc/u_cpu/u_md/a_r[31]_i_1/O
                         net (fo=50, routed)          1.391     5.281    ecc_soc_bd_i/soc_ecc_0/inst/u_soc/u_cpu/u_md/fwd_a[31]
    SLICE_X70Y48         LUT2 (Prop_A6LUT_SLICEL_I0_O)
                                                      0.197     5.478 f  ecc_soc_bd_i/soc_ecc_0/inst/u_soc/u_cpu/u_md/prod0_i_1/O
                         net (fo=15, routed)          0.724     6.202    ecc_soc_bd_i/soc_ecc_0/inst/u_soc/u_cpu/u_md/prod0/DSP58C<0>_INST/B[21]
    DSP_X0Y24            DSP_A_B_DATA58 (Prop_DSP_A_B_DATA_DSP58_B[21]_B2_DATA[21])
                                                      0.622     6.824 r  ecc_soc_bd_i/soc_ecc_0/inst/u_soc/u_cpu/u_md/prod0/DSP58C<0>_INST/DSP_A_B_DATA58_INST/B2_DATA[21]
                         net (fo=1, routed)           0.000     6.824    ecc_soc_bd_i/soc_ecc_0/inst/u_soc/u_cpu/u_md/prod0/DSP58C<0>_INST/DSP_A_B_DATA58.B2_DATA<21>
    DSP_X0Y24            DSP_PREADD_DATA58 (Prop_DSP_PREADD_DATA_DSP58_B2_DATA[21]_B2B1[21])
                                                      0.213     7.037 r  ecc_soc_bd_i/soc_ecc_0/inst/u_soc/u_cpu/u_md/prod0/DSP58C<0>_INST/DSP_PREADD_DATA58_INST/B2B1[21]
                         net (fo=1, routed)           0.000     7.037    ecc_soc_bd_i/soc_ecc_0/inst/u_soc/u_cpu/u_md/prod0/DSP58C<0>_INST/DSP_PREADD_DATA58.B2B1<21>
    DSP_X0Y24            DSP_MULTIPLIER58 (Prop_DSP_MULTIPLIER_DSP58_B2B1[21]_V[23])
                                                      0.560     7.597 r  ecc_soc_bd_i/soc_ecc_0/inst/u_soc/u_cpu/u_md/prod0/DSP58C<0>_INST/DSP_MULTIPLIER58_INST/V[23]
                         net (fo=1, routed)           0.000     7.597    ecc_soc_bd_i/soc_ecc_0/inst/u_soc/u_cpu/u_md/prod0/DSP58C<0>_INST/DSP_MULTIPLIER58.V<23>
    DSP_X0Y24            DSP_M_DATA58 (Prop_DSP_M_DATA_DSP58_V[23]_V_DATA[23])
                                                      0.127     7.724 f  ecc_soc_bd_i/soc_ecc_0/inst/u_soc/u_cpu/u_md/prod0/DSP58C<0>_INST/DSP_M_DATA58_INST/V_DATA[23]
                         net (fo=1, routed)           0.000     7.724    ecc_soc_bd_i/soc_ecc_0/inst/u_soc/u_cpu/u_md/prod0/DSP58C<0>_INST/DSP_M_DATA58.V_DATA<23>
    DSP_X0Y24            DSP_ALUMUX (Prop_DSP_ALUMUX_DSP58_V_DATA[23]_Y[23])
                                                      0.099     7.823 r  ecc_soc_bd_i/soc_ecc_0/inst/u_soc/u_cpu/u_md/prod0/DSP58C<0>_INST/DSP_ALUMUX_INST/Y[23]
                         net (fo=1, routed)           0.000     7.823    ecc_soc_bd_i/soc_ecc_0/inst/u_soc/u_cpu/u_md/prod0/DSP58C<0>_INST/DSP_ALUMUX.Y<23>
    DSP_X0Y24            DSP_ALUADD (Prop_DSP_ALUADD_DSP58_Y[23]_ALU_OUT[23])
                                                      0.488     8.311 f  ecc_soc_bd_i/soc_ecc_0/inst/u_soc/u_cpu/u_md/prod0/DSP58C<0>_INST/DSP_ALUADD_INST/ALU_OUT[23]
                         net (fo=2, routed)           0.000     8.311    ecc_soc_bd_i/soc_ecc_0/inst/u_soc/u_cpu/u_md/prod0/DSP58C<0>_INST/DSP_ALUADD.ALU_OUT<23>
    DSP_X0Y24            DSP_OUTPUT58 (Prop_DSP_OUTPUT_DSP58_ALU_OUT[23]_P[23])
                                                      0.295     8.606 r  ecc_soc_bd_i/soc_ecc_0/inst/u_soc/u_cpu/u_md/prod0/DSP58C<0>_INST/DSP_OUTPUT58_INST/P[23]
                         net (fo=2, routed)           0.486     9.092    ecc_soc_bd_i/soc_ecc_0/inst/u_soc/u_cpu/u_md/prod_reg[0]__0_i_1/I2
    SLICE_X66Y48         LUTCY2 (Prop_A6LUT_SLICEL_I2_GE)
                                                      0.129     9.221 r  ecc_soc_bd_i/soc_ecc_0/inst/u_soc/u_cpu/u_md/prod_reg[0]__0_i_1/LUTCY2_INST/GE
                         net (fo=1, routed)           0.046     9.267    ecc_soc_bd_i/soc_ecc_0/inst/u_soc/u_cpu/u_md/prod_reg[0]__0_i_1_n_0
    SLICE_X66Y48         LOOKAHEAD8 (Prop_LOOKAHEAD8_SLICEL_GEA_COUTH)
                                                      0.347     9.614 r  ecc_soc_bd_i/soc_ecc_0/inst/u_soc/u_cpu/u_md/prod_reg[8]__0_i_3/COUTH
                         net (fo=3, routed)           0.001     9.615    ecc_soc_bd_i/soc_ecc_0/inst/u_soc/u_cpu/u_md/prod_reg[8]__0_i_3_n_3
    SLICE_X66Y49         LOOKAHEAD8 (Prop_LOOKAHEAD8_SLICEL_CIN_COUTD)
                                                      0.060     9.675 r  ecc_soc_bd_i/soc_ecc_0/inst/u_soc/u_cpu/u_md/prod_reg[16]__0_i_3/COUTD
                         net (fo=2, routed)           0.012     9.687    ecc_soc_bd_i/soc_ecc_0/inst/u_soc/u_cpu/u_md/prod_reg[12]__0_i_1/I4
    SLICE_X66Y49         LUTCY1 (Prop_E5LUT_SLICEL_I4_O)
                                                      0.093     9.780 r  ecc_soc_bd_i/soc_ecc_0/inst/u_soc/u_cpu/u_md/prod_reg[12]__0_i_1/LUTCY1_INST/O
                         net (fo=1, routed)           0.052     9.832    ecc_soc_bd_i/soc_ecc_0/inst/u_soc/u_cpu/u_md/prod_reg[12]__0_i_1_n_1
    SLICE_X66Y49         FDRE                                         r  ecc_soc_bd_i/soc_ecc_0/inst/u_soc/u_cpu/u_md/prod_reg[12]__0/D
  -------------------------------------------------------------------    -------------------

                         (clock clk_pl_0 rise edge)
                                                     25.000    25.000 r  
    PS9_X0Y0             PS9                          0.000    25.000 r  ecc_soc_bd_i/versal_cips_0/inst/pspmc_0/inst/PS9_inst/PMCRCLKCLK[0]
                         net (fo=1, routed)           0.000    25.000    ecc_soc_bd_i/versal_cips_0/inst/pspmc_0/inst/pmc_pl_ref_clk[0]
    BUFG_PS_X0Y6         BUFG_PS (Prop_BUFG_PS_I_O)
                                                      0.072    25.072 r  ecc_soc_bd_i/versal_cips_0/inst/pspmc_0/inst/buffer_pl_clk_0.PL_CLK_0_BUFG/O
    X1Y1 (CLOCK_ROOT)    net (fo=3776, routed)        1.705    26.777    ecc_soc_bd_i/soc_ecc_0/inst/u_soc/u_cpu/u_md/aclk
    SLICE_X66Y49         FDRE                                         r  ecc_soc_bd_i/soc_ecc_0/inst/u_soc/u_cpu/u_md/prod_reg[12]__0/C
                         clock pessimism              0.154    26.931    
                         clock uncertainty           -0.126    26.805    
    SLICE_X66Y49         FDRE (Setup_EFF_SLICEL_C_D)
                                                     -0.002    26.803    ecc_soc_bd_i/soc_ecc_0/inst/u_soc/u_cpu/u_md/prod_reg[12]__0
  -------------------------------------------------------------------
                         required time                         26.803    
                         arrival time                          -9.832    
  -------------------------------------------------------------------
                         slack                                 16.971    

Slack (MET) :             16.993ns  (required time - arrival time)
  Source:                 ecc_soc_bd_i/soc_ecc_0/inst/u_soc/u_cpu/mem_wb_reg[wb_sel][2]/C
                            (rising edge-triggered cell FDRE clocked by clk_pl_0  {rise@0.000ns fall@12.500ns period=25.000ns})
  Destination:            ecc_soc_bd_i/soc_ecc_0/inst/u_soc/u_cpu/u_md/prod_reg[7]__0/D
                            (rising edge-triggered cell FDRE clocked by clk_pl_0  {rise@0.000ns fall@12.500ns period=25.000ns})
  Path Group:             clk_pl_0
  Path Type:              Setup (Max at Slow Process Corner)
  Requirement:            25.000ns  (clk_pl_0 rise@25.000ns - clk_pl_0 rise@0.000ns)
  Data Path Delay:        7.729ns  (logic 3.652ns (47.249%)  route 4.077ns (52.751%))
  Logic Levels:           15  (DSP_A_B_DATA58=1 DSP_ALUADD=1 DSP_ALUMUX=1 DSP_M_DATA58=1 DSP_MULTIPLIER58=1 DSP_OUTPUT58=1 DSP_PREADD_DATA58=1 LOOKAHEAD8=1 LUT2=1 LUT5=1 LUT6=1 LUTCY1=1 LUTCY2=3)
  Clock Path Skew:        -0.150ns (DCD - SCD + CPR)
    Destination Clock Delay (DCD):    1.782ns = ( 26.782 - 25.000 ) 
    Source Clock Delay      (SCD):    2.086ns
    Clock Pessimism Removal (CPR):    0.154ns
  Clock Uncertainty:      0.126ns  (CJ)/2 + PE + PJ
    Clock Jitter             (CJ):    0.252ns
    Phase Error              (PE):    0.000ns
    Phase Jitter             (PJ):    0.000ns
  Clock Net Delay (Source):      1.945ns (routing 0.261ns, distribution 1.684ns)
  Clock Net Delay (Destination): 1.710ns (routing 0.238ns, distribution 1.472ns)

    Location             Delay type                Incr(ns)  Path(ns)    Netlist Resource(s)
  -------------------------------------------------------------------    -------------------
                         (clock clk_pl_0 rise edge)
                                                      0.000     0.000 r  
    PS9_X0Y0             PS9                          0.000     0.000 r  ecc_soc_bd_i/versal_cips_0/inst/pspmc_0/inst/PS9_inst/PMCRCLKCLK[0]
                         net (fo=1, routed)           0.000     0.000    ecc_soc_bd_i/versal_cips_0/inst/pspmc_0/inst/pmc_pl_ref_clk[0]
    BUFG_PS_X0Y6         BUFG_PS (Prop_BUFG_PS_I_O)
                                                      0.141     0.141 r  ecc_soc_bd_i/versal_cips_0/inst/pspmc_0/inst/buffer_pl_clk_0.PL_CLK_0_BUFG/O
    X1Y1 (CLOCK_ROOT)    net (fo=3776, routed)        1.945     2.086    ecc_soc_bd_i/soc_ecc_0/inst/u_soc/u_cpu/aclk
    SLICE_X61Y41         FDRE                                         r  ecc_soc_bd_i/soc_ecc_0/inst/u_soc/u_cpu/mem_wb_reg[wb_sel][2]/C
  -------------------------------------------------------------------    -------------------
    SLICE_X61Y41         FDRE (Prop_EFF2_SLICEM_C_Q)
                                                      0.124     2.210 r  ecc_soc_bd_i/soc_ecc_0/inst/u_soc/u_cpu/mem_wb_reg[wb_sel][2]/Q
                         net (fo=37, routed)          1.018     3.227    ecc_soc_bd_i/soc_ecc_0/inst/u_soc/u_cpu/u_rf/wbh_data_reg[17][2]
    SLICE_X60Y31         LUT6 (Prop_G6LUT_SLICEL_I5_O)
                                                      0.184     3.411 f  ecc_soc_bd_i/soc_ecc_0/inst/u_soc/u_cpu/u_rf/wbh_data[31]_i_1/O
                         net (fo=7, routed)           0.346     3.757    ecc_soc_bd_i/soc_ecc_0/inst/u_soc/u_cpu/u_md/DIB[0]
    SLICE_X62Y33         LUT5 (Prop_B6LUT_SLICEL_I2_O)
                                                      0.132     3.889 f  ecc_soc_bd_i/soc_ecc_0/inst/u_soc/u_cpu/u_md/a_r[31]_i_1/O
                         net (fo=50, routed)          1.391     5.281    ecc_soc_bd_i/soc_ecc_0/inst/u_soc/u_cpu/u_md/fwd_a[31]
    SLICE_X70Y48         LUT2 (Prop_A6LUT_SLICEL_I0_O)
                                                      0.197     5.478 f  ecc_soc_bd_i/soc_ecc_0/inst/u_soc/u_cpu/u_md/prod0_i_1/O
                         net (fo=15, routed)          0.724     6.202    ecc_soc_bd_i/soc_ecc_0/inst/u_soc/u_cpu/u_md/prod0/DSP58C<0>_INST/B[21]
    DSP_X0Y24            DSP_A_B_DATA58 (Prop_DSP_A_B_DATA_DSP58_B[21]_B2_DATA[21])
                                                      0.622     6.824 r  ecc_soc_bd_i/soc_ecc_0/inst/u_soc/u_cpu/u_md/prod0/DSP58C<0>_INST/DSP_A_B_DATA58_INST/B2_DATA[21]
                         net (fo=1, routed)           0.000     6.824    ecc_soc_bd_i/soc_ecc_0/inst/u_soc/u_cpu/u_md/prod0/DSP58C<0>_INST/DSP_A_B_DATA58.B2_DATA<21>
    DSP_X0Y24            DSP_PREADD_DATA58 (Prop_DSP_PREADD_DATA_DSP58_B2_DATA[21]_B2B1[21])
                                                      0.213     7.037 r  ecc_soc_bd_i/soc_ecc_0/inst/u_soc/u_cpu/u_md/prod0/DSP58C<0>_INST/DSP_PREADD_DATA58_INST/B2B1[21]
                         net (fo=1, routed)           0.000     7.037    ecc_soc_bd_i/soc_ecc_0/inst/u_soc/u_cpu/u_md/prod0/DSP58C<0>_INST/DSP_PREADD_DATA58.B2B1<21>
    DSP_X0Y24            DSP_MULTIPLIER58 (Prop_DSP_MULTIPLIER_DSP58_B2B1[21]_V[23])
                                                      0.560     7.597 r  ecc_soc_bd_i/soc_ecc_0/inst/u_soc/u_cpu/u_md/prod0/DSP58C<0>_INST/DSP_MULTIPLIER58_INST/V[23]
                         net (fo=1, routed)           0.000     7.597    ecc_soc_bd_i/soc_ecc_0/inst/u_soc/u_cpu/u_md/prod0/DSP58C<0>_INST/DSP_MULTIPLIER58.V<23>
    DSP_X0Y24            DSP_M_DATA58 (Prop_DSP_M_DATA_DSP58_V[23]_V_DATA[23])
                                                      0.127     7.724 f  ecc_soc_bd_i/soc_ecc_0/inst/u_soc/u_cpu/u_md/prod0/DSP58C<0>_INST/DSP_M_DATA58_INST/V_DATA[23]
                         net (fo=1, routed)           0.000     7.724    ecc_soc_bd_i/soc_ecc_0/inst/u_soc/u_cpu/u_md/prod0/DSP58C<0>_INST/DSP_M_DATA58.V_DATA<23>
    DSP_X0Y24            DSP_ALUMUX (Prop_DSP_ALUMUX_DSP58_V_DATA[23]_Y[23])
                                                      0.099     7.823 r  ecc_soc_bd_i/soc_ecc_0/inst/u_soc/u_cpu/u_md/prod0/DSP58C<0>_INST/DSP_ALUMUX_INST/Y[23]
                         net (fo=1, routed)           0.000     7.823    ecc_soc_bd_i/soc_ecc_0/inst/u_soc/u_cpu/u_md/prod0/DSP58C<0>_INST/DSP_ALUMUX.Y<23>
    DSP_X0Y24            DSP_ALUADD (Prop_DSP_ALUADD_DSP58_Y[23]_ALU_OUT[23])
                                                      0.488     8.311 f  ecc_soc_bd_i/soc_ecc_0/inst/u_soc/u_cpu/u_md/prod0/DSP58C<0>_INST/DSP_ALUADD_INST/ALU_OUT[23]
                         net (fo=2, routed)           0.000     8.311    ecc_soc_bd_i/soc_ecc_0/inst/u_soc/u_cpu/u_md/prod0/DSP58C<0>_INST/DSP_ALUADD.ALU_OUT<23>
    DSP_X0Y24            DSP_OUTPUT58 (Prop_DSP_OUTPUT_DSP58_ALU_OUT[23]_P[23])
                                                      0.295     8.606 r  ecc_soc_bd_i/soc_ecc_0/inst/u_soc/u_cpu/u_md/prod0/DSP58C<0>_INST/DSP_OUTPUT58_INST/P[23]
                         net (fo=2, routed)           0.486     9.092    ecc_soc_bd_i/soc_ecc_0/inst/u_soc/u_cpu/u_md/prod_reg[0]__0_i_1/I2
    SLICE_X66Y48         LUTCY2 (Prop_A6LUT_SLICEL_I2_O)
                                                      0.129     9.221 r  ecc_soc_bd_i/soc_ecc_0/inst/u_soc/u_cpu/u_md/prod_reg[0]__0_i_1/LUTCY2_INST/O
                         net (fo=3, routed)           0.028     9.249    ecc_soc_bd_i/soc_ecc_0/inst/u_soc/u_cpu/u_md/prod_reg[1]__0_i_1/I4
    SLICE_X66Y48         LUTCY2 (Prop_B6LUT_SLICEL_I4_O)
                                                      0.104     9.353 r  ecc_soc_bd_i/soc_ecc_0/inst/u_soc/u_cpu/u_md/prod_reg[1]__0_i_1/LUTCY2_INST/O
                         net (fo=1, routed)           0.000     9.353    ecc_soc_bd_i/soc_ecc_0/inst/u_soc/u_cpu/u_md/prod_reg[1]__0_i_1_n_2
    SLICE_X66Y48         LOOKAHEAD8 (Prop_LOOKAHEAD8_SLICEL_CYB_COUTF)
                                                      0.202     9.555 r  ecc_soc_bd_i/soc_ecc_0/inst/u_soc/u_cpu/u_md/prod_reg[8]__0_i_3/COUTF
                         net (fo=2, routed)           0.009     9.564    ecc_soc_bd_i/soc_ecc_0/inst/u_soc/u_cpu/u_md/prod_reg[6]__0_i_1/I4
    SLICE_X66Y48         LUTCY2 (Prop_G6LUT_SLICEL_I4_O)
                                                      0.087     9.651 r  ecc_soc_bd_i/soc_ecc_0/inst/u_soc/u_cpu/u_md/prod_reg[6]__0_i_1/LUTCY2_INST/O
                         net (fo=3, routed)           0.021     9.672    ecc_soc_bd_i/soc_ecc_0/inst/u_soc/u_cpu/u_md/prod_reg[7]__0_i_1/I4
    SLICE_X66Y48         LUTCY1 (Prop_H5LUT_SLICEL_I4_O)
                                                      0.089     9.761 r  ecc_soc_bd_i/soc_ecc_0/inst/u_soc/u_cpu/u_md/prod_reg[7]__0_i_1/LUTCY1_INST/O
                         net (fo=1, routed)           0.054     9.815    ecc_soc_bd_i/soc_ecc_0/inst/u_soc/u_cpu/u_md/prod_reg[7]__0_i_1_n_1
    SLICE_X66Y48         FDRE                                         r  ecc_soc_bd_i/soc_ecc_0/inst/u_soc/u_cpu/u_md/prod_reg[7]__0/D
  -------------------------------------------------------------------    -------------------

                         (clock clk_pl_0 rise edge)
                                                     25.000    25.000 r  
    PS9_X0Y0             PS9                          0.000    25.000 r  ecc_soc_bd_i/versal_cips_0/inst/pspmc_0/inst/PS9_inst/PMCRCLKCLK[0]
                         net (fo=1, routed)           0.000    25.000    ecc_soc_bd_i/versal_cips_0/inst/pspmc_0/inst/pmc_pl_ref_clk[0]
    BUFG_PS_X0Y6         BUFG_PS (Prop_BUFG_PS_I_O)
                                                      0.072    25.072 r  ecc_soc_bd_i/versal_cips_0/inst/pspmc_0/inst/buffer_pl_clk_0.PL_CLK_0_BUFG/O
    X1Y1 (CLOCK_ROOT)    net (fo=3776, routed)        1.710    26.782    ecc_soc_bd_i/soc_ecc_0/inst/u_soc/u_cpu/u_md/aclk
    SLICE_X66Y48         FDRE                                         r  ecc_soc_bd_i/soc_ecc_0/inst/u_soc/u_cpu/u_md/prod_reg[7]__0/C
                         clock pessimism              0.154    26.936    
                         clock uncertainty           -0.126    26.810    
    SLICE_X66Y48         FDRE (Setup_HFF_SLICEL_C_D)
                                                     -0.002    26.808    ecc_soc_bd_i/soc_ecc_0/inst/u_soc/u_cpu/u_md/prod_reg[7]__0
  -------------------------------------------------------------------
                         required time                         26.808    
                         arrival time                          -9.815    
  -------------------------------------------------------------------
                         slack                                 16.993    

Slack (MET) :             17.013ns  (required time - arrival time)
  Source:                 ecc_soc_bd_i/soc_ecc_0/inst/u_soc/u_cpu/mem_wb_reg[wb_sel][2]/C
                            (rising edge-triggered cell FDRE clocked by clk_pl_0  {rise@0.000ns fall@12.500ns period=25.000ns})
  Destination:            ecc_soc_bd_i/soc_ecc_0/inst/u_soc/u_cpu/u_md/prod_reg[16]__0/D
                            (rising edge-triggered cell FDRE clocked by clk_pl_0  {rise@0.000ns fall@12.500ns period=25.000ns})
  Path Group:             clk_pl_0
  Path Type:              Setup (Max at Slow Process Corner)
  Requirement:            25.000ns  (clk_pl_0 rise@25.000ns - clk_pl_0 rise@0.000ns)
  Data Path Delay:        7.710ns  (logic 3.644ns (47.262%)  route 4.066ns (52.738%))
  Logic Levels:           14  (DSP_A_B_DATA58=1 DSP_ALUADD=1 DSP_ALUMUX=1 DSP_M_DATA58=1 DSP_MULTIPLIER58=1 DSP_OUTPUT58=1 DSP_PREADD_DATA58=1 LOOKAHEAD8=2 LUT2=1 LUT5=1 LUT6=1 LUTCY1=1 LUTCY2=1)
  Clock Path Skew:        -0.150ns (DCD - SCD + CPR)
    Destination Clock Delay (DCD):    1.782ns = ( 26.782 - 25.000 ) 
    Source Clock Delay      (SCD):    2.086ns
    Clock Pessimism Removal (CPR):    0.154ns
  Clock Uncertainty:      0.126ns  (CJ)/2 + PE + PJ
    Clock Jitter             (CJ):    0.252ns
    Phase Error              (PE):    0.000ns
    Phase Jitter             (PJ):    0.000ns
  Clock Net Delay (Source):      1.945ns (routing 0.261ns, distribution 1.684ns)
  Clock Net Delay (Destination): 1.710ns (routing 0.238ns, distribution 1.472ns)

    Location             Delay type                Incr(ns)  Path(ns)    Netlist Resource(s)
  -------------------------------------------------------------------    -------------------
                         (clock clk_pl_0 rise edge)
                                                      0.000     0.000 r  
    PS9_X0Y0             PS9                          0.000     0.000 r  ecc_soc_bd_i/versal_cips_0/inst/pspmc_0/inst/PS9_inst/PMCRCLKCLK[0]
                         net (fo=1, routed)           0.000     0.000    ecc_soc_bd_i/versal_cips_0/inst/pspmc_0/inst/pmc_pl_ref_clk[0]
    BUFG_PS_X0Y6         BUFG_PS (Prop_BUFG_PS_I_O)
                                                      0.141     0.141 r  ecc_soc_bd_i/versal_cips_0/inst/pspmc_0/inst/buffer_pl_clk_0.PL_CLK_0_BUFG/O
    X1Y1 (CLOCK_ROOT)    net (fo=3776, routed)        1.945     2.086    ecc_soc_bd_i/soc_ecc_0/inst/u_soc/u_cpu/aclk
    SLICE_X61Y41         FDRE                                         r  ecc_soc_bd_i/soc_ecc_0/inst/u_soc/u_cpu/mem_wb_reg[wb_sel][2]/C
  -------------------------------------------------------------------    -------------------
    SLICE_X61Y41         FDRE (Prop_EFF2_SLICEM_C_Q)
                                                      0.124     2.210 r  ecc_soc_bd_i/soc_ecc_0/inst/u_soc/u_cpu/mem_wb_reg[wb_sel][2]/Q
                         net (fo=37, routed)          1.018     3.227    ecc_soc_bd_i/soc_ecc_0/inst/u_soc/u_cpu/u_rf/wbh_data_reg[17][2]
    SLICE_X60Y31         LUT6 (Prop_G6LUT_SLICEL_I5_O)
                                                      0.184     3.411 f  ecc_soc_bd_i/soc_ecc_0/inst/u_soc/u_cpu/u_rf/wbh_data[31]_i_1/O
                         net (fo=7, routed)           0.346     3.757    ecc_soc_bd_i/soc_ecc_0/inst/u_soc/u_cpu/u_md/DIB[0]
    SLICE_X62Y33         LUT5 (Prop_B6LUT_SLICEL_I2_O)
                                                      0.132     3.889 f  ecc_soc_bd_i/soc_ecc_0/inst/u_soc/u_cpu/u_md/a_r[31]_i_1/O
                         net (fo=50, routed)          1.391     5.281    ecc_soc_bd_i/soc_ecc_0/inst/u_soc/u_cpu/u_md/fwd_a[31]
    SLICE_X70Y48         LUT2 (Prop_A6LUT_SLICEL_I0_O)
                                                      0.197     5.478 f  ecc_soc_bd_i/soc_ecc_0/inst/u_soc/u_cpu/u_md/prod0_i_1/O
                         net (fo=15, routed)          0.724     6.202    ecc_soc_bd_i/soc_ecc_0/inst/u_soc/u_cpu/u_md/prod0/DSP58C<0>_INST/B[21]
    DSP_X0Y24            DSP_A_B_DATA58 (Prop_DSP_A_B_DATA_DSP58_B[21]_B2_DATA[21])
                                                      0.622     6.824 r  ecc_soc_bd_i/soc_ecc_0/inst/u_soc/u_cpu/u_md/prod0/DSP58C<0>_INST/DSP_A_B_DATA58_INST/B2_DATA[21]
                         net (fo=1, routed)           0.000     6.824    ecc_soc_bd_i/soc_ecc_0/inst/u_soc/u_cpu/u_md/prod0/DSP58C<0>_INST/DSP_A_B_DATA58.B2_DATA<21>
    DSP_X0Y24            DSP_PREADD_DATA58 (Prop_DSP_PREADD_DATA_DSP58_B2_DATA[21]_B2B1[21])
                                                      0.213     7.037 r  ecc_soc_bd_i/soc_ecc_0/inst/u_soc/u_cpu/u_md/prod0/DSP58C<0>_INST/DSP_PREADD_DATA58_INST/B2B1[21]
                         net (fo=1, routed)           0.000     7.037    ecc_soc_bd_i/soc_ecc_0/inst/u_soc/u_cpu/u_md/prod0/DSP58C<0>_INST/DSP_PREADD_DATA58.B2B1<21>
    DSP_X0Y24            DSP_MULTIPLIER58 (Prop_DSP_MULTIPLIER_DSP58_B2B1[21]_V[23])
                                                      0.560     7.597 r  ecc_soc_bd_i/soc_ecc_0/inst/u_soc/u_cpu/u_md/prod0/DSP58C<0>_INST/DSP_MULTIPLIER58_INST/V[23]
                         net (fo=1, routed)           0.000     7.597    ecc_soc_bd_i/soc_ecc_0/inst/u_soc/u_cpu/u_md/prod0/DSP58C<0>_INST/DSP_MULTIPLIER58.V<23>
    DSP_X0Y24            DSP_M_DATA58 (Prop_DSP_M_DATA_DSP58_V[23]_V_DATA[23])
                                                      0.127     7.724 f  ecc_soc_bd_i/soc_ecc_0/inst/u_soc/u_cpu/u_md/prod0/DSP58C<0>_INST/DSP_M_DATA58_INST/V_DATA[23]
                         net (fo=1, routed)           0.000     7.724    ecc_soc_bd_i/soc_ecc_0/inst/u_soc/u_cpu/u_md/prod0/DSP58C<0>_INST/DSP_M_DATA58.V_DATA<23>
    DSP_X0Y24            DSP_ALUMUX (Prop_DSP_ALUMUX_DSP58_V_DATA[23]_Y[23])
                                                      0.099     7.823 r  ecc_soc_bd_i/soc_ecc_0/inst/u_soc/u_cpu/u_md/prod0/DSP58C<0>_INST/DSP_ALUMUX_INST/Y[23]
                         net (fo=1, routed)           0.000     7.823    ecc_soc_bd_i/soc_ecc_0/inst/u_soc/u_cpu/u_md/prod0/DSP58C<0>_INST/DSP_ALUMUX.Y<23>
    DSP_X0Y24            DSP_ALUADD (Prop_DSP_ALUADD_DSP58_Y[23]_ALU_OUT[23])
                                                      0.488     8.311 f  ecc_soc_bd_i/soc_ecc_0/inst/u_soc/u_cpu/u_md/prod0/DSP58C<0>_INST/DSP_ALUADD_INST/ALU_OUT[23]
                         net (fo=2, routed)           0.000     8.311    ecc_soc_bd_i/soc_ecc_0/inst/u_soc/u_cpu/u_md/prod0/DSP58C<0>_INST/DSP_ALUADD.ALU_OUT<23>
    DSP_X0Y24            DSP_OUTPUT58 (Prop_DSP_OUTPUT_DSP58_ALU_OUT[23]_P[23])
                                                      0.295     8.606 r  ecc_soc_bd_i/soc_ecc_0/inst/u_soc/u_cpu/u_md/prod0/DSP58C<0>_INST/DSP_OUTPUT58_INST/P[23]
                         net (fo=2, routed)           0.486     9.092    ecc_soc_bd_i/soc_ecc_0/inst/u_soc/u_cpu/u_md/prod_reg[0]__0_i_1/I2
    SLICE_X66Y48         LUTCY2 (Prop_A6LUT_SLICEL_I2_GE)
                                                      0.129     9.221 r  ecc_soc_bd_i/soc_ecc_0/inst/u_soc/u_cpu/u_md/prod_reg[0]__0_i_1/LUTCY2_INST/GE
                         net (fo=1, routed)           0.046     9.267    ecc_soc_bd_i/soc_ecc_0/inst/u_soc/u_cpu/u_md/prod_reg[0]__0_i_1_n_0
    SLICE_X66Y48         LOOKAHEAD8 (Prop_LOOKAHEAD8_SLICEL_GEA_COUTH)
                                                      0.347     9.614 r  ecc_soc_bd_i/soc_ecc_0/inst/u_soc/u_cpu/u_md/prod_reg[8]__0_i_3/COUTH
                         net (fo=3, routed)           0.001     9.615    ecc_soc_bd_i/soc_ecc_0/inst/u_soc/u_cpu/u_md/prod_reg[8]__0_i_3_n_3
    SLICE_X66Y49         LOOKAHEAD8 (Prop_LOOKAHEAD8_SLICEL_CIN_COUTH)
                                                      0.053     9.668 r  ecc_soc_bd_i/soc_ecc_0/inst/u_soc/u_cpu/u_md/prod_reg[16]__0_i_3/COUTH
                         net (fo=3, routed)           0.001     9.669    ecc_soc_bd_i/soc_ecc_0/inst/u_soc/u_cpu/u_md/prod_reg[16]__0_i_1/I4
    SLICE_X66Y50         LUTCY1 (Prop_A5LUT_SLICEL_I4_O)
                                                      0.074     9.743 r  ecc_soc_bd_i/soc_ecc_0/inst/u_soc/u_cpu/u_md/prod_reg[16]__0_i_1/LUTCY1_INST/O
                         net (fo=1, routed)           0.053     9.796    ecc_soc_bd_i/soc_ecc_0/inst/u_soc/u_cpu/u_md/prod_reg[16]__0_i_1_n_1
    SLICE_X66Y50         FDRE                                         r  ecc_soc_bd_i/soc_ecc_0/inst/u_soc/u_cpu/u_md/prod_reg[16]__0/D
  -------------------------------------------------------------------    -------------------

                         (clock clk_pl_0 rise edge)
                                                     25.000    25.000 r  
    PS9_X0Y0             PS9                          0.000    25.000 r  ecc_soc_bd_i/versal_cips_0/inst/pspmc_0/inst/PS9_inst/PMCRCLKCLK[0]
                         net (fo=1, routed)           0.000    25.000    ecc_soc_bd_i/versal_cips_0/inst/pspmc_0/inst/pmc_pl_ref_clk[0]
    BUFG_PS_X0Y6         BUFG_PS (Prop_BUFG_PS_I_O)
                                                      0.072    25.072 r  ecc_soc_bd_i/versal_cips_0/inst/pspmc_0/inst/buffer_pl_clk_0.PL_CLK_0_BUFG/O
    X1Y1 (CLOCK_ROOT)    net (fo=3776, routed)        1.710    26.782    ecc_soc_bd_i/soc_ecc_0/inst/u_soc/u_cpu/u_md/aclk
    SLICE_X66Y50         FDRE                                         r  ecc_soc_bd_i/soc_ecc_0/inst/u_soc/u_cpu/u_md/prod_reg[16]__0/C
                         clock pessimism              0.154    26.936    
                         clock uncertainty           -0.126    26.810    
    SLICE_X66Y50         FDRE (Setup_AFF_SLICEL_C_D)
                                                     -0.001    26.809    ecc_soc_bd_i/soc_ecc_0/inst/u_soc/u_cpu/u_md/prod_reg[16]__0
  -------------------------------------------------------------------
                         required time                         26.809    
                         arrival time                          -9.796    
  -------------------------------------------------------------------
                         slack                                 17.013    





Min Delay Paths
--------------------------------------------------------------------------------------
Slack (MET) :             0.017ns  (arrival time - required time)
  Source:                 ecc_soc_bd_i/soc_ecc_0/inst/u_soc/u_scrub/bram/mem_reg_0_31_0_13/RAMG_D1/CLK
                            (rising edge-triggered cell RAMD32 clocked by clk_pl_0  {rise@0.000ns fall@12.500ns period=25.000ns})
  Destination:            ecc_soc_bd_i/soc_ecc_0/inst/u_soc/u_scrub/bram/rd_q_reg[13]/D
                            (rising edge-triggered cell FDRE clocked by clk_pl_0  {rise@0.000ns fall@12.500ns period=25.000ns})
  Path Group:             clk_pl_0
  Path Type:              Hold (Min at Fast Process Corner)
  Requirement:            0.000ns  (clk_pl_0 rise@0.000ns - clk_pl_0 rise@0.000ns)
  Data Path Delay:        0.146ns  (logic 0.129ns (88.356%)  route 0.017ns (11.644%))
  Logic Levels:           0  
  Clock Path Skew:        0.085ns (DCD - SCD - CPR)
    Destination Clock Delay (DCD):    1.411ns
    Source Clock Delay      (SCD):    1.160ns
    Clock Pessimism Removal (CPR):    0.165ns
  Clock Net Delay (Source):      1.108ns (routing 0.165ns, distribution 0.943ns)
  Clock Net Delay (Destination): 1.315ns (routing 0.187ns, distribution 1.128ns)

    Location             Delay type                Incr(ns)  Path(ns)    Netlist Resource(s)
  -------------------------------------------------------------------    -------------------
                         (clock clk_pl_0 rise edge)
                                                      0.000     0.000 r  
    PS9_X0Y0             PS9                          0.000     0.000 r  ecc_soc_bd_i/versal_cips_0/inst/pspmc_0/inst/PS9_inst/PMCRCLKCLK[0]
                         net (fo=1, routed)           0.000     0.000    ecc_soc_bd_i/versal_cips_0/inst/pspmc_0/inst/pmc_pl_ref_clk[0]
    BUFG_PS_X0Y6         BUFG_PS (Prop_BUFG_PS_I_O)
                                                      0.052     0.052 r  ecc_soc_bd_i/versal_cips_0/inst/pspmc_0/inst/buffer_pl_clk_0.PL_CLK_0_BUFG/O
    X1Y1 (CLOCK_ROOT)    net (fo=3776, routed)        1.108     1.160    ecc_soc_bd_i/soc_ecc_0/inst/u_soc/u_scrub/bram/mem_reg_0_31_0_13/WCLK
    SLICE_X71Y34         RAMD32                                       r  ecc_soc_bd_i/soc_ecc_0/inst/u_soc/u_scrub/bram/mem_reg_0_31_0_13/RAMG_D1/CLK
  -------------------------------------------------------------------    -------------------
    SLICE_X71Y34         RAMD32 (Prop_G6LUT_SLICEM_CLK_O)
                                                      0.129     1.289 r  ecc_soc_bd_i/soc_ecc_0/inst/u_soc/u_scrub/bram/mem_reg_0_31_0_13/RAMG_D1/O
                         net (fo=1, routed)           0.017     1.306    ecc_soc_bd_i/soc_ecc_0/inst/u_soc/u_scrub/bram/p_0_out[13]
    SLICE_X71Y34         FDRE                                         r  ecc_soc_bd_i/soc_ecc_0/inst/u_soc/u_scrub/bram/rd_q_reg[13]/D
  -------------------------------------------------------------------    -------------------

                         (clock clk_pl_0 rise edge)
                                                      0.000     0.000 r  
    PS9_X0Y0             PS9                          0.000     0.000 r  ecc_soc_bd_i/versal_cips_0/inst/pspmc_0/inst/PS9_inst/PMCRCLKCLK[0]
                         net (fo=1, routed)           0.000     0.000    ecc_soc_bd_i/versal_cips_0/inst/pspmc_0/inst/pmc_pl_ref_clk[0]
    BUFG_PS_X0Y6         BUFG_PS (Prop_BUFG_PS_I_O)
                                                      0.096     0.096 r  ecc_soc_bd_i/versal_cips_0/inst/pspmc_0/inst/buffer_pl_clk_0.PL_CLK_0_BUFG/O
    X1Y1 (CLOCK_ROOT)    net (fo=3776, routed)        1.315     1.411    ecc_soc_bd_i/soc_ecc_0/inst/u_soc/u_scrub/bram/aclk
    SLICE_X71Y34         FDRE                                         r  ecc_soc_bd_i/soc_ecc_0/inst/u_soc/u_scrub/bram/rd_q_reg[13]/C
                         clock pessimism             -0.165     1.245    
    SLICE_X71Y34         FDRE (Hold_GFF2_SLICEM_C_D)
                                                      0.044     1.289    ecc_soc_bd_i/soc_ecc_0/inst/u_soc/u_scrub/bram/rd_q_reg[13]
  -------------------------------------------------------------------
                         required time                         -1.289    
                         arrival time                           1.306    
  -------------------------------------------------------------------
                         slack                                  0.017    

Slack (MET) :             0.017ns  (arrival time - required time)
  Source:                 ecc_soc_bd_i/soc_ecc_0/inst/u_soc/u_scrub/bram/mem_reg_0_31_14_27/RAMG_D1/CLK
                            (rising edge-triggered cell RAMD32 clocked by clk_pl_0  {rise@0.000ns fall@12.500ns period=25.000ns})
  Destination:            ecc_soc_bd_i/soc_ecc_0/inst/u_soc/u_scrub/bram/rd_q_reg[27]/D
                            (rising edge-triggered cell FDRE clocked by clk_pl_0  {rise@0.000ns fall@12.500ns period=25.000ns})
  Path Group:             clk_pl_0
  Path Type:              Hold (Min at Fast Process Corner)
  Requirement:            0.000ns  (clk_pl_0 rise@0.000ns - clk_pl_0 rise@0.000ns)
  Data Path Delay:        0.146ns  (logic 0.129ns (88.356%)  route 0.017ns (11.644%))
  Logic Levels:           0  
  Clock Path Skew:        0.085ns (DCD - SCD - CPR)
    Destination Clock Delay (DCD):    1.410ns
    Source Clock Delay      (SCD):    1.159ns
    Clock Pessimism Removal (CPR):    0.166ns
  Clock Net Delay (Source):      1.107ns (routing 0.165ns, distribution 0.942ns)
  Clock Net Delay (Destination): 1.314ns (routing 0.187ns, distribution 1.127ns)

    Location             Delay type                Incr(ns)  Path(ns)    Netlist Resource(s)
  -------------------------------------------------------------------    -------------------
                         (clock clk_pl_0 rise edge)
                                                      0.000     0.000 r  
    PS9_X0Y0             PS9                          0.000     0.000 r  ecc_soc_bd_i/versal_cips_0/inst/pspmc_0/inst/PS9_inst/PMCRCLKCLK[0]
                         net (fo=1, routed)           0.000     0.000    ecc_soc_bd_i/versal_cips_0/inst/pspmc_0/inst/pmc_pl_ref_clk[0]
    BUFG_PS_X0Y6         BUFG_PS (Prop_BUFG_PS_I_O)
                                                      0.052     0.052 r  ecc_soc_bd_i/versal_cips_0/inst/pspmc_0/inst/buffer_pl_clk_0.PL_CLK_0_BUFG/O
    X1Y1 (CLOCK_ROOT)    net (fo=3776, routed)        1.107     1.159    ecc_soc_bd_i/soc_ecc_0/inst/u_soc/u_scrub/bram/mem_reg_0_31_14_27/WCLK
    SLICE_X69Y36         RAMD32                                       r  ecc_soc_bd_i/soc_ecc_0/inst/u_soc/u_scrub/bram/mem_reg_0_31_14_27/RAMG_D1/CLK
  -------------------------------------------------------------------    -------------------
    SLICE_X69Y36         RAMD32 (Prop_G6LUT_SLICEM_CLK_O)
                                                      0.129     1.288 r  ecc_soc_bd_i/soc_ecc_0/inst/u_soc/u_scrub/bram/mem_reg_0_31_14_27/RAMG_D1/O
                         net (fo=1, routed)           0.017     1.305    ecc_soc_bd_i/soc_ecc_0/inst/u_soc/u_scrub/bram/p_0_out[27]
    SLICE_X69Y36         FDRE                                         r  ecc_soc_bd_i/soc_ecc_0/inst/u_soc/u_scrub/bram/rd_q_reg[27]/D
  -------------------------------------------------------------------    -------------------

                         (clock clk_pl_0 rise edge)
                                                      0.000     0.000 r  
    PS9_X0Y0             PS9                          0.000     0.000 r  ecc_soc_bd_i/versal_cips_0/inst/pspmc_0/inst/PS9_inst/PMCRCLKCLK[0]
                         net (fo=1, routed)           0.000     0.000    ecc_soc_bd_i/versal_cips_0/inst/pspmc_0/inst/pmc_pl_ref_clk[0]
    BUFG_PS_X0Y6         BUFG_PS (Prop_BUFG_PS_I_O)
                                                      0.096     0.096 r  ecc_soc_bd_i/versal_cips_0/inst/pspmc_0/inst/buffer_pl_clk_0.PL_CLK_0_BUFG/O
    X1Y1 (CLOCK_ROOT)    net (fo=3776, routed)        1.314     1.410    ecc_soc_bd_i/soc_ecc_0/inst/u_soc/u_scrub/bram/aclk
    SLICE_X69Y36         FDRE                                         r  ecc_soc_bd_i/soc_ecc_0/inst/u_soc/u_scrub/bram/rd_q_reg[27]/C
                         clock pessimism             -0.166     1.244    
    SLICE_X69Y36         FDRE (Hold_GFF2_SLICEM_C_D)
                                                      0.044     1.288    ecc_soc_bd_i/soc_ecc_0/inst/u_soc/u_scrub/bram/rd_q_reg[27]
  -------------------------------------------------------------------
                         required time                         -1.288    
                         arrival time                           1.305    
  -------------------------------------------------------------------
                         slack                                  0.017    

Slack (MET) :             0.021ns  (arrival time - required time)
  Source:                 ecc_soc_bd_i/soc_ecc_0/inst/u_soc/u_scrub/bram/mem_reg_0_31_28_38/RAMA_D1/CLK
                            (rising edge-triggered cell RAMD32 clocked by clk_pl_0  {rise@0.000ns fall@12.500ns period=25.000ns})
  Destination:            ecc_soc_bd_i/soc_ecc_0/inst/u_soc/u_scrub/bram/rd_q_reg[29]/D
                            (rising edge-triggered cell FDRE clocked by clk_pl_0  {rise@0.000ns fall@12.500ns period=25.000ns})
  Path Group:             clk_pl_0
  Path Type:              Hold (Min at Fast Process Corner)
  Requirement:            0.000ns  (clk_pl_0 rise@0.000ns - clk_pl_0 rise@0.000ns)
  Data Path Delay:        0.151ns  (logic 0.136ns (90.066%)  route 0.015ns (9.934%))
  Logic Levels:           0  
  Clock Path Skew:        0.085ns (DCD - SCD - CPR)
    Destination Clock Delay (DCD):    1.408ns
    Source Clock Delay      (SCD):    1.157ns
    Clock Pessimism Removal (CPR):    0.165ns
  Clock Net Delay (Source):      1.105ns (routing 0.165ns, distribution 0.940ns)
  Clock Net Delay (Destination): 1.312ns (routing 0.187ns, distribution 1.125ns)

    Location             Delay type                Incr(ns)  Path(ns)    Netlist Resource(s)
  -------------------------------------------------------------------    -------------------
                         (clock clk_pl_0 rise edge)
                                                      0.000     0.000 r  
    PS9_X0Y0             PS9                          0.000     0.000 r  ecc_soc_bd_i/versal_cips_0/inst/pspmc_0/inst/PS9_inst/PMCRCLKCLK[0]
                         net (fo=1, routed)           0.000     0.000    ecc_soc_bd_i/versal_cips_0/inst/pspmc_0/inst/pmc_pl_ref_clk[0]
    BUFG_PS_X0Y6         BUFG_PS (Prop_BUFG_PS_I_O)
                                                      0.052     0.052 r  ecc_soc_bd_i/versal_cips_0/inst/pspmc_0/inst/buffer_pl_clk_0.PL_CLK_0_BUFG/O
    X1Y1 (CLOCK_ROOT)    net (fo=3776, routed)        1.105     1.157    ecc_soc_bd_i/soc_ecc_0/inst/u_soc/u_scrub/bram/mem_reg_0_31_28_38/WCLK
    SLICE_X71Y35         RAMD32                                       r  ecc_soc_bd_i/soc_ecc_0/inst/u_soc/u_scrub/bram/mem_reg_0_31_28_38/RAMA_D1/CLK
  -------------------------------------------------------------------    -------------------
    SLICE_X71Y35         RAMD32 (Prop_A6LUT_SLICEM_CLK_O)
                                                      0.136     1.293 r  ecc_soc_bd_i/soc_ecc_0/inst/u_soc/u_scrub/bram/mem_reg_0_31_28_38/RAMA_D1/O
                         net (fo=1, routed)           0.015     1.308    ecc_soc_bd_i/soc_ecc_0/inst/u_soc/u_scrub/bram/p_0_out[29]
    SLICE_X71Y35         FDRE                                         r  ecc_soc_bd_i/soc_ecc_0/inst/u_soc/u_scrub/bram/rd_q_reg[29]/D
  -------------------------------------------------------------------    -------------------

                         (clock clk_pl_0 rise edge)
                                                      0.000     0.000 r  
    PS9_X0Y0             PS9                          0.000     0.000 r  ecc_soc_bd_i/versal_cips_0/inst/pspmc_0/inst/PS9_inst/PMCRCLKCLK[0]
                         net (fo=1, routed)           0.000     0.000    ecc_soc_bd_i/versal_cips_0/inst/pspmc_0/inst/pmc_pl_ref_clk[0]
    BUFG_PS_X0Y6         BUFG_PS (Prop_BUFG_PS_I_O)
                                                      0.096     0.096 r  ecc_soc_bd_i/versal_cips_0/inst/pspmc_0/inst/buffer_pl_clk_0.PL_CLK_0_BUFG/O
    X1Y1 (CLOCK_ROOT)    net (fo=3776, routed)        1.312     1.408    ecc_soc_bd_i/soc_ecc_0/inst/u_soc/u_scrub/bram/aclk
    SLICE_X71Y35         FDRE                                         r  ecc_soc_bd_i/soc_ecc_0/inst/u_soc/u_scrub/bram/rd_q_reg[29]/C
                         clock pessimism             -0.165     1.242    
    SLICE_X71Y35         FDRE (Hold_AFF2_SLICEM_C_D)
                                                      0.045     1.287    ecc_soc_bd_i/soc_ecc_0/inst/u_soc/u_scrub/bram/rd_q_reg[29]
  -------------------------------------------------------------------
                         required time                         -1.287    
                         arrival time                           1.308    
  -------------------------------------------------------------------
                         slack                                  0.021    

Slack (MET) :             0.021ns  (arrival time - required time)
  Source:                 ecc_soc_bd_i/soc_ecc_0/inst/u_soc/u_scrub/bram/mem_reg_0_31_14_27/RAMA_D1/CLK
                            (rising edge-triggered cell RAMD32 clocked by clk_pl_0  {rise@0.000ns fall@12.500ns period=25.000ns})
  Destination:            ecc_soc_bd_i/soc_ecc_0/inst/u_soc/u_scrub/bram/rd_q_reg[15]/D
                            (rising edge-triggered cell FDRE clocked by clk_pl_0  {rise@0.000ns fall@12.500ns period=25.000ns})
  Path Group:             clk_pl_0
  Path Type:              Hold (Min at Fast Process Corner)
  Requirement:            0.000ns  (clk_pl_0 rise@0.000ns - clk_pl_0 rise@0.000ns)
  Data Path Delay:        0.151ns  (logic 0.136ns (90.066%)  route 0.015ns (9.934%))
  Logic Levels:           0  
  Clock Path Skew:        0.085ns (DCD - SCD - CPR)
    Destination Clock Delay (DCD):    1.410ns
    Source Clock Delay      (SCD):    1.159ns
    Clock Pessimism Removal (CPR):    0.166ns
  Clock Net Delay (Source):      1.107ns (routing 0.165ns, distribution 0.942ns)
  Clock Net Delay (Destination): 1.314ns (routing 0.187ns, distribution 1.127ns)

    Location             Delay type                Incr(ns)  Path(ns)    Netlist Resource(s)
  -------------------------------------------------------------------    -------------------
                         (clock clk_pl_0 rise edge)
                                                      0.000     0.000 r  
    PS9_X0Y0             PS9                          0.000     0.000 r  ecc_soc_bd_i/versal_cips_0/inst/pspmc_0/inst/PS9_inst/PMCRCLKCLK[0]
                         net (fo=1, routed)           0.000     0.000    ecc_soc_bd_i/versal_cips_0/inst/pspmc_0/inst/pmc_pl_ref_clk[0]
    BUFG_PS_X0Y6         BUFG_PS (Prop_BUFG_PS_I_O)
                                                      0.052     0.052 r  ecc_soc_bd_i/versal_cips_0/inst/pspmc_0/inst/buffer_pl_clk_0.PL_CLK_0_BUFG/O
    X1Y1 (CLOCK_ROOT)    net (fo=3776, routed)        1.107     1.159    ecc_soc_bd_i/soc_ecc_0/inst/u_soc/u_scrub/bram/mem_reg_0_31_14_27/WCLK
    SLICE_X69Y36         RAMD32                                       r  ecc_soc_bd_i/soc_ecc_0/inst/u_soc/u_scrub/bram/mem_reg_0_31_14_27/RAMA_D1/CLK
  -------------------------------------------------------------------    -------------------
    SLICE_X69Y36         RAMD32 (Prop_A6LUT_SLICEM_CLK_O)
                                                      0.136     1.295 r  ecc_soc_bd_i/soc_ecc_0/inst/u_soc/u_scrub/bram/mem_reg_0_31_14_27/RAMA_D1/O
                         net (fo=1, routed)           0.015     1.310    ecc_soc_bd_i/soc_ecc_0/inst/u_soc/u_scrub/bram/p_0_out[15]
    SLICE_X69Y36         FDRE                                         r  ecc_soc_bd_i/soc_ecc_0/inst/u_soc/u_scrub/bram/rd_q_reg[15]/D
  -------------------------------------------------------------------    -------------------

                         (clock clk_pl_0 rise edge)
                                                      0.000     0.000 r  
    PS9_X0Y0             PS9                          0.000     0.000 r  ecc_soc_bd_i/versal_cips_0/inst/pspmc_0/inst/PS9_inst/PMCRCLKCLK[0]
                         net (fo=1, routed)           0.000     0.000    ecc_soc_bd_i/versal_cips_0/inst/pspmc_0/inst/pmc_pl_ref_clk[0]
    BUFG_PS_X0Y6         BUFG_PS (Prop_BUFG_PS_I_O)
                                                      0.096     0.096 r  ecc_soc_bd_i/versal_cips_0/inst/pspmc_0/inst/buffer_pl_clk_0.PL_CLK_0_BUFG/O
    X1Y1 (CLOCK_ROOT)    net (fo=3776, routed)        1.314     1.410    ecc_soc_bd_i/soc_ecc_0/inst/u_soc/u_scrub/bram/aclk
    SLICE_X69Y36         FDRE                                         r  ecc_soc_bd_i/soc_ecc_0/inst/u_soc/u_scrub/bram/rd_q_reg[15]/C
                         clock pessimism             -0.166     1.244    
    SLICE_X69Y36         FDRE (Hold_AFF2_SLICEM_C_D)
                                                      0.045     1.289    ecc_soc_bd_i/soc_ecc_0/inst/u_soc/u_scrub/bram/rd_q_reg[15]
  -------------------------------------------------------------------
                         required time                         -1.289    
                         arrival time                           1.310    
  -------------------------------------------------------------------
                         slack                                  0.021    

Slack (MET) :             0.021ns  (arrival time - required time)
  Source:                 ecc_soc_bd_i/soc_ecc_0/inst/u_soc/u_scrub/bram/mem_reg_0_31_0_13/RAMA_D1/CLK
                            (rising edge-triggered cell RAMD32 clocked by clk_pl_0  {rise@0.000ns fall@12.500ns period=25.000ns})
  Destination:            ecc_soc_bd_i/soc_ecc_0/inst/u_soc/u_scrub/bram/rd_q_reg[1]/D
                            (rising edge-triggered cell FDRE clocked by clk_pl_0  {rise@0.000ns fall@12.500ns period=25.000ns})
  Path Group:             clk_pl_0
  Path Type:              Hold (Min at Fast Process Corner)
  Requirement:            0.000ns  (clk_pl_0 rise@0.000ns - clk_pl_0 rise@0.000ns)
  Data Path Delay:        0.151ns  (logic 0.136ns (90.066%)  route 0.015ns (9.934%))
  Logic Levels:           0  
  Clock Path Skew:        0.085ns (DCD - SCD - CPR)
    Destination Clock Delay (DCD):    1.411ns
    Source Clock Delay      (SCD):    1.160ns
    Clock Pessimism Removal (CPR):    0.165ns
  Clock Net Delay (Source):      1.108ns (routing 0.165ns, distribution 0.943ns)
  Clock Net Delay (Destination): 1.315ns (routing 0.187ns, distribution 1.128ns)

    Location             Delay type                Incr(ns)  Path(ns)    Netlist Resource(s)
  -------------------------------------------------------------------    -------------------
                         (clock clk_pl_0 rise edge)
                                                      0.000     0.000 r  
    PS9_X0Y0             PS9                          0.000     0.000 r  ecc_soc_bd_i/versal_cips_0/inst/pspmc_0/inst/PS9_inst/PMCRCLKCLK[0]
                         net (fo=1, routed)           0.000     0.000    ecc_soc_bd_i/versal_cips_0/inst/pspmc_0/inst/pmc_pl_ref_clk[0]
    BUFG_PS_X0Y6         BUFG_PS (Prop_BUFG_PS_I_O)
                                                      0.052     0.052 r  ecc_soc_bd_i/versal_cips_0/inst/pspmc_0/inst/buffer_pl_clk_0.PL_CLK_0_BUFG/O
    X1Y1 (CLOCK_ROOT)    net (fo=3776, routed)        1.108     1.160    ecc_soc_bd_i/soc_ecc_0/inst/u_soc/u_scrub/bram/mem_reg_0_31_0_13/WCLK
    SLICE_X71Y34         RAMD32                                       r  ecc_soc_bd_i/soc_ecc_0/inst/u_soc/u_scrub/bram/mem_reg_0_31_0_13/RAMA_D1/CLK
  -------------------------------------------------------------------    -------------------
    SLICE_X71Y34         RAMD32 (Prop_A6LUT_SLICEM_CLK_O)
                                                      0.136     1.296 r  ecc_soc_bd_i/soc_ecc_0/inst/u_soc/u_scrub/bram/mem_reg_0_31_0_13/RAMA_D1/O
                         net (fo=1, routed)           0.015     1.311    ecc_soc_bd_i/soc_ecc_0/inst/u_soc/u_scrub/bram/p_0_out[1]
    SLICE_X71Y34         FDRE                                         r  ecc_soc_bd_i/soc_ecc_0/inst/u_soc/u_scrub/bram/rd_q_reg[1]/D
  -------------------------------------------------------------------    -------------------

                         (clock clk_pl_0 rise edge)
                                                      0.000     0.000 r  
    PS9_X0Y0             PS9                          0.000     0.000 r  ecc_soc_bd_i/versal_cips_0/inst/pspmc_0/inst/PS9_inst/PMCRCLKCLK[0]
                         net (fo=1, routed)           0.000     0.000    ecc_soc_bd_i/versal_cips_0/inst/pspmc_0/inst/pmc_pl_ref_clk[0]
    BUFG_PS_X0Y6         BUFG_PS (Prop_BUFG_PS_I_O)
                                                      0.096     0.096 r  ecc_soc_bd_i/versal_cips_0/inst/pspmc_0/inst/buffer_pl_clk_0.PL_CLK_0_BUFG/O
    X1Y1 (CLOCK_ROOT)    net (fo=3776, routed)        1.315     1.411    ecc_soc_bd_i/soc_ecc_0/inst/u_soc/u_scrub/bram/aclk
    SLICE_X71Y34         FDRE                                         r  ecc_soc_bd_i/soc_ecc_0/inst/u_soc/u_scrub/bram/rd_q_reg[1]/C
                         clock pessimism             -0.165     1.245    
    SLICE_X71Y34         FDRE (Hold_AFF2_SLICEM_C_D)
                                                      0.045     1.290    ecc_soc_bd_i/soc_ecc_0/inst/u_soc/u_scrub/bram/rd_q_reg[1]
  -------------------------------------------------------------------
                         required time                         -1.290    
                         arrival time                           1.311    
  -------------------------------------------------------------------
                         slack                                  0.021    

Slack (MET) :             0.022ns  (arrival time - required time)
  Source:                 ecc_soc_bd_i/soc_ecc_0/inst/u_soc/u_scrub/bram/mem_reg_0_31_28_38/RAMC_D1/CLK
                            (rising edge-triggered cell RAMD32 clocked by clk_pl_0  {rise@0.000ns fall@12.500ns period=25.000ns})
  Destination:            ecc_soc_bd_i/soc_ecc_0/inst/u_soc/u_scrub/bram/rd_q_reg[33]/D
                            (rising edge-triggered cell FDRE clocked by clk_pl_0  {rise@0.000ns fall@12.500ns period=25.000ns})
  Path Group:             clk_pl_0
  Path Type:              Hold (Min at Fast Process Corner)
  Requirement:            0.000ns  (clk_pl_0 rise@0.000ns - clk_pl_0 rise@0.000ns)
  Data Path Delay:        0.151ns  (logic 0.133ns (88.079%)  route 0.018ns (11.921%))
  Logic Levels:           0  
  Clock Path Skew:        0.085ns (DCD - SCD - CPR)
    Destination Clock Delay (DCD):    1.408ns
    Source Clock Delay      (SCD):    1.157ns
    Clock Pessimism Removal (CPR):    0.165ns
  Clock Net Delay (Source):      1.105ns (routing 0.165ns, distribution 0.940ns)
  Clock Net Delay (Destination): 1.312ns (routing 0.187ns, distribution 1.125ns)

    Location             Delay type                Incr(ns)  Path(ns)    Netlist Resource(s)
  -------------------------------------------------------------------    -------------------
                         (clock clk_pl_0 rise edge)
                                                      0.000     0.000 r  
    PS9_X0Y0             PS9                          0.000     0.000 r  ecc_soc_bd_i/versal_cips_0/inst/pspmc_0/inst/PS9_inst/PMCRCLKCLK[0]
                         net (fo=1, routed)           0.000     0.000    ecc_soc_bd_i/versal_cips_0/inst/pspmc_0/inst/pmc_pl_ref_clk[0]
    BUFG_PS_X0Y6         BUFG_PS (Prop_BUFG_PS_I_O)
                                                      0.052     0.052 r  ecc_soc_bd_i/versal_cips_0/inst/pspmc_0/inst/buffer_pl_clk_0.PL_CLK_0_BUFG/O
    X1Y1 (CLOCK_ROOT)    net (fo=3776, routed)        1.105     1.157    ecc_soc_bd_i/soc_ecc_0/inst/u_soc/u_scrub/bram/mem_reg_0_31_28_38/WCLK
    SLICE_X71Y35         RAMD32                                       r  ecc_soc_bd_i/soc_ecc_0/inst/u_soc/u_scrub/bram/mem_reg_0_31_28_38/RAMC_D1/CLK
  -------------------------------------------------------------------    -------------------
    SLICE_X71Y35         RAMD32 (Prop_C6LUT_SLICEM_CLK_O)
                                                      0.133     1.290 r  ecc_soc_bd_i/soc_ecc_0/inst/u_soc/u_scrub/bram/mem_reg_0_31_28_38/RAMC_D1/O
                         net (fo=1, routed)           0.018     1.308    ecc_soc_bd_i/soc_ecc_0/inst/u_soc/u_scrub/bram/p_0_out[33]
    SLICE_X71Y35         FDRE                                         r  ecc_soc_bd_i/soc_ecc_0/inst/u_soc/u_scrub/bram/rd_q_reg[33]/D
  -------------------------------------------------------------------    -------------------

                         (clock clk_pl_0 rise edge)
                                                      0.000     0.000 r  
    PS9_X0Y0             PS9                          0.000     0.000 r  ecc_soc_bd_i/versal_cips_0/inst/pspmc_0/inst/PS9_inst/PMCRCLKCLK[0]
                         net (fo=1, routed)           0.000     0.000    ecc_soc_bd_i/versal_cips_0/inst/pspmc_0/inst/pmc_pl_ref_clk[0]
    BUFG_PS_X0Y6         BUFG_PS (Prop_BUFG_PS_I_O)
                                                      0.096     0.096 r  ecc_soc_bd_i/versal_cips_0/inst/pspmc_0/inst/buffer_pl_clk_0.PL_CLK_0_BUFG/O
    X1Y1 (CLOCK_ROOT)    net (fo=3776, routed)        1.312     1.408    ecc_soc_bd_i/soc_ecc_0/inst/u_soc/u_scrub/bram/aclk
    SLICE_X71Y35         FDRE                                         r  ecc_soc_bd_i/soc_ecc_0/inst/u_soc/u_scrub/bram/rd_q_reg[33]/C
                         clock pessimism             -0.165     1.242    
    SLICE_X71Y35         FDRE (Hold_CFF2_SLICEM_C_D)
                                                      0.044     1.286    ecc_soc_bd_i/soc_ecc_0/inst/u_soc/u_scrub/bram/rd_q_reg[33]
  -------------------------------------------------------------------
                         required time                         -1.286    
                         arrival time                           1.308    
  -------------------------------------------------------------------
                         slack                                  0.022    

Slack (MET) :             0.022ns  (arrival time - required time)
  Source:                 ecc_soc_bd_i/soc_ecc_0/inst/u_soc/u_scrub/bram/mem_reg_0_31_14_27/RAMC_D1/CLK
                            (rising edge-triggered cell RAMD32 clocked by clk_pl_0  {rise@0.000ns fall@12.500ns period=25.000ns})
  Destination:            ecc_soc_bd_i/soc_ecc_0/inst/u_soc/u_scrub/bram/rd_q_reg[19]/D
                            (rising edge-triggered cell FDRE clocked by clk_pl_0  {rise@0.000ns fall@12.500ns period=25.000ns})
  Path Group:             clk_pl_0
  Path Type:              Hold (Min at Fast Process Corner)
  Requirement:            0.000ns  (clk_pl_0 rise@0.000ns - clk_pl_0 rise@0.000ns)
  Data Path Delay:        0.151ns  (logic 0.133ns (88.079%)  route 0.018ns (11.921%))
  Logic Levels:           0  
  Clock Path Skew:        0.085ns (DCD - SCD - CPR)
    Destination Clock Delay (DCD):    1.410ns
    Source Clock Delay      (SCD):    1.159ns
    Clock Pessimism Removal (CPR):    0.166ns
  Clock Net Delay (Source):      1.107ns (routing 0.165ns, distribution 0.942ns)
  Clock Net Delay (Destination): 1.314ns (routing 0.187ns, distribution 1.127ns)

    Location             Delay type                Incr(ns)  Path(ns)    Netlist Resource(s)
  -------------------------------------------------------------------    -------------------
                         (clock clk_pl_0 rise edge)
                                                      0.000     0.000 r  
    PS9_X0Y0             PS9                          0.000     0.000 r  ecc_soc_bd_i/versal_cips_0/inst/pspmc_0/inst/PS9_inst/PMCRCLKCLK[0]
                         net (fo=1, routed)           0.000     0.000    ecc_soc_bd_i/versal_cips_0/inst/pspmc_0/inst/pmc_pl_ref_clk[0]
    BUFG_PS_X0Y6         BUFG_PS (Prop_BUFG_PS_I_O)
                                                      0.052     0.052 r  ecc_soc_bd_i/versal_cips_0/inst/pspmc_0/inst/buffer_pl_clk_0.PL_CLK_0_BUFG/O
    X1Y1 (CLOCK_ROOT)    net (fo=3776, routed)        1.107     1.159    ecc_soc_bd_i/soc_ecc_0/inst/u_soc/u_scrub/bram/mem_reg_0_31_14_27/WCLK
    SLICE_X69Y36         RAMD32                                       r  ecc_soc_bd_i/soc_ecc_0/inst/u_soc/u_scrub/bram/mem_reg_0_31_14_27/RAMC_D1/CLK
  -------------------------------------------------------------------    -------------------
    SLICE_X69Y36         RAMD32 (Prop_C6LUT_SLICEM_CLK_O)
                                                      0.133     1.292 r  ecc_soc_bd_i/soc_ecc_0/inst/u_soc/u_scrub/bram/mem_reg_0_31_14_27/RAMC_D1/O
                         net (fo=1, routed)           0.018     1.310    ecc_soc_bd_i/soc_ecc_0/inst/u_soc/u_scrub/bram/p_0_out[19]
    SLICE_X69Y36         FDRE                                         r  ecc_soc_bd_i/soc_ecc_0/inst/u_soc/u_scrub/bram/rd_q_reg[19]/D
  -------------------------------------------------------------------    -------------------

                         (clock clk_pl_0 rise edge)
                                                      0.000     0.000 r  
    PS9_X0Y0             PS9                          0.000     0.000 r  ecc_soc_bd_i/versal_cips_0/inst/pspmc_0/inst/PS9_inst/PMCRCLKCLK[0]
                         net (fo=1, routed)           0.000     0.000    ecc_soc_bd_i/versal_cips_0/inst/pspmc_0/inst/pmc_pl_ref_clk[0]
    BUFG_PS_X0Y6         BUFG_PS (Prop_BUFG_PS_I_O)
                                                      0.096     0.096 r  ecc_soc_bd_i/versal_cips_0/inst/pspmc_0/inst/buffer_pl_clk_0.PL_CLK_0_BUFG/O
    X1Y1 (CLOCK_ROOT)    net (fo=3776, routed)        1.314     1.410    ecc_soc_bd_i/soc_ecc_0/inst/u_soc/u_scrub/bram/aclk
    SLICE_X69Y36         FDRE                                         r  ecc_soc_bd_i/soc_ecc_0/inst/u_soc/u_scrub/bram/rd_q_reg[19]/C
                         clock pessimism             -0.166     1.244    
    SLICE_X69Y36         FDRE (Hold_CFF2_SLICEM_C_D)
                                                      0.044     1.288    ecc_soc_bd_i/soc_ecc_0/inst/u_soc/u_scrub/bram/rd_q_reg[19]
  -------------------------------------------------------------------
                         required time                         -1.288    
                         arrival time                           1.310    
  -------------------------------------------------------------------
                         slack                                  0.022    

Slack (MET) :             0.022ns  (arrival time - required time)
  Source:                 ecc_soc_bd_i/soc_ecc_0/inst/u_soc/u_scrub/bram/mem_reg_0_31_0_13/RAMC_D1/CLK
                            (rising edge-triggered cell RAMD32 clocked by clk_pl_0  {rise@0.000ns fall@12.500ns period=25.000ns})
  Destination:            ecc_soc_bd_i/soc_ecc_0/inst/u_soc/u_scrub/bram/rd_q_reg[5]/D
                            (rising edge-triggered cell FDRE clocked by clk_pl_0  {rise@0.000ns fall@12.500ns period=25.000ns})
  Path Group:             clk_pl_0
  Path Type:              Hold (Min at Fast Process Corner)
  Requirement:            0.000ns  (clk_pl_0 rise@0.000ns - clk_pl_0 rise@0.000ns)
  Data Path Delay:        0.151ns  (logic 0.133ns (88.079%)  route 0.018ns (11.921%))
  Logic Levels:           0  
  Clock Path Skew:        0.085ns (DCD - SCD - CPR)
    Destination Clock Delay (DCD):    1.411ns
    Source Clock Delay      (SCD):    1.160ns
    Clock Pessimism Removal (CPR):    0.165ns
  Clock Net Delay (Source):      1.108ns (routing 0.165ns, distribution 0.943ns)
  Clock Net Delay (Destination): 1.315ns (routing 0.187ns, distribution 1.128ns)

    Location             Delay type                Incr(ns)  Path(ns)    Netlist Resource(s)
  -------------------------------------------------------------------    -------------------
                         (clock clk_pl_0 rise edge)
                                                      0.000     0.000 r  
    PS9_X0Y0             PS9                          0.000     0.000 r  ecc_soc_bd_i/versal_cips_0/inst/pspmc_0/inst/PS9_inst/PMCRCLKCLK[0]
                         net (fo=1, routed)           0.000     0.000    ecc_soc_bd_i/versal_cips_0/inst/pspmc_0/inst/pmc_pl_ref_clk[0]
    BUFG_PS_X0Y6         BUFG_PS (Prop_BUFG_PS_I_O)
                                                      0.052     0.052 r  ecc_soc_bd_i/versal_cips_0/inst/pspmc_0/inst/buffer_pl_clk_0.PL_CLK_0_BUFG/O
    X1Y1 (CLOCK_ROOT)    net (fo=3776, routed)        1.108     1.160    ecc_soc_bd_i/soc_ecc_0/inst/u_soc/u_scrub/bram/mem_reg_0_31_0_13/WCLK
    SLICE_X71Y34         RAMD32                                       r  ecc_soc_bd_i/soc_ecc_0/inst/u_soc/u_scrub/bram/mem_reg_0_31_0_13/RAMC_D1/CLK
  -------------------------------------------------------------------    -------------------
    SLICE_X71Y34         RAMD32 (Prop_C6LUT_SLICEM_CLK_O)
                                                      0.133     1.293 r  ecc_soc_bd_i/soc_ecc_0/inst/u_soc/u_scrub/bram/mem_reg_0_31_0_13/RAMC_D1/O
                         net (fo=1, routed)           0.018     1.311    ecc_soc_bd_i/soc_ecc_0/inst/u_soc/u_scrub/bram/p_0_out[5]
    SLICE_X71Y34         FDRE                                         r  ecc_soc_bd_i/soc_ecc_0/inst/u_soc/u_scrub/bram/rd_q_reg[5]/D
  -------------------------------------------------------------------    -------------------

                         (clock clk_pl_0 rise edge)
                                                      0.000     0.000 r  
    PS9_X0Y0             PS9                          0.000     0.000 r  ecc_soc_bd_i/versal_cips_0/inst/pspmc_0/inst/PS9_inst/PMCRCLKCLK[0]
                         net (fo=1, routed)           0.000     0.000    ecc_soc_bd_i/versal_cips_0/inst/pspmc_0/inst/pmc_pl_ref_clk[0]
    BUFG_PS_X0Y6         BUFG_PS (Prop_BUFG_PS_I_O)
                                                      0.096     0.096 r  ecc_soc_bd_i/versal_cips_0/inst/pspmc_0/inst/buffer_pl_clk_0.PL_CLK_0_BUFG/O
    X1Y1 (CLOCK_ROOT)    net (fo=3776, routed)        1.315     1.411    ecc_soc_bd_i/soc_ecc_0/inst/u_soc/u_scrub/bram/aclk
    SLICE_X71Y34         FDRE                                         r  ecc_soc_bd_i/soc_ecc_0/inst/u_soc/u_scrub/bram/rd_q_reg[5]/C
                         clock pessimism             -0.165     1.245    
    SLICE_X71Y34         FDRE (Hold_CFF2_SLICEM_C_D)
                                                      0.044     1.289    ecc_soc_bd_i/soc_ecc_0/inst/u_soc/u_scrub/bram/rd_q_reg[5]
  -------------------------------------------------------------------
                         required time                         -1.289    
                         arrival time                           1.311    
  -------------------------------------------------------------------
                         slack                                  0.022    

Slack (MET) :             0.023ns  (arrival time - required time)
  Source:                 ecc_soc_bd_i/soc_ecc_0/inst/u_soc/u_scrub/bram/mem_reg_0_31_28_38/RAME_D1/CLK
                            (rising edge-triggered cell RAMD32 clocked by clk_pl_0  {rise@0.000ns fall@12.500ns period=25.000ns})
  Destination:            ecc_soc_bd_i/soc_ecc_0/inst/u_soc/u_scrub/bram/rd_q_reg[37]/D
                            (rising edge-triggered cell FDRE clocked by clk_pl_0  {rise@0.000ns fall@12.500ns period=25.000ns})
  Path Group:             clk_pl_0
  Path Type:              Hold (Min at Fast Process Corner)
  Requirement:            0.000ns  (clk_pl_0 rise@0.000ns - clk_pl_0 rise@0.000ns)
  Data Path Delay:        0.152ns  (logic 0.134ns (88.158%)  route 0.018ns (11.842%))
  Logic Levels:           0  
  Clock Path Skew:        0.085ns (DCD - SCD - CPR)
    Destination Clock Delay (DCD):    1.408ns
    Source Clock Delay      (SCD):    1.157ns
    Clock Pessimism Removal (CPR):    0.165ns
  Clock Net Delay (Source):      1.105ns (routing 0.165ns, distribution 0.940ns)
  Clock Net Delay (Destination): 1.312ns (routing 0.187ns, distribution 1.125ns)

    Location             Delay type                Incr(ns)  Path(ns)    Netlist Resource(s)
  -------------------------------------------------------------------    -------------------
                         (clock clk_pl_0 rise edge)
                                                      0.000     0.000 r  
    PS9_X0Y0             PS9                          0.000     0.000 r  ecc_soc_bd_i/versal_cips_0/inst/pspmc_0/inst/PS9_inst/PMCRCLKCLK[0]
                         net (fo=1, routed)           0.000     0.000    ecc_soc_bd_i/versal_cips_0/inst/pspmc_0/inst/pmc_pl_ref_clk[0]
    BUFG_PS_X0Y6         BUFG_PS (Prop_BUFG_PS_I_O)
                                                      0.052     0.052 r  ecc_soc_bd_i/versal_cips_0/inst/pspmc_0/inst/buffer_pl_clk_0.PL_CLK_0_BUFG/O
    X1Y1 (CLOCK_ROOT)    net (fo=3776, routed)        1.105     1.157    ecc_soc_bd_i/soc_ecc_0/inst/u_soc/u_scrub/bram/mem_reg_0_31_28_38/WCLK
    SLICE_X71Y35         RAMD32                                       r  ecc_soc_bd_i/soc_ecc_0/inst/u_soc/u_scrub/bram/mem_reg_0_31_28_38/RAME_D1/CLK
  -------------------------------------------------------------------    -------------------
    SLICE_X71Y35         RAMD32 (Prop_E6LUT_SLICEM_CLK_O)
                                                      0.134     1.291 r  ecc_soc_bd_i/soc_ecc_0/inst/u_soc/u_scrub/bram/mem_reg_0_31_28_38/RAME_D1/O
                         net (fo=1, routed)           0.018     1.309    ecc_soc_bd_i/soc_ecc_0/inst/u_soc/u_scrub/bram/p_0_out[37]
    SLICE_X71Y35         FDRE                                         r  ecc_soc_bd_i/soc_ecc_0/inst/u_soc/u_scrub/bram/rd_q_reg[37]/D
  -------------------------------------------------------------------    -------------------

                         (clock clk_pl_0 rise edge)
                                                      0.000     0.000 r  
    PS9_X0Y0             PS9                          0.000     0.000 r  ecc_soc_bd_i/versal_cips_0/inst/pspmc_0/inst/PS9_inst/PMCRCLKCLK[0]
                         net (fo=1, routed)           0.000     0.000    ecc_soc_bd_i/versal_cips_0/inst/pspmc_0/inst/pmc_pl_ref_clk[0]
    BUFG_PS_X0Y6         BUFG_PS (Prop_BUFG_PS_I_O)
                                                      0.096     0.096 r  ecc_soc_bd_i/versal_cips_0/inst/pspmc_0/inst/buffer_pl_clk_0.PL_CLK_0_BUFG/O
    X1Y1 (CLOCK_ROOT)    net (fo=3776, routed)        1.312     1.408    ecc_soc_bd_i/soc_ecc_0/inst/u_soc/u_scrub/bram/aclk
    SLICE_X71Y35         FDRE                                         r  ecc_soc_bd_i/soc_ecc_0/inst/u_soc/u_scrub/bram/rd_q_reg[37]/C
                         clock pessimism             -0.165     1.242    
    SLICE_X71Y35         FDRE (Hold_EFF2_SLICEM_C_D)
                                                      0.044     1.286    ecc_soc_bd_i/soc_ecc_0/inst/u_soc/u_scrub/bram/rd_q_reg[37]
  -------------------------------------------------------------------
                         required time                         -1.286    
                         arrival time                           1.309    
  -------------------------------------------------------------------
                         slack                                  0.023    

Slack (MET) :             0.023ns  (arrival time - required time)
  Source:                 ecc_soc_bd_i/soc_ecc_0/inst/u_soc/u_scrub/bram/mem_reg_0_31_14_27/RAME_D1/CLK
                            (rising edge-triggered cell RAMD32 clocked by clk_pl_0  {rise@0.000ns fall@12.500ns period=25.000ns})
  Destination:            ecc_soc_bd_i/soc_ecc_0/inst/u_soc/u_scrub/bram/rd_q_reg[23]/D
                            (rising edge-triggered cell FDRE clocked by clk_pl_0  {rise@0.000ns fall@12.500ns period=25.000ns})
  Path Group:             clk_pl_0
  Path Type:              Hold (Min at Fast Process Corner)
  Requirement:            0.000ns  (clk_pl_0 rise@0.000ns - clk_pl_0 rise@0.000ns)
  Data Path Delay:        0.152ns  (logic 0.134ns (88.158%)  route 0.018ns (11.842%))
  Logic Levels:           0  
  Clock Path Skew:        0.085ns (DCD - SCD - CPR)
    Destination Clock Delay (DCD):    1.410ns
    Source Clock Delay      (SCD):    1.159ns
    Clock Pessimism Removal (CPR):    0.166ns
  Clock Net Delay (Source):      1.107ns (routing 0.165ns, distribution 0.942ns)
  Clock Net Delay (Destination): 1.314ns (routing 0.187ns, distribution 1.127ns)

    Location             Delay type                Incr(ns)  Path(ns)    Netlist Resource(s)
  -------------------------------------------------------------------    -------------------
                         (clock clk_pl_0 rise edge)
                                                      0.000     0.000 r  
    PS9_X0Y0             PS9                          0.000     0.000 r  ecc_soc_bd_i/versal_cips_0/inst/pspmc_0/inst/PS9_inst/PMCRCLKCLK[0]
                         net (fo=1, routed)           0.000     0.000    ecc_soc_bd_i/versal_cips_0/inst/pspmc_0/inst/pmc_pl_ref_clk[0]
    BUFG_PS_X0Y6         BUFG_PS (Prop_BUFG_PS_I_O)
                                                      0.052     0.052 r  ecc_soc_bd_i/versal_cips_0/inst/pspmc_0/inst/buffer_pl_clk_0.PL_CLK_0_BUFG/O
    X1Y1 (CLOCK_ROOT)    net (fo=3776, routed)        1.107     1.159    ecc_soc_bd_i/soc_ecc_0/inst/u_soc/u_scrub/bram/mem_reg_0_31_14_27/WCLK
    SLICE_X69Y36         RAMD32                                       r  ecc_soc_bd_i/soc_ecc_0/inst/u_soc/u_scrub/bram/mem_reg_0_31_14_27/RAME_D1/CLK
  -------------------------------------------------------------------    -------------------
    SLICE_X69Y36         RAMD32 (Prop_E6LUT_SLICEM_CLK_O)
                                                      0.134     1.293 r  ecc_soc_bd_i/soc_ecc_0/inst/u_soc/u_scrub/bram/mem_reg_0_31_14_27/RAME_D1/O
                         net (fo=1, routed)           0.018     1.311    ecc_soc_bd_i/soc_ecc_0/inst/u_soc/u_scrub/bram/p_0_out[23]
    SLICE_X69Y36         FDRE                                         r  ecc_soc_bd_i/soc_ecc_0/inst/u_soc/u_scrub/bram/rd_q_reg[23]/D
  -------------------------------------------------------------------    -------------------

                         (clock clk_pl_0 rise edge)
                                                      0.000     0.000 r  
    PS9_X0Y0             PS9                          0.000     0.000 r  ecc_soc_bd_i/versal_cips_0/inst/pspmc_0/inst/PS9_inst/PMCRCLKCLK[0]
                         net (fo=1, routed)           0.000     0.000    ecc_soc_bd_i/versal_cips_0/inst/pspmc_0/inst/pmc_pl_ref_clk[0]
    BUFG_PS_X0Y6         BUFG_PS (Prop_BUFG_PS_I_O)
                                                      0.096     0.096 r  ecc_soc_bd_i/versal_cips_0/inst/pspmc_0/inst/buffer_pl_clk_0.PL_CLK_0_BUFG/O
    X1Y1 (CLOCK_ROOT)    net (fo=3776, routed)        1.314     1.410    ecc_soc_bd_i/soc_ecc_0/inst/u_soc/u_scrub/bram/aclk
    SLICE_X69Y36         FDRE                                         r  ecc_soc_bd_i/soc_ecc_0/inst/u_soc/u_scrub/bram/rd_q_reg[23]/C
                         clock pessimism             -0.166     1.244    
    SLICE_X69Y36         FDRE (Hold_EFF2_SLICEM_C_D)
                                                      0.044     1.288    ecc_soc_bd_i/soc_ecc_0/inst/u_soc/u_scrub/bram/rd_q_reg[23]
  -------------------------------------------------------------------
                         required time                         -1.288    
                         arrival time                           1.311    
  -------------------------------------------------------------------
                         slack                                  0.023    





Pulse Width Checks
--------------------------------------------------------------------------------------
Clock Name:         clk_pl_0
Waveform(ns):       { 0.000 12.500 }
Period(ns):         25.000
Sources:            { ecc_soc_bd_i/versal_cips_0/inst/pspmc_0/inst/PS9_inst/PMCRCLKCLK[0] }

Check Type        Corner  Lib Pin           Reference Pin  Required(ns)  Actual(ns)  Slack(ns)  Location         Pin
Min Period        n/a     PS9/MAXIGP0ACLK   n/a            4.000         25.000      21.000     PS9_X0Y0         ecc_soc_bd_i/versal_cips_0/inst/pspmc_0/inst/PS9_inst/MAXIGP0ACLK
Min Period        n/a     NOC_NMU512/CLK    n/a            2.106         25.000      22.894     NOC_NMU512_X0Y0  ecc_soc_bd_i/axi_noc_0/inst/S06_AXI_nmu/bd_bbcd_S06_AXI_nmu_0_top_INST/NOC_NMU512_INST/CLK
Min Period        n/a     BUFG_PS/I         n/a            1.471         25.000      23.529     BUFG_PS_X0Y6     ecc_soc_bd_i/versal_cips_0/inst/pspmc_0/inst/buffer_pl_clk_0.PL_CLK_0_BUFG/I
Min Period        n/a     DSP_OUTPUT58/CLK  n/a            1.470         25.000      23.530     DSP_X0Y22        ecc_soc_bd_i/soc_ecc_0/inst/u_soc/u_cpu/u_md/prod_reg/DSP58C<0>_INST/DSP_OUTPUT58_INST/CLK
Min Period        n/a     SRL16E/CLK        n/a            1.428         25.000      23.572     SLICE_X51Y6      ecc_soc_bd_i/proc_sys_reset_0/U0/EXT_LPF/POR_SRL_I/CLK
Min Period        n/a     SRL16E/CLK        n/a            1.428         25.000      23.572     SLICE_X57Y17     ecc_soc_bd_i/smartconnect_0/inst/clk_map/psr_aclk/U0/EXT_LPF/POR_SRL_I/CLK
Min Period        n/a     RAMD32/CLK        n/a            1.428         25.000      23.572     SLICE_X63Y35     ecc_soc_bd_i/soc_ecc_0/inst/u_soc/u_cpu/u_rf/regs_reg_r1_0_31_0_13/RAMA/CLK
Min Period        n/a     RAMD32/CLK        n/a            1.428         25.000      23.572     SLICE_X63Y35     ecc_soc_bd_i/soc_ecc_0/inst/u_soc/u_cpu/u_rf/regs_reg_r1_0_31_0_13/RAMA_D1/CLK
Min Period        n/a     RAMD32/CLK        n/a            1.428         25.000      23.572     SLICE_X63Y35     ecc_soc_bd_i/soc_ecc_0/inst/u_soc/u_cpu/u_rf/regs_reg_r1_0_31_0_13/RAMB/CLK
Min Period        n/a     RAMD32/CLK        n/a            1.428         25.000      23.572     SLICE_X63Y35     ecc_soc_bd_i/soc_ecc_0/inst/u_soc/u_cpu/u_rf/regs_reg_r1_0_31_0_13/RAMB_D1/CLK
Low Pulse Width   Slow    PS9/MAXIGP0ACLK   n/a            2.000         12.500      10.500     PS9_X0Y0         ecc_soc_bd_i/versal_cips_0/inst/pspmc_0/inst/PS9_inst/MAXIGP0ACLK
Low Pulse Width   Fast    PS9/MAXIGP0ACLK   n/a            2.000         12.500      10.500     PS9_X0Y0         ecc_soc_bd_i/versal_cips_0/inst/pspmc_0/inst/PS9_inst/MAXIGP0ACLK
Low Pulse Width   Slow    NOC_NMU512/CLK    n/a            1.053         12.500      11.447     NOC_NMU512_X0Y0  ecc_soc_bd_i/axi_noc_0/inst/S06_AXI_nmu/bd_bbcd_S06_AXI_nmu_0_top_INST/NOC_NMU512_INST/CLK
Low Pulse Width   Fast    NOC_NMU512/CLK    n/a            1.053         12.500      11.447     NOC_NMU512_X0Y0  ecc_soc_bd_i/axi_noc_0/inst/S06_AXI_nmu/bd_bbcd_S06_AXI_nmu_0_top_INST/NOC_NMU512_INST/CLK
Low Pulse Width   Slow    SRL16E/CLK        n/a            0.714         12.500      11.786     SLICE_X51Y6      ecc_soc_bd_i/proc_sys_reset_0/U0/EXT_LPF/POR_SRL_I/CLK
Low Pulse Width   Fast    SRL16E/CLK        n/a            0.714         12.500      11.786     SLICE_X51Y6      ecc_soc_bd_i/proc_sys_reset_0/U0/EXT_LPF/POR_SRL_I/CLK
Low Pulse Width   Slow    SRL16E/CLK        n/a            0.714         12.500      11.786     SLICE_X57Y17     ecc_soc_bd_i/smartconnect_0/inst/clk_map/psr_aclk/U0/EXT_LPF/POR_SRL_I/CLK
Low Pulse Width   Fast    SRL16E/CLK        n/a            0.714         12.500      11.786     SLICE_X57Y17     ecc_soc_bd_i/smartconnect_0/inst/clk_map/psr_aclk/U0/EXT_LPF/POR_SRL_I/CLK
Low Pulse Width   Slow    RAMD32/CLK        n/a            0.714         12.500      11.786     SLICE_X63Y35     ecc_soc_bd_i/soc_ecc_0/inst/u_soc/u_cpu/u_rf/regs_reg_r1_0_31_0_13/RAMA/CLK
Low Pulse Width   Fast    RAMD32/CLK        n/a            0.714         12.500      11.786     SLICE_X63Y35     ecc_soc_bd_i/soc_ecc_0/inst/u_soc/u_cpu/u_rf/regs_reg_r1_0_31_0_13/RAMA/CLK
High Pulse Width  Slow    PS9/MAXIGP0ACLK   n/a            2.000         12.500      10.500     PS9_X0Y0         ecc_soc_bd_i/versal_cips_0/inst/pspmc_0/inst/PS9_inst/MAXIGP0ACLK
High Pulse Width  Fast    PS9/MAXIGP0ACLK   n/a            2.000         12.500      10.500     PS9_X0Y0         ecc_soc_bd_i/versal_cips_0/inst/pspmc_0/inst/PS9_inst/MAXIGP0ACLK
High Pulse Width  Slow    NOC_NMU512/CLK    n/a            1.053         12.500      11.447     NOC_NMU512_X0Y0  ecc_soc_bd_i/axi_noc_0/inst/S06_AXI_nmu/bd_bbcd_S06_AXI_nmu_0_top_INST/NOC_NMU512_INST/CLK
High Pulse Width  Fast    NOC_NMU512/CLK    n/a            1.053         12.500      11.447     NOC_NMU512_X0Y0  ecc_soc_bd_i/axi_noc_0/inst/S06_AXI_nmu/bd_bbcd_S06_AXI_nmu_0_top_INST/NOC_NMU512_INST/CLK
High Pulse Width  Slow    SRL16E/CLK        n/a            0.714         12.500      11.786     SLICE_X51Y6      ecc_soc_bd_i/proc_sys_reset_0/U0/EXT_LPF/POR_SRL_I/CLK
High Pulse Width  Fast    SRL16E/CLK        n/a            0.714         12.500      11.786     SLICE_X51Y6      ecc_soc_bd_i/proc_sys_reset_0/U0/EXT_LPF/POR_SRL_I/CLK
High Pulse Width  Slow    SRL16E/CLK        n/a            0.714         12.500      11.786     SLICE_X57Y17     ecc_soc_bd_i/smartconnect_0/inst/clk_map/psr_aclk/U0/EXT_LPF/POR_SRL_I/CLK
High Pulse Width  Fast    SRL16E/CLK        n/a            0.714         12.500      11.786     SLICE_X57Y17     ecc_soc_bd_i/smartconnect_0/inst/clk_map/psr_aclk/U0/EXT_LPF/POR_SRL_I/CLK
High Pulse Width  Slow    RAMD32/CLK        n/a            0.714         12.500      11.786     SLICE_X63Y35     ecc_soc_bd_i/soc_ecc_0/inst/u_soc/u_cpu/u_rf/regs_reg_r1_0_31_0_13/RAMA/CLK
High Pulse Width  Fast    RAMD32/CLK        n/a            0.714         12.500      11.786     SLICE_X63Y35     ecc_soc_bd_i/soc_ecc_0/inst/u_soc/u_cpu/u_rf/regs_reg_r1_0_31_0_13/RAMA/CLK



---------------------------------------------------------------------------------------------------
From Clock:  ddr4_bank0_sys_clk_clk_p
  To Clock:  ddr4_bank0_sys_clk_clk_p

Setup :           NA  Failing Endpoints,  Worst Slack           NA  ,  Total Violation           NA
Hold  :           NA  Failing Endpoints,  Worst Slack           NA  ,  Total Violation           NA
PW    :            0  Failing Endpoints,  Worst Slack        2.109ns,  Total Violation        0.000ns
---------------------------------------------------------------------------------------------------


Pulse Width Checks
--------------------------------------------------------------------------------------
Clock Name:         ddr4_bank0_sys_clk_clk_p
Waveform(ns):       { 0.000 2.500 }
Period(ns):         5.000
Sources:            { ddr4_bank0_sys_clk_clk_p }

Check Type        Corner  Lib Pin     Reference Pin  Required(ns)  Actual(ns)  Slack(ns)  Location   Pin
Min Period        n/a     XPLL/CLKIN  n/a            1.250         5.000       3.750      XPLL_X2Y0  ecc_soc_bd_i/axi_noc_0/inst/MC0_ddrc/inst/noc_ddr4_phy/inst/u_xpll0_bank1/CLKIN
Max Period        n/a     XPLL/CLKIN  n/a            10.000        5.000       5.000      XPLL_X2Y0  ecc_soc_bd_i/axi_noc_0/inst/MC0_ddrc/inst/noc_ddr4_phy/inst/u_xpll0_bank1/CLKIN
Low Pulse Width   Slow    XPLL/CLKIN  n/a            0.391         2.500       2.109      XPLL_X2Y0  ecc_soc_bd_i/axi_noc_0/inst/MC0_ddrc/inst/noc_ddr4_phy/inst/u_xpll0_bank1/CLKIN
Low Pulse Width   Fast    XPLL/CLKIN  n/a            0.391         2.500       2.109      XPLL_X2Y0  ecc_soc_bd_i/axi_noc_0/inst/MC0_ddrc/inst/noc_ddr4_phy/inst/u_xpll0_bank1/CLKIN
High Pulse Width  Slow    XPLL/CLKIN  n/a            0.391         2.500       2.109      XPLL_X2Y0  ecc_soc_bd_i/axi_noc_0/inst/MC0_ddrc/inst/noc_ddr4_phy/inst/u_xpll0_bank1/CLKIN
High Pulse Width  Fast    XPLL/CLKIN  n/a            0.391         2.500       2.109      XPLL_X2Y0  ecc_soc_bd_i/axi_noc_0/inst/MC0_ddrc/inst/noc_ddr4_phy/inst/u_xpll0_bank1/CLKIN



---------------------------------------------------------------------------------------------------
From Clock:  bank1_clkout0
  To Clock:  bank1_clkout0

Setup :           NA  Failing Endpoints,  Worst Slack           NA  ,  Total Violation           NA
Hold  :           NA  Failing Endpoints,  Worst Slack           NA  ,  Total Violation           NA
PW    :            0  Failing Endpoints,  Worst Slack        0.000ns,  Total Violation        0.000ns
---------------------------------------------------------------------------------------------------


Pulse Width Checks
--------------------------------------------------------------------------------------
Clock Name:         bank1_clkout0
Waveform(ns):       { 0.000 0.625 }
Period(ns):         1.250
Sources:            { ecc_soc_bd_i/axi_noc_0/inst/MC0_ddrc/inst/noc_ddr4_phy/inst/u_xpll0_bank1/CLKOUT0 }

Check Type        Corner  Lib Pin       Reference Pin  Required(ns)  Actual(ns)  Slack(ns)  Location   Pin
Min Period        n/a     XPLL/CLKIN    n/a            1.250         1.250       0.000      XPLL_X0Y0  ecc_soc_bd_i/axi_noc_0/inst/MC0_ddrc/inst/noc_ddr4_phy/inst/u_xpll0_bank0/CLKIN
Min Period        n/a     XPLL/CLKOUT0  n/a            1.250         1.250       0.000      XPLL_X2Y0  ecc_soc_bd_i/axi_noc_0/inst/MC0_ddrc/inst/noc_ddr4_phy/inst/u_xpll0_bank1/CLKOUT0
Min Period        n/a     XPLL/CLKIN    n/a            1.250         1.250       0.000      XPLL_X4Y0  ecc_soc_bd_i/axi_noc_0/inst/MC0_ddrc/inst/noc_ddr4_phy/inst/u_xpll0_bank2/CLKIN
Max Period        n/a     XPLL/CLKIN    n/a            10.000        1.250       8.750      XPLL_X0Y0  ecc_soc_bd_i/axi_noc_0/inst/MC0_ddrc/inst/noc_ddr4_phy/inst/u_xpll0_bank0/CLKIN
Max Period        n/a     XPLL/CLKIN    n/a            10.000        1.250       8.750      XPLL_X4Y0  ecc_soc_bd_i/axi_noc_0/inst/MC0_ddrc/inst/noc_ddr4_phy/inst/u_xpll0_bank2/CLKIN
Low Pulse Width   Slow    XPLL/CLKIN    n/a            0.391         0.625       0.234      XPLL_X0Y0  ecc_soc_bd_i/axi_noc_0/inst/MC0_ddrc/inst/noc_ddr4_phy/inst/u_xpll0_bank0/CLKIN
Low Pulse Width   Fast    XPLL/CLKIN    n/a            0.391         0.625       0.234      XPLL_X0Y0  ecc_soc_bd_i/axi_noc_0/inst/MC0_ddrc/inst/noc_ddr4_phy/inst/u_xpll0_bank0/CLKIN
Low Pulse Width   Slow    XPLL/CLKIN    n/a            0.391         0.625       0.234      XPLL_X4Y0  ecc_soc_bd_i/axi_noc_0/inst/MC0_ddrc/inst/noc_ddr4_phy/inst/u_xpll0_bank2/CLKIN
Low Pulse Width   Fast    XPLL/CLKIN    n/a            0.391         0.625       0.234      XPLL_X4Y0  ecc_soc_bd_i/axi_noc_0/inst/MC0_ddrc/inst/noc_ddr4_phy/inst/u_xpll0_bank2/CLKIN
High Pulse Width  Slow    XPLL/CLKIN    n/a            0.391         0.625       0.234      XPLL_X0Y0  ecc_soc_bd_i/axi_noc_0/inst/MC0_ddrc/inst/noc_ddr4_phy/inst/u_xpll0_bank0/CLKIN
High Pulse Width  Fast    XPLL/CLKIN    n/a            0.391         0.625       0.234      XPLL_X0Y0  ecc_soc_bd_i/axi_noc_0/inst/MC0_ddrc/inst/noc_ddr4_phy/inst/u_xpll0_bank0/CLKIN
High Pulse Width  Slow    XPLL/CLKIN    n/a            0.391         0.625       0.234      XPLL_X4Y0  ecc_soc_bd_i/axi_noc_0/inst/MC0_ddrc/inst/noc_ddr4_phy/inst/u_xpll0_bank2/CLKIN
High Pulse Width  Fast    XPLL/CLKIN    n/a            0.391         0.625       0.234      XPLL_X4Y0  ecc_soc_bd_i/axi_noc_0/inst/MC0_ddrc/inst/noc_ddr4_phy/inst/u_xpll0_bank2/CLKIN



---------------------------------------------------------------------------------------------------
From Clock:  pll_clktoxphy[0]
  To Clock:  pll_clktoxphy[0]

Setup :           NA  Failing Endpoints,  Worst Slack           NA  ,  Total Violation           NA
Hold  :           NA  Failing Endpoints,  Worst Slack           NA  ,  Total Violation           NA
PW    :            0  Failing Endpoints,  Worst Slack        0.044ns,  Total Violation        0.000ns
---------------------------------------------------------------------------------------------------


Pulse Width Checks
--------------------------------------------------------------------------------------
Clock Name:         pll_clktoxphy[0]
Waveform(ns):       { 0.000 0.156 }
Period(ns):         0.312
Sources:            { ecc_soc_bd_i/axi_noc_0/inst/MC0_ddrc/inst/noc_ddr4_phy/inst/u_xpll0_bank0/CLKOUTPHY }

Check Type        Corner  Lib Pin         Reference Pin  Required(ns)  Actual(ns)  Slack(ns)  Location   Pin
Min Period        n/a     XPHY/PLL_CLK    n/a            0.268         0.312       0.044      XPHY_X0Y0  ecc_soc_bd_i/axi_noc_0/inst/MC0_ddrc/inst/noc_ddr4_phy/inst/BANK_WRAPPER_INST0/NIBBLE[0].UNISIM.I_XPHY/PLL_CLK
Min Period        n/a     XPHY/PLL_CLK    n/a            0.268         0.312       0.044      XPHY_X1Y0  ecc_soc_bd_i/axi_noc_0/inst/MC0_ddrc/inst/noc_ddr4_phy/inst/BANK_WRAPPER_INST0/NIBBLE[1].UNISIM.I_XPHY/PLL_CLK
Min Period        n/a     XPHY/PLL_CLK    n/a            0.268         0.312       0.044      XPHY_X2Y0  ecc_soc_bd_i/axi_noc_0/inst/MC0_ddrc/inst/noc_ddr4_phy/inst/BANK_WRAPPER_INST0/NIBBLE[2].UNISIM.I_XPHY/PLL_CLK
Min Period        n/a     XPHY/PLL_CLK    n/a            0.268         0.312       0.044      XPHY_X3Y0  ecc_soc_bd_i/axi_noc_0/inst/MC0_ddrc/inst/noc_ddr4_phy/inst/BANK_WRAPPER_INST0/NIBBLE[3].UNISIM.I_XPHY/PLL_CLK
Min Period        n/a     XPHY/PLL_CLK    n/a            0.268         0.312       0.044      XPHY_X5Y0  ecc_soc_bd_i/axi_noc_0/inst/MC0_ddrc/inst/noc_ddr4_phy/inst/BANK_WRAPPER_INST0/NIBBLE[4].UNISIM.I_XPHY/PLL_CLK
Min Period        n/a     XPHY/PLL_CLK    n/a            0.268         0.312       0.044      XPHY_X6Y0  ecc_soc_bd_i/axi_noc_0/inst/MC0_ddrc/inst/noc_ddr4_phy/inst/BANK_WRAPPER_INST0/NIBBLE[5].UNISIM.I_XPHY/PLL_CLK
Min Period        n/a     XPHY/PLL_CLK    n/a            0.268         0.312       0.044      XPHY_X7Y0  ecc_soc_bd_i/axi_noc_0/inst/MC0_ddrc/inst/noc_ddr4_phy/inst/BANK_WRAPPER_INST0/NIBBLE[6].UNISIM.I_XPHY/PLL_CLK
Min Period        n/a     XPHY/PLL_CLK    n/a            0.268         0.312       0.044      XPHY_X8Y0  ecc_soc_bd_i/axi_noc_0/inst/MC0_ddrc/inst/noc_ddr4_phy/inst/BANK_WRAPPER_INST0/NIBBLE[7].UNISIM.I_XPHY/PLL_CLK
Min Period        n/a     XPHY/PLL_CLK    n/a            0.268         0.312       0.044      XPHY_X4Y0  ecc_soc_bd_i/axi_noc_0/inst/MC0_ddrc/inst/noc_ddr4_phy/inst/BANK_WRAPPER_INST0/NIBBLE[8].UNISIM.I_XPHY/PLL_CLK
Min Period        n/a     XPLL/CLKOUTPHY  n/a            0.231         0.312       0.082      XPLL_X0Y0  ecc_soc_bd_i/axi_noc_0/inst/MC0_ddrc/inst/noc_ddr4_phy/inst/u_xpll0_bank0/CLKOUTPHY
Low Pulse Width   Slow    XPHY/PLL_CLK    n/a            0.107         0.156       0.049      XPHY_X0Y0  ecc_soc_bd_i/axi_noc_0/inst/MC0_ddrc/inst/noc_ddr4_phy/inst/BANK_WRAPPER_INST0/NIBBLE[0].UNISIM.I_XPHY/PLL_CLK
Low Pulse Width   Fast    XPHY/PLL_CLK    n/a            0.107         0.156       0.049      XPHY_X0Y0  ecc_soc_bd_i/axi_noc_0/inst/MC0_ddrc/inst/noc_ddr4_phy/inst/BANK_WRAPPER_INST0/NIBBLE[0].UNISIM.I_XPHY/PLL_CLK
Low Pulse Width   Slow    XPHY/PLL_CLK    n/a            0.107         0.156       0.049      XPHY_X1Y0  ecc_soc_bd_i/axi_noc_0/inst/MC0_ddrc/inst/noc_ddr4_phy/inst/BANK_WRAPPER_INST0/NIBBLE[1].UNISIM.I_XPHY/PLL_CLK
Low Pulse Width   Fast    XPHY/PLL_CLK    n/a            0.107         0.156       0.049      XPHY_X1Y0  ecc_soc_bd_i/axi_noc_0/inst/MC0_ddrc/inst/noc_ddr4_phy/inst/BANK_WRAPPER_INST0/NIBBLE[1].UNISIM.I_XPHY/PLL_CLK
Low Pulse Width   Slow    XPHY/PLL_CLK    n/a            0.107         0.156       0.049      XPHY_X2Y0  ecc_soc_bd_i/axi_noc_0/inst/MC0_ddrc/inst/noc_ddr4_phy/inst/BANK_WRAPPER_INST0/NIBBLE[2].UNISIM.I_XPHY/PLL_CLK
Low Pulse Width   Fast    XPHY/PLL_CLK    n/a            0.107         0.156       0.049      XPHY_X2Y0  ecc_soc_bd_i/axi_noc_0/inst/MC0_ddrc/inst/noc_ddr4_phy/inst/BANK_WRAPPER_INST0/NIBBLE[2].UNISIM.I_XPHY/PLL_CLK
Low Pulse Width   Slow    XPHY/PLL_CLK    n/a            0.107         0.156       0.049      XPHY_X3Y0  ecc_soc_bd_i/axi_noc_0/inst/MC0_ddrc/inst/noc_ddr4_phy/inst/BANK_WRAPPER_INST0/NIBBLE[3].UNISIM.I_XPHY/PLL_CLK
Low Pulse Width   Fast    XPHY/PLL_CLK    n/a            0.107         0.156       0.049      XPHY_X3Y0  ecc_soc_bd_i/axi_noc_0/inst/MC0_ddrc/inst/noc_ddr4_phy/inst/BANK_WRAPPER_INST0/NIBBLE[3].UNISIM.I_XPHY/PLL_CLK
Low Pulse Width   Slow    XPHY/PLL_CLK    n/a            0.107         0.156       0.049      XPHY_X5Y0  ecc_soc_bd_i/axi_noc_0/inst/MC0_ddrc/inst/noc_ddr4_phy/inst/BANK_WRAPPER_INST0/NIBBLE[4].UNISIM.I_XPHY/PLL_CLK
Low Pulse Width   Fast    XPHY/PLL_CLK    n/a            0.107         0.156       0.049      XPHY_X5Y0  ecc_soc_bd_i/axi_noc_0/inst/MC0_ddrc/inst/noc_ddr4_phy/inst/BANK_WRAPPER_INST0/NIBBLE[4].UNISIM.I_XPHY/PLL_CLK
High Pulse Width  Slow    XPHY/PLL_CLK    n/a            0.107         0.156       0.049      XPHY_X0Y0  ecc_soc_bd_i/axi_noc_0/inst/MC0_ddrc/inst/noc_ddr4_phy/inst/BANK_WRAPPER_INST0/NIBBLE[0].UNISIM.I_XPHY/PLL_CLK
High Pulse Width  Fast    XPHY/PLL_CLK    n/a            0.107         0.156       0.049      XPHY_X0Y0  ecc_soc_bd_i/axi_noc_0/inst/MC0_ddrc/inst/noc_ddr4_phy/inst/BANK_WRAPPER_INST0/NIBBLE[0].UNISIM.I_XPHY/PLL_CLK
High Pulse Width  Slow    XPHY/PLL_CLK    n/a            0.107         0.156       0.049      XPHY_X1Y0  ecc_soc_bd_i/axi_noc_0/inst/MC0_ddrc/inst/noc_ddr4_phy/inst/BANK_WRAPPER_INST0/NIBBLE[1].UNISIM.I_XPHY/PLL_CLK
High Pulse Width  Fast    XPHY/PLL_CLK    n/a            0.107         0.156       0.049      XPHY_X1Y0  ecc_soc_bd_i/axi_noc_0/inst/MC0_ddrc/inst/noc_ddr4_phy/inst/BANK_WRAPPER_INST0/NIBBLE[1].UNISIM.I_XPHY/PLL_CLK
High Pulse Width  Slow    XPHY/PLL_CLK    n/a            0.107         0.156       0.049      XPHY_X2Y0  ecc_soc_bd_i/axi_noc_0/inst/MC0_ddrc/inst/noc_ddr4_phy/inst/BANK_WRAPPER_INST0/NIBBLE[2].UNISIM.I_XPHY/PLL_CLK
High Pulse Width  Fast    XPHY/PLL_CLK    n/a            0.107         0.156       0.049      XPHY_X2Y0  ecc_soc_bd_i/axi_noc_0/inst/MC0_ddrc/inst/noc_ddr4_phy/inst/BANK_WRAPPER_INST0/NIBBLE[2].UNISIM.I_XPHY/PLL_CLK
High Pulse Width  Slow    XPHY/PLL_CLK    n/a            0.107         0.156       0.049      XPHY_X3Y0  ecc_soc_bd_i/axi_noc_0/inst/MC0_ddrc/inst/noc_ddr4_phy/inst/BANK_WRAPPER_INST0/NIBBLE[3].UNISIM.I_XPHY/PLL_CLK
High Pulse Width  Fast    XPHY/PLL_CLK    n/a            0.107         0.156       0.049      XPHY_X3Y0  ecc_soc_bd_i/axi_noc_0/inst/MC0_ddrc/inst/noc_ddr4_phy/inst/BANK_WRAPPER_INST0/NIBBLE[3].UNISIM.I_XPHY/PLL_CLK
High Pulse Width  Slow    XPHY/PLL_CLK    n/a            0.107         0.156       0.049      XPHY_X5Y0  ecc_soc_bd_i/axi_noc_0/inst/MC0_ddrc/inst/noc_ddr4_phy/inst/BANK_WRAPPER_INST0/NIBBLE[4].UNISIM.I_XPHY/PLL_CLK
High Pulse Width  Fast    XPHY/PLL_CLK    n/a            0.107         0.156       0.049      XPHY_X5Y0  ecc_soc_bd_i/axi_noc_0/inst/MC0_ddrc/inst/noc_ddr4_phy/inst/BANK_WRAPPER_INST0/NIBBLE[4].UNISIM.I_XPHY/PLL_CLK



---------------------------------------------------------------------------------------------------
From Clock:  pll_clktoxphy[2]
  To Clock:  pll_clktoxphy[2]

Setup :           NA  Failing Endpoints,  Worst Slack           NA  ,  Total Violation           NA
Hold  :           NA  Failing Endpoints,  Worst Slack           NA  ,  Total Violation           NA
PW    :            0  Failing Endpoints,  Worst Slack        0.044ns,  Total Violation        0.000ns
---------------------------------------------------------------------------------------------------


Pulse Width Checks
--------------------------------------------------------------------------------------
Clock Name:         pll_clktoxphy[2]
Waveform(ns):       { 0.000 0.156 }
Period(ns):         0.312
Sources:            { ecc_soc_bd_i/axi_noc_0/inst/MC0_ddrc/inst/noc_ddr4_phy/inst/u_xpll0_bank2/CLKOUTPHY }

Check Type        Corner  Lib Pin         Reference Pin  Required(ns)  Actual(ns)  Slack(ns)  Location    Pin
Min Period        n/a     XPHY/PLL_CLK    n/a            0.268         0.312       0.044      XPHY_X18Y0  ecc_soc_bd_i/axi_noc_0/inst/MC0_ddrc/inst/noc_ddr4_phy/inst/BANK_WRAPPER_INST2/NIBBLE[0].UNISIM.I_XPHY/PLL_CLK
Min Period        n/a     XPHY/PLL_CLK    n/a            0.268         0.312       0.044      XPHY_X19Y0  ecc_soc_bd_i/axi_noc_0/inst/MC0_ddrc/inst/noc_ddr4_phy/inst/BANK_WRAPPER_INST2/NIBBLE[1].UNISIM.I_XPHY/PLL_CLK
Min Period        n/a     XPHY/PLL_CLK    n/a            0.268         0.312       0.044      XPHY_X20Y0  ecc_soc_bd_i/axi_noc_0/inst/MC0_ddrc/inst/noc_ddr4_phy/inst/BANK_WRAPPER_INST2/NIBBLE[2].UNISIM.I_XPHY/PLL_CLK
Min Period        n/a     XPHY/PLL_CLK    n/a            0.268         0.312       0.044      XPHY_X21Y0  ecc_soc_bd_i/axi_noc_0/inst/MC0_ddrc/inst/noc_ddr4_phy/inst/BANK_WRAPPER_INST2/NIBBLE[3].UNISIM.I_XPHY/PLL_CLK
Min Period        n/a     XPLL/CLKOUTPHY  n/a            0.231         0.312       0.082      XPLL_X4Y0   ecc_soc_bd_i/axi_noc_0/inst/MC0_ddrc/inst/noc_ddr4_phy/inst/u_xpll0_bank2/CLKOUTPHY
Low Pulse Width   Slow    XPHY/PLL_CLK    n/a            0.107         0.156       0.049      XPHY_X18Y0  ecc_soc_bd_i/axi_noc_0/inst/MC0_ddrc/inst/noc_ddr4_phy/inst/BANK_WRAPPER_INST2/NIBBLE[0].UNISIM.I_XPHY/PLL_CLK
Low Pulse Width   Fast    XPHY/PLL_CLK    n/a            0.107         0.156       0.049      XPHY_X18Y0  ecc_soc_bd_i/axi_noc_0/inst/MC0_ddrc/inst/noc_ddr4_phy/inst/BANK_WRAPPER_INST2/NIBBLE[0].UNISIM.I_XPHY/PLL_CLK
Low Pulse Width   Slow    XPHY/PLL_CLK    n/a            0.107         0.156       0.049      XPHY_X19Y0  ecc_soc_bd_i/axi_noc_0/inst/MC0_ddrc/inst/noc_ddr4_phy/inst/BANK_WRAPPER_INST2/NIBBLE[1].UNISIM.I_XPHY/PLL_CLK
Low Pulse Width   Fast    XPHY/PLL_CLK    n/a            0.107         0.156       0.049      XPHY_X19Y0  ecc_soc_bd_i/axi_noc_0/inst/MC0_ddrc/inst/noc_ddr4_phy/inst/BANK_WRAPPER_INST2/NIBBLE[1].UNISIM.I_XPHY/PLL_CLK
Low Pulse Width   Slow    XPHY/PLL_CLK    n/a            0.107         0.156       0.049      XPHY_X20Y0  ecc_soc_bd_i/axi_noc_0/inst/MC0_ddrc/inst/noc_ddr4_phy/inst/BANK_WRAPPER_INST2/NIBBLE[2].UNISIM.I_XPHY/PLL_CLK
Low Pulse Width   Fast    XPHY/PLL_CLK    n/a            0.107         0.156       0.049      XPHY_X20Y0  ecc_soc_bd_i/axi_noc_0/inst/MC0_ddrc/inst/noc_ddr4_phy/inst/BANK_WRAPPER_INST2/NIBBLE[2].UNISIM.I_XPHY/PLL_CLK
Low Pulse Width   Slow    XPHY/PLL_CLK    n/a            0.107         0.156       0.049      XPHY_X21Y0  ecc_soc_bd_i/axi_noc_0/inst/MC0_ddrc/inst/noc_ddr4_phy/inst/BANK_WRAPPER_INST2/NIBBLE[3].UNISIM.I_XPHY/PLL_CLK
Low Pulse Width   Fast    XPHY/PLL_CLK    n/a            0.107         0.156       0.049      XPHY_X21Y0  ecc_soc_bd_i/axi_noc_0/inst/MC0_ddrc/inst/noc_ddr4_phy/inst/BANK_WRAPPER_INST2/NIBBLE[3].UNISIM.I_XPHY/PLL_CLK
High Pulse Width  Slow    XPHY/PLL_CLK    n/a            0.107         0.156       0.049      XPHY_X18Y0  ecc_soc_bd_i/axi_noc_0/inst/MC0_ddrc/inst/noc_ddr4_phy/inst/BANK_WRAPPER_INST2/NIBBLE[0].UNISIM.I_XPHY/PLL_CLK
High Pulse Width  Fast    XPHY/PLL_CLK    n/a            0.107         0.156       0.049      XPHY_X18Y0  ecc_soc_bd_i/axi_noc_0/inst/MC0_ddrc/inst/noc_ddr4_phy/inst/BANK_WRAPPER_INST2/NIBBLE[0].UNISIM.I_XPHY/PLL_CLK
High Pulse Width  Slow    XPHY/PLL_CLK    n/a            0.107         0.156       0.049      XPHY_X19Y0  ecc_soc_bd_i/axi_noc_0/inst/MC0_ddrc/inst/noc_ddr4_phy/inst/BANK_WRAPPER_INST2/NIBBLE[1].UNISIM.I_XPHY/PLL_CLK
High Pulse Width  Fast    XPHY/PLL_CLK    n/a            0.107         0.156       0.049      XPHY_X19Y0  ecc_soc_bd_i/axi_noc_0/inst/MC0_ddrc/inst/noc_ddr4_phy/inst/BANK_WRAPPER_INST2/NIBBLE[1].UNISIM.I_XPHY/PLL_CLK
High Pulse Width  Slow    XPHY/PLL_CLK    n/a            0.107         0.156       0.049      XPHY_X20Y0  ecc_soc_bd_i/axi_noc_0/inst/MC0_ddrc/inst/noc_ddr4_phy/inst/BANK_WRAPPER_INST2/NIBBLE[2].UNISIM.I_XPHY/PLL_CLK
High Pulse Width  Fast    XPHY/PLL_CLK    n/a            0.107         0.156       0.049      XPHY_X20Y0  ecc_soc_bd_i/axi_noc_0/inst/MC0_ddrc/inst/noc_ddr4_phy/inst/BANK_WRAPPER_INST2/NIBBLE[2].UNISIM.I_XPHY/PLL_CLK
High Pulse Width  Slow    XPHY/PLL_CLK    n/a            0.107         0.156       0.049      XPHY_X21Y0  ecc_soc_bd_i/axi_noc_0/inst/MC0_ddrc/inst/noc_ddr4_phy/inst/BANK_WRAPPER_INST2/NIBBLE[3].UNISIM.I_XPHY/PLL_CLK
High Pulse Width  Fast    XPHY/PLL_CLK    n/a            0.107         0.156       0.049      XPHY_X21Y0  ecc_soc_bd_i/axi_noc_0/inst/MC0_ddrc/inst/noc_ddr4_phy/inst/BANK_WRAPPER_INST2/NIBBLE[3].UNISIM.I_XPHY/PLL_CLK



---------------------------------------------------------------------------------------------------
From Clock:  bank1_xpll0_fifo_rd_clk
  To Clock:  bank1_xpll0_fifo_rd_clk

Setup :           NA  Failing Endpoints,  Worst Slack           NA  ,  Total Violation           NA
Hold  :           NA  Failing Endpoints,  Worst Slack           NA  ,  Total Violation           NA
PW    :            0  Failing Endpoints,  Worst Slack        0.000ns,  Total Violation        0.000ns
---------------------------------------------------------------------------------------------------


Pulse Width Checks
--------------------------------------------------------------------------------------
Clock Name:         bank1_xpll0_fifo_rd_clk
Waveform(ns):       { 0.000 0.625 }
Period(ns):         1.250
Sources:            { ecc_soc_bd_i/axi_noc_0/inst/MC0_ddrc/inst/noc_ddr4_phy/inst/u_xpll0_bank1/CLKOUT2 }

Check Type        Corner  Lib Pin           Reference Pin  Required(ns)  Actual(ns)  Slack(ns)  Location   Pin
Min Period        n/a     XPLL/CLKOUT2      n/a            1.250         1.250       0.000      XPLL_X2Y0  ecc_soc_bd_i/axi_noc_0/inst/MC0_ddrc/inst/noc_ddr4_phy/inst/u_xpll0_bank1/CLKOUT2
Min Period        n/a     XPHY/FIFO_RD_CLK  n/a            1.072         1.250       0.178      XPHY_X0Y0  ecc_soc_bd_i/axi_noc_0/inst/MC0_ddrc/inst/noc_ddr4_phy/inst/BANK_WRAPPER_INST0/NIBBLE[0].UNISIM.I_XPHY/FIFO_RD_CLK
Min Period        n/a     XPHY/FIFO_RD_CLK  n/a            1.072         1.250       0.178      XPHY_X1Y0  ecc_soc_bd_i/axi_noc_0/inst/MC0_ddrc/inst/noc_ddr4_phy/inst/BANK_WRAPPER_INST0/NIBBLE[1].UNISIM.I_XPHY/FIFO_RD_CLK
Min Period        n/a     XPHY/FIFO_RD_CLK  n/a            1.072         1.250       0.178      XPHY_X2Y0  ecc_soc_bd_i/axi_noc_0/inst/MC0_ddrc/inst/noc_ddr4_phy/inst/BANK_WRAPPER_INST0/NIBBLE[2].UNISIM.I_XPHY/FIFO_RD_CLK
Min Period        n/a     XPHY/FIFO_RD_CLK  n/a            1.072         1.250       0.178      XPHY_X3Y0  ecc_soc_bd_i/axi_noc_0/inst/MC0_ddrc/inst/noc_ddr4_phy/inst/BANK_WRAPPER_INST0/NIBBLE[3].UNISIM.I_XPHY/FIFO_RD_CLK
Min Period        n/a     XPHY/FIFO_RD_CLK  n/a            1.072         1.250       0.178      XPHY_X5Y0  ecc_soc_bd_i/axi_noc_0/inst/MC0_ddrc/inst/noc_ddr4_phy/inst/BANK_WRAPPER_INST0/NIBBLE[4].UNISIM.I_XPHY/FIFO_RD_CLK
Min Period        n/a     XPHY/FIFO_RD_CLK  n/a            1.072         1.250       0.178      XPHY_X6Y0  ecc_soc_bd_i/axi_noc_0/inst/MC0_ddrc/inst/noc_ddr4_phy/inst/BANK_WRAPPER_INST0/NIBBLE[5].UNISIM.I_XPHY/FIFO_RD_CLK
Min Period        n/a     XPHY/FIFO_RD_CLK  n/a            1.072         1.250       0.178      XPHY_X7Y0  ecc_soc_bd_i/axi_noc_0/inst/MC0_ddrc/inst/noc_ddr4_phy/inst/BANK_WRAPPER_INST0/NIBBLE[6].UNISIM.I_XPHY/FIFO_RD_CLK
Min Period        n/a     XPHY/FIFO_RD_CLK  n/a            1.072         1.250       0.178      XPHY_X8Y0  ecc_soc_bd_i/axi_noc_0/inst/MC0_ddrc/inst/noc_ddr4_phy/inst/BANK_WRAPPER_INST0/NIBBLE[7].UNISIM.I_XPHY/FIFO_RD_CLK
Min Period        n/a     XPHY/FIFO_RD_CLK  n/a            1.072         1.250       0.178      XPHY_X4Y0  ecc_soc_bd_i/axi_noc_0/inst/MC0_ddrc/inst/noc_ddr4_phy/inst/BANK_WRAPPER_INST0/NIBBLE[8].UNISIM.I_XPHY/FIFO_RD_CLK
Low Pulse Width   Slow    XPHY/FIFO_RD_CLK  n/a            0.429         0.625       0.196      XPHY_X0Y0  ecc_soc_bd_i/axi_noc_0/inst/MC0_ddrc/inst/noc_ddr4_phy/inst/BANK_WRAPPER_INST0/NIBBLE[0].UNISIM.I_XPHY/FIFO_RD_CLK
Low Pulse Width   Fast    XPHY/FIFO_RD_CLK  n/a            0.429         0.625       0.196      XPHY_X0Y0  ecc_soc_bd_i/axi_noc_0/inst/MC0_ddrc/inst/noc_ddr4_phy/inst/BANK_WRAPPER_INST0/NIBBLE[0].UNISIM.I_XPHY/FIFO_RD_CLK
Low Pulse Width   Slow    XPHY/FIFO_RD_CLK  n/a            0.429         0.625       0.196      XPHY_X1Y0  ecc_soc_bd_i/axi_noc_0/inst/MC0_ddrc/inst/noc_ddr4_phy/inst/BANK_WRAPPER_INST0/NIBBLE[1].UNISIM.I_XPHY/FIFO_RD_CLK
Low Pulse Width   Fast    XPHY/FIFO_RD_CLK  n/a            0.429         0.625       0.196      XPHY_X1Y0  ecc_soc_bd_i/axi_noc_0/inst/MC0_ddrc/inst/noc_ddr4_phy/inst/BANK_WRAPPER_INST0/NIBBLE[1].UNISIM.I_XPHY/FIFO_RD_CLK
Low Pulse Width   Slow    XPHY/FIFO_RD_CLK  n/a            0.429         0.625       0.196      XPHY_X2Y0  ecc_soc_bd_i/axi_noc_0/inst/MC0_ddrc/inst/noc_ddr4_phy/inst/BANK_WRAPPER_INST0/NIBBLE[2].UNISIM.I_XPHY/FIFO_RD_CLK
Low Pulse Width   Fast    XPHY/FIFO_RD_CLK  n/a            0.429         0.625       0.196      XPHY_X2Y0  ecc_soc_bd_i/axi_noc_0/inst/MC0_ddrc/inst/noc_ddr4_phy/inst/BANK_WRAPPER_INST0/NIBBLE[2].UNISIM.I_XPHY/FIFO_RD_CLK
Low Pulse Width   Slow    XPHY/FIFO_RD_CLK  n/a            0.429         0.625       0.196      XPHY_X3Y0  ecc_soc_bd_i/axi_noc_0/inst/MC0_ddrc/inst/noc_ddr4_phy/inst/BANK_WRAPPER_INST0/NIBBLE[3].UNISIM.I_XPHY/FIFO_RD_CLK
Low Pulse Width   Fast    XPHY/FIFO_RD_CLK  n/a            0.429         0.625       0.196      XPHY_X3Y0  ecc_soc_bd_i/axi_noc_0/inst/MC0_ddrc/inst/noc_ddr4_phy/inst/BANK_WRAPPER_INST0/NIBBLE[3].UNISIM.I_XPHY/FIFO_RD_CLK
Low Pulse Width   Slow    XPHY/FIFO_RD_CLK  n/a            0.429         0.625       0.196      XPHY_X5Y0  ecc_soc_bd_i/axi_noc_0/inst/MC0_ddrc/inst/noc_ddr4_phy/inst/BANK_WRAPPER_INST0/NIBBLE[4].UNISIM.I_XPHY/FIFO_RD_CLK
Low Pulse Width   Fast    XPHY/FIFO_RD_CLK  n/a            0.429         0.625       0.196      XPHY_X5Y0  ecc_soc_bd_i/axi_noc_0/inst/MC0_ddrc/inst/noc_ddr4_phy/inst/BANK_WRAPPER_INST0/NIBBLE[4].UNISIM.I_XPHY/FIFO_RD_CLK
High Pulse Width  Slow    XPHY/FIFO_RD_CLK  n/a            0.429         0.625       0.196      XPHY_X0Y0  ecc_soc_bd_i/axi_noc_0/inst/MC0_ddrc/inst/noc_ddr4_phy/inst/BANK_WRAPPER_INST0/NIBBLE[0].UNISIM.I_XPHY/FIFO_RD_CLK
High Pulse Width  Fast    XPHY/FIFO_RD_CLK  n/a            0.429         0.625       0.196      XPHY_X0Y0  ecc_soc_bd_i/axi_noc_0/inst/MC0_ddrc/inst/noc_ddr4_phy/inst/BANK_WRAPPER_INST0/NIBBLE[0].UNISIM.I_XPHY/FIFO_RD_CLK
High Pulse Width  Slow    XPHY/FIFO_RD_CLK  n/a            0.429         0.625       0.196      XPHY_X1Y0  ecc_soc_bd_i/axi_noc_0/inst/MC0_ddrc/inst/noc_ddr4_phy/inst/BANK_WRAPPER_INST0/NIBBLE[1].UNISIM.I_XPHY/FIFO_RD_CLK
High Pulse Width  Fast    XPHY/FIFO_RD_CLK  n/a            0.429         0.625       0.196      XPHY_X1Y0  ecc_soc_bd_i/axi_noc_0/inst/MC0_ddrc/inst/noc_ddr4_phy/inst/BANK_WRAPPER_INST0/NIBBLE[1].UNISIM.I_XPHY/FIFO_RD_CLK
High Pulse Width  Slow    XPHY/FIFO_RD_CLK  n/a            0.429         0.625       0.196      XPHY_X2Y0  ecc_soc_bd_i/axi_noc_0/inst/MC0_ddrc/inst/noc_ddr4_phy/inst/BANK_WRAPPER_INST0/NIBBLE[2].UNISIM.I_XPHY/FIFO_RD_CLK
High Pulse Width  Fast    XPHY/FIFO_RD_CLK  n/a            0.429         0.625       0.196      XPHY_X2Y0  ecc_soc_bd_i/axi_noc_0/inst/MC0_ddrc/inst/noc_ddr4_phy/inst/BANK_WRAPPER_INST0/NIBBLE[2].UNISIM.I_XPHY/FIFO_RD_CLK
High Pulse Width  Slow    XPHY/FIFO_RD_CLK  n/a            0.429         0.625       0.196      XPHY_X3Y0  ecc_soc_bd_i/axi_noc_0/inst/MC0_ddrc/inst/noc_ddr4_phy/inst/BANK_WRAPPER_INST0/NIBBLE[3].UNISIM.I_XPHY/FIFO_RD_CLK
High Pulse Width  Fast    XPHY/FIFO_RD_CLK  n/a            0.429         0.625       0.196      XPHY_X3Y0  ecc_soc_bd_i/axi_noc_0/inst/MC0_ddrc/inst/noc_ddr4_phy/inst/BANK_WRAPPER_INST0/NIBBLE[3].UNISIM.I_XPHY/FIFO_RD_CLK
High Pulse Width  Slow    XPHY/FIFO_RD_CLK  n/a            0.429         0.625       0.196      XPHY_X5Y0  ecc_soc_bd_i/axi_noc_0/inst/MC0_ddrc/inst/noc_ddr4_phy/inst/BANK_WRAPPER_INST0/NIBBLE[4].UNISIM.I_XPHY/FIFO_RD_CLK
High Pulse Width  Fast    XPHY/FIFO_RD_CLK  n/a            0.429         0.625       0.196      XPHY_X5Y0  ecc_soc_bd_i/axi_noc_0/inst/MC0_ddrc/inst/noc_ddr4_phy/inst/BANK_WRAPPER_INST0/NIBBLE[4].UNISIM.I_XPHY/FIFO_RD_CLK



---------------------------------------------------------------------------------------------------
From Clock:  mc_clk_xpll
  To Clock:  mc_clk_xpll

Setup :           NA  Failing Endpoints,  Worst Slack           NA  ,  Total Violation           NA
Hold  :           NA  Failing Endpoints,  Worst Slack           NA  ,  Total Violation           NA
PW    :            0  Failing Endpoints,  Worst Slack        0.000ns,  Total Violation        0.000ns
---------------------------------------------------------------------------------------------------


Pulse Width Checks
--------------------------------------------------------------------------------------
Clock Name:         mc_clk_xpll
Waveform(ns):       { 0.000 0.625 }
Period(ns):         1.250
Sources:            { ecc_soc_bd_i/axi_noc_0/inst/MC0_ddrc/inst/noc_ddr4_phy/inst/u_xpll0_bank1/CLKOUT1 }

Check Type  Corner  Lib Pin       Reference Pin  Required(ns)  Actual(ns)  Slack(ns)  Location   Pin
Min Period  n/a     XPLL/CLKOUT1  n/a            1.250         1.250       0.000      XPLL_X2Y0  ecc_soc_bd_i/axi_noc_0/inst/MC0_ddrc/inst/noc_ddr4_phy/inst/u_xpll0_bank1/CLKOUT1



---------------------------------------------------------------------------------------------------
From Clock:  pll_clk_xpll
  To Clock:  pll_clk_xpll

Setup :           NA  Failing Endpoints,  Worst Slack           NA  ,  Total Violation           NA
Hold  :           NA  Failing Endpoints,  Worst Slack           NA  ,  Total Violation           NA
PW    :            0  Failing Endpoints,  Worst Slack        0.044ns,  Total Violation        0.000ns
---------------------------------------------------------------------------------------------------


Pulse Width Checks
--------------------------------------------------------------------------------------
Clock Name:         pll_clk_xpll
Waveform(ns):       { 0.000 0.156 }
Period(ns):         0.312
Sources:            { ecc_soc_bd_i/axi_noc_0/inst/MC0_ddrc/inst/noc_ddr4_phy/inst/u_xpll0_bank1/CLKOUTPHY }

Check Type        Corner  Lib Pin         Reference Pin  Required(ns)  Actual(ns)  Slack(ns)  Location    Pin
Min Period        n/a     XPHY/PLL_CLK    n/a            0.268         0.312       0.044      XPHY_X9Y0   ecc_soc_bd_i/axi_noc_0/inst/MC0_ddrc/inst/noc_ddr4_phy/inst/BANK_WRAPPER_INST1/NIBBLE[0].UNISIM.I_XPHY/PLL_CLK
Min Period        n/a     XPHY/PLL_CLK    n/a            0.268         0.312       0.044      XPHY_X10Y0  ecc_soc_bd_i/axi_noc_0/inst/MC0_ddrc/inst/noc_ddr4_phy/inst/BANK_WRAPPER_INST1/NIBBLE[1].UNISIM.I_XPHY/PLL_CLK
Min Period        n/a     XPHY/PLL_CLK    n/a            0.268         0.312       0.044      XPHY_X11Y0  ecc_soc_bd_i/axi_noc_0/inst/MC0_ddrc/inst/noc_ddr4_phy/inst/BANK_WRAPPER_INST1/NIBBLE[2].UNISIM.I_XPHY/PLL_CLK
Min Period        n/a     XPHY/PLL_CLK    n/a            0.268         0.312       0.044      XPHY_X12Y0  ecc_soc_bd_i/axi_noc_0/inst/MC0_ddrc/inst/noc_ddr4_phy/inst/BANK_WRAPPER_INST1/NIBBLE[3].UNISIM.I_XPHY/PLL_CLK
Min Period        n/a     XPHY/PLL_CLK    n/a            0.268         0.312       0.044      XPHY_X14Y0  ecc_soc_bd_i/axi_noc_0/inst/MC0_ddrc/inst/noc_ddr4_phy/inst/BANK_WRAPPER_INST1/NIBBLE[4].UNISIM.I_XPHY/PLL_CLK
Min Period        n/a     XPHY/PLL_CLK    n/a            0.268         0.312       0.044      XPHY_X15Y0  ecc_soc_bd_i/axi_noc_0/inst/MC0_ddrc/inst/noc_ddr4_phy/inst/BANK_WRAPPER_INST1/NIBBLE[5].UNISIM.I_XPHY/PLL_CLK
Min Period        n/a     XPHY/PLL_CLK    n/a            0.268         0.312       0.044      XPHY_X16Y0  ecc_soc_bd_i/axi_noc_0/inst/MC0_ddrc/inst/noc_ddr4_phy/inst/BANK_WRAPPER_INST1/NIBBLE[6].UNISIM.I_XPHY/PLL_CLK
Min Period        n/a     XPHY/PLL_CLK    n/a            0.268         0.312       0.044      XPHY_X17Y0  ecc_soc_bd_i/axi_noc_0/inst/MC0_ddrc/inst/noc_ddr4_phy/inst/BANK_WRAPPER_INST1/NIBBLE[7].UNISIM.I_XPHY/PLL_CLK
Min Period        n/a     XPLL/CLKOUTPHY  n/a            0.231         0.312       0.082      XPLL_X2Y0   ecc_soc_bd_i/axi_noc_0/inst/MC0_ddrc/inst/noc_ddr4_phy/inst/u_xpll0_bank1/CLKOUTPHY
Low Pulse Width   Slow    XPHY/PLL_CLK    n/a            0.107         0.156       0.049      XPHY_X9Y0   ecc_soc_bd_i/axi_noc_0/inst/MC0_ddrc/inst/noc_ddr4_phy/inst/BANK_WRAPPER_INST1/NIBBLE[0].UNISIM.I_XPHY/PLL_CLK
Low Pulse Width   Fast    XPHY/PLL_CLK    n/a            0.107         0.156       0.049      XPHY_X9Y0   ecc_soc_bd_i/axi_noc_0/inst/MC0_ddrc/inst/noc_ddr4_phy/inst/BANK_WRAPPER_INST1/NIBBLE[0].UNISIM.I_XPHY/PLL_CLK
Low Pulse Width   Slow    XPHY/PLL_CLK    n/a            0.107         0.156       0.049      XPHY_X10Y0  ecc_soc_bd_i/axi_noc_0/inst/MC0_ddrc/inst/noc_ddr4_phy/inst/BANK_WRAPPER_INST1/NIBBLE[1].UNISIM.I_XPHY/PLL_CLK
Low Pulse Width   Fast    XPHY/PLL_CLK    n/a            0.107         0.156       0.049      XPHY_X10Y0  ecc_soc_bd_i/axi_noc_0/inst/MC0_ddrc/inst/noc_ddr4_phy/inst/BANK_WRAPPER_INST1/NIBBLE[1].UNISIM.I_XPHY/PLL_CLK
Low Pulse Width   Slow    XPHY/PLL_CLK    n/a            0.107         0.156       0.049      XPHY_X11Y0  ecc_soc_bd_i/axi_noc_0/inst/MC0_ddrc/inst/noc_ddr4_phy/inst/BANK_WRAPPER_INST1/NIBBLE[2].UNISIM.I_XPHY/PLL_CLK
Low Pulse Width   Fast    XPHY/PLL_CLK    n/a            0.107         0.156       0.049      XPHY_X11Y0  ecc_soc_bd_i/axi_noc_0/inst/MC0_ddrc/inst/noc_ddr4_phy/inst/BANK_WRAPPER_INST1/NIBBLE[2].UNISIM.I_XPHY/PLL_CLK
Low Pulse Width   Slow    XPHY/PLL_CLK    n/a            0.107         0.156       0.049      XPHY_X12Y0  ecc_soc_bd_i/axi_noc_0/inst/MC0_ddrc/inst/noc_ddr4_phy/inst/BANK_WRAPPER_INST1/NIBBLE[3].UNISIM.I_XPHY/PLL_CLK
Low Pulse Width   Fast    XPHY/PLL_CLK    n/a            0.107         0.156       0.049      XPHY_X12Y0  ecc_soc_bd_i/axi_noc_0/inst/MC0_ddrc/inst/noc_ddr4_phy/inst/BANK_WRAPPER_INST1/NIBBLE[3].UNISIM.I_XPHY/PLL_CLK
Low Pulse Width   Slow    XPHY/PLL_CLK    n/a            0.107         0.156       0.049      XPHY_X14Y0  ecc_soc_bd_i/axi_noc_0/inst/MC0_ddrc/inst/noc_ddr4_phy/inst/BANK_WRAPPER_INST1/NIBBLE[4].UNISIM.I_XPHY/PLL_CLK
Low Pulse Width   Fast    XPHY/PLL_CLK    n/a            0.107         0.156       0.049      XPHY_X14Y0  ecc_soc_bd_i/axi_noc_0/inst/MC0_ddrc/inst/noc_ddr4_phy/inst/BANK_WRAPPER_INST1/NIBBLE[4].UNISIM.I_XPHY/PLL_CLK
High Pulse Width  Slow    XPHY/PLL_CLK    n/a            0.107         0.156       0.049      XPHY_X9Y0   ecc_soc_bd_i/axi_noc_0/inst/MC0_ddrc/inst/noc_ddr4_phy/inst/BANK_WRAPPER_INST1/NIBBLE[0].UNISIM.I_XPHY/PLL_CLK
High Pulse Width  Fast    XPHY/PLL_CLK    n/a            0.107         0.156       0.049      XPHY_X9Y0   ecc_soc_bd_i/axi_noc_0/inst/MC0_ddrc/inst/noc_ddr4_phy/inst/BANK_WRAPPER_INST1/NIBBLE[0].UNISIM.I_XPHY/PLL_CLK
High Pulse Width  Slow    XPHY/PLL_CLK    n/a            0.107         0.156       0.049      XPHY_X10Y0  ecc_soc_bd_i/axi_noc_0/inst/MC0_ddrc/inst/noc_ddr4_phy/inst/BANK_WRAPPER_INST1/NIBBLE[1].UNISIM.I_XPHY/PLL_CLK
High Pulse Width  Fast    XPHY/PLL_CLK    n/a            0.107         0.156       0.049      XPHY_X10Y0  ecc_soc_bd_i/axi_noc_0/inst/MC0_ddrc/inst/noc_ddr4_phy/inst/BANK_WRAPPER_INST1/NIBBLE[1].UNISIM.I_XPHY/PLL_CLK
High Pulse Width  Slow    XPHY/PLL_CLK    n/a            0.107         0.156       0.049      XPHY_X11Y0  ecc_soc_bd_i/axi_noc_0/inst/MC0_ddrc/inst/noc_ddr4_phy/inst/BANK_WRAPPER_INST1/NIBBLE[2].UNISIM.I_XPHY/PLL_CLK
High Pulse Width  Fast    XPHY/PLL_CLK    n/a            0.107         0.156       0.049      XPHY_X11Y0  ecc_soc_bd_i/axi_noc_0/inst/MC0_ddrc/inst/noc_ddr4_phy/inst/BANK_WRAPPER_INST1/NIBBLE[2].UNISIM.I_XPHY/PLL_CLK
High Pulse Width  Slow    XPHY/PLL_CLK    n/a            0.107         0.156       0.049      XPHY_X12Y0  ecc_soc_bd_i/axi_noc_0/inst/MC0_ddrc/inst/noc_ddr4_phy/inst/BANK_WRAPPER_INST1/NIBBLE[3].UNISIM.I_XPHY/PLL_CLK
High Pulse Width  Fast    XPHY/PLL_CLK    n/a            0.107         0.156       0.049      XPHY_X12Y0  ecc_soc_bd_i/axi_noc_0/inst/MC0_ddrc/inst/noc_ddr4_phy/inst/BANK_WRAPPER_INST1/NIBBLE[3].UNISIM.I_XPHY/PLL_CLK
High Pulse Width  Slow    XPHY/PLL_CLK    n/a            0.107         0.156       0.049      XPHY_X14Y0  ecc_soc_bd_i/axi_noc_0/inst/MC0_ddrc/inst/noc_ddr4_phy/inst/BANK_WRAPPER_INST1/NIBBLE[4].UNISIM.I_XPHY/PLL_CLK
High Pulse Width  Fast    XPHY/PLL_CLK    n/a            0.107         0.156       0.049      XPHY_X14Y0  ecc_soc_bd_i/axi_noc_0/inst/MC0_ddrc/inst/noc_ddr4_phy/inst/BANK_WRAPPER_INST1/NIBBLE[4].UNISIM.I_XPHY/PLL_CLK



--------------------------------------------------------------------------------------
Path Group:  (none)
From Clock:  
  To Clock:  clk_pl_0

Max Delay             1 Endpoint
Min Delay             1 Endpoint
--------------------------------------------------------------------------------------


Max Delay Paths
--------------------------------------------------------------------------------------
Slack:                    inf
  Source:                 ecc_soc_bd_i/versal_cips_0/inst/pspmc_0/inst/PS9_inst/PLRST0N
                            (internal pin)
  Destination:            ecc_soc_bd_i/proc_sys_reset_0/U0/EXT_LPF/ACTIVE_LOW_EXT.ACT_LO_EXT/syncstages_ff_reg[0]/D
                            (rising edge-triggered cell FDRE clocked by clk_pl_0  {rise@0.000ns fall@12.500ns period=25.000ns})
  Path Group:             (none)
  Path Type:              Setup (Max at Slow Process Corner)
  Data Path Delay:        0.869ns  (logic 0.197ns (22.670%)  route 0.672ns (77.330%))
  Logic Levels:           1  (LUT1=1)
  Clock Uncertainty:      0.325ns  (CJ)/2 + PE + PJ
    Clock Jitter             (CJ):    0.651ns
    Phase Error              (PE):    0.000ns
    Phase Jitter             (PJ):    0.000ns
  Clock Net Delay (Destination): 1.728ns (routing 0.238ns, distribution 1.490ns)
  Timing Exception:       False Path

    Location             Delay type                Incr(ns)  Path(ns)    Netlist Resource(s)
  -------------------------------------------------------------------    -------------------
    PS9_X0Y0             PS9                          0.000     0.000 f  ecc_soc_bd_i/versal_cips_0/inst/pspmc_0/inst/PS9_inst/PLRST0N
                         net (fo=1, routed)           0.391     0.391    ecc_soc_bd_i/proc_sys_reset_0/U0/EXT_LPF/ext_reset_in
    SLICE_X50Y3          LUT1 (Prop_A6LUT_SLICEL_I0_O)
                                                      0.197     0.588 r  ecc_soc_bd_i/proc_sys_reset_0/U0/EXT_LPF/ACTIVE_LOW_EXT.ACT_LO_EXT_i_1/O
                         net (fo=1, routed)           0.281     0.869    ecc_soc_bd_i/proc_sys_reset_0/U0/EXT_LPF/ACTIVE_LOW_EXT.ACT_LO_EXT/src_in
    SLICE_X50Y3          FDRE                                         r  ecc_soc_bd_i/proc_sys_reset_0/U0/EXT_LPF/ACTIVE_LOW_EXT.ACT_LO_EXT/syncstages_ff_reg[0]/D
  -------------------------------------------------------------------    -------------------

                         (clock clk_pl_0 rise edge)
                                                      0.000     0.000 r  
    PS9_X0Y0             PS9                          0.000     0.000 r  ecc_soc_bd_i/versal_cips_0/inst/pspmc_0/inst/PS9_inst/PMCRCLKCLK[0]
                         net (fo=1, routed)           0.000     0.000    ecc_soc_bd_i/versal_cips_0/inst/pspmc_0/inst/pmc_pl_ref_clk[0]
    BUFG_PS_X0Y6         BUFG_PS (Prop_BUFG_PS_I_O)
                                                      0.072     0.072 r  ecc_soc_bd_i/versal_cips_0/inst/pspmc_0/inst/buffer_pl_clk_0.PL_CLK_0_BUFG/O
    X1Y1 (CLOCK_ROOT)    net (fo=3776, routed)        1.728     1.800    ecc_soc_bd_i/proc_sys_reset_0/U0/EXT_LPF/ACTIVE_LOW_EXT.ACT_LO_EXT/dest_clk
    SLICE_X50Y3          FDRE                                         r  ecc_soc_bd_i/proc_sys_reset_0/U0/EXT_LPF/ACTIVE_LOW_EXT.ACT_LO_EXT/syncstages_ff_reg[0]/C





Min Delay Paths
--------------------------------------------------------------------------------------
Slack:                    inf
  Source:                 ecc_soc_bd_i/versal_cips_0/inst/pspmc_0/inst/PS9_inst/PLRST0N
                            (internal pin)
  Destination:            ecc_soc_bd_i/proc_sys_reset_0/U0/EXT_LPF/ACTIVE_LOW_EXT.ACT_LO_EXT/syncstages_ff_reg[0]/D
                            (rising edge-triggered cell FDRE clocked by clk_pl_0  {rise@0.000ns fall@12.500ns period=25.000ns})
  Path Group:             (none)
  Path Type:              Hold (Min at Fast Process Corner)
  Data Path Delay:        0.449ns  (logic 0.069ns (15.367%)  route 0.380ns (84.633%))
  Logic Levels:           1  (LUT1=1)
  Clock Uncertainty:      0.325ns  (CJ)/2 + PE + PJ
    Clock Jitter             (CJ):    0.651ns
    Phase Error              (PE):    0.000ns
    Phase Jitter             (PJ):    0.000ns
  Clock Net Delay (Destination): 1.317ns (routing 0.187ns, distribution 1.130ns)
  Timing Exception:       False Path

    Location             Delay type                Incr(ns)  Path(ns)    Netlist Resource(s)
  -------------------------------------------------------------------    -------------------
    PS9_X0Y0             PS9                          0.000     0.000 f  ecc_soc_bd_i/versal_cips_0/inst/pspmc_0/inst/PS9_inst/PLRST0N
                         net (fo=1, routed)           0.230     0.230    ecc_soc_bd_i/proc_sys_reset_0/U0/EXT_LPF/ext_reset_in
    SLICE_X50Y3          LUT1 (Prop_A6LUT_SLICEL_I0_O)
                                                      0.069     0.299 r  ecc_soc_bd_i/proc_sys_reset_0/U0/EXT_LPF/ACTIVE_LOW_EXT.ACT_LO_EXT_i_1/O
                         net (fo=1, routed)           0.150     0.449    ecc_soc_bd_i/proc_sys_reset_0/U0/EXT_LPF/ACTIVE_LOW_EXT.ACT_LO_EXT/src_in
    SLICE_X50Y3          FDRE                                         r  ecc_soc_bd_i/proc_sys_reset_0/U0/EXT_LPF/ACTIVE_LOW_EXT.ACT_LO_EXT/syncstages_ff_reg[0]/D
  -------------------------------------------------------------------    -------------------

                         (clock clk_pl_0 rise edge)
                                                      0.000     0.000 r  
    PS9_X0Y0             PS9                          0.000     0.000 r  ecc_soc_bd_i/versal_cips_0/inst/pspmc_0/inst/PS9_inst/PMCRCLKCLK[0]
                         net (fo=1, routed)           0.000     0.000    ecc_soc_bd_i/versal_cips_0/inst/pspmc_0/inst/pmc_pl_ref_clk[0]
    BUFG_PS_X0Y6         BUFG_PS (Prop_BUFG_PS_I_O)
                                                      0.096     0.096 r  ecc_soc_bd_i/versal_cips_0/inst/pspmc_0/inst/buffer_pl_clk_0.PL_CLK_0_BUFG/O
    X1Y1 (CLOCK_ROOT)    net (fo=3776, routed)        1.317     1.413    ecc_soc_bd_i/proc_sys_reset_0/U0/EXT_LPF/ACTIVE_LOW_EXT.ACT_LO_EXT/dest_clk
    SLICE_X50Y3          FDRE                                         r  ecc_soc_bd_i/proc_sys_reset_0/U0/EXT_LPF/ACTIVE_LOW_EXT.ACT_LO_EXT/syncstages_ff_reg[0]/C





--------------------------------------------------------------------------------------
Path Group:  (none)
From Clock:  clk_pl_0
  To Clock:  clk_pl_0

Max Delay            28 Endpoints
Min Delay            28 Endpoints
--------------------------------------------------------------------------------------


Max Delay Paths
--------------------------------------------------------------------------------------
Slack:                    inf
  Source:                 ecc_soc_bd_i/proc_sys_reset_0/U0/ACTIVE_LOW_PR_OUT_DFF[0].FDRE_PER_N/C
                            (rising edge-triggered cell FDRE clocked by clk_pl_0  {rise@0.000ns fall@12.500ns period=25.000ns})
  Destination:            ecc_soc_bd_i/smartconnect_0/inst/clk_map/psr_aclk/U0/EXT_LPF/ACTIVE_LOW_AUX.ACT_LO_AUX/syncstages_ff_reg[0]/D
                            (rising edge-triggered cell FDRE clocked by clk_pl_0  {rise@0.000ns fall@12.500ns period=25.000ns})
  Path Group:             (none)
  Path Type:              Setup (Max at Slow Process Corner)
  Data Path Delay:        1.628ns  (logic 0.309ns (18.984%)  route 1.319ns (81.016%))
  Logic Levels:           1  (LUT1=1)
  Clock Path Skew:        -0.330ns (DCD - SCD + CPR)
    Destination Clock Delay (DCD):    1.782ns
    Source Clock Delay      (SCD):    2.112ns
    Clock Pessimism Removal (CPR):    0.000ns
  Clock Uncertainty:      0.126ns  (CJ)/2 + PE + PJ
    Clock Jitter             (CJ):    0.252ns
    Phase Error              (PE):    0.000ns
    Phase Jitter             (PJ):    0.000ns
  Clock Net Delay (Source):      1.971ns (routing 0.261ns, distribution 1.710ns)
  Clock Net Delay (Destination): 1.710ns (routing 0.238ns, distribution 1.472ns)
  Timing Exception:       False Path

    Location             Delay type                Incr(ns)  Path(ns)    Netlist Resource(s)
  -------------------------------------------------------------------    -------------------
                         (clock clk_pl_0 rise edge)
                                                      0.000     0.000 r  
    PS9_X0Y0             PS9                          0.000     0.000 r  ecc_soc_bd_i/versal_cips_0/inst/pspmc_0/inst/PS9_inst/PMCRCLKCLK[0]
                         net (fo=1, routed)           0.000     0.000    ecc_soc_bd_i/versal_cips_0/inst/pspmc_0/inst/pmc_pl_ref_clk[0]
    BUFG_PS_X0Y6         BUFG_PS (Prop_BUFG_PS_I_O)
                                                      0.141     0.141 r  ecc_soc_bd_i/versal_cips_0/inst/pspmc_0/inst/buffer_pl_clk_0.PL_CLK_0_BUFG/O
    X1Y1 (CLOCK_ROOT)    net (fo=3776, routed)        1.971     2.112    ecc_soc_bd_i/proc_sys_reset_0/U0/slowest_sync_clk
    SLICE_X52Y8          FDRE                                         r  ecc_soc_bd_i/proc_sys_reset_0/U0/ACTIVE_LOW_PR_OUT_DFF[0].FDRE_PER_N/C
  -------------------------------------------------------------------    -------------------
    SLICE_X52Y8          FDRE (Prop_CFF_SLICEL_C_Q)
                                                      0.126     2.238 f  ecc_soc_bd_i/proc_sys_reset_0/U0/ACTIVE_LOW_PR_OUT_DFF[0].FDRE_PER_N/Q
                         net (fo=170, routed)         0.989     3.227    ecc_soc_bd_i/smartconnect_0/inst/clk_map/psr_aclk/U0/EXT_LPF/aresetn
    SLICE_X57Y19         LUT1 (Prop_D6LUT_SLICEM_I0_O)
                                                      0.183     3.410 r  ecc_soc_bd_i/smartconnect_0/inst/clk_map/psr_aclk/U0/EXT_LPF/ACTIVE_LOW_AUX.ACT_LO_AUX_i_1/O
                         net (fo=1, routed)           0.330     3.740    ecc_soc_bd_i/smartconnect_0/inst/clk_map/psr_aclk/U0/EXT_LPF/ACTIVE_LOW_AUX.ACT_LO_AUX/src_in
    SLICE_X57Y19         FDRE                                         r  ecc_soc_bd_i/smartconnect_0/inst/clk_map/psr_aclk/U0/EXT_LPF/ACTIVE_LOW_AUX.ACT_LO_AUX/syncstages_ff_reg[0]/D
  -------------------------------------------------------------------    -------------------

                         (clock clk_pl_0 rise edge)
                                                      0.000     0.000 r  
    PS9_X0Y0             PS9                          0.000     0.000 r  ecc_soc_bd_i/versal_cips_0/inst/pspmc_0/inst/PS9_inst/PMCRCLKCLK[0]
                         net (fo=1, routed)           0.000     0.000    ecc_soc_bd_i/versal_cips_0/inst/pspmc_0/inst/pmc_pl_ref_clk[0]
    BUFG_PS_X0Y6         BUFG_PS (Prop_BUFG_PS_I_O)
                                                      0.072     0.072 r  ecc_soc_bd_i/versal_cips_0/inst/pspmc_0/inst/buffer_pl_clk_0.PL_CLK_0_BUFG/O
    X1Y1 (CLOCK_ROOT)    net (fo=3776, routed)        1.710     1.782    ecc_soc_bd_i/smartconnect_0/inst/clk_map/psr_aclk/U0/EXT_LPF/ACTIVE_LOW_AUX.ACT_LO_AUX/dest_clk
    SLICE_X57Y19         FDRE                                         r  ecc_soc_bd_i/smartconnect_0/inst/clk_map/psr_aclk/U0/EXT_LPF/ACTIVE_LOW_AUX.ACT_LO_AUX/syncstages_ff_reg[0]/C

Slack:                    inf
  Source:                 ecc_soc_bd_i/smartconnect_0/inst/clk_map/psr_aclk/U0/ACTIVE_LOW_BSR_OUT_DFF[0].FDRE_BSR_N/C
                            (rising edge-triggered cell FDRE clocked by clk_pl_0  {rise@0.000ns fall@12.500ns period=25.000ns})
  Destination:            ecc_soc_bd_i/smartconnect_0/inst/s00_entry_pipeline/s00_transaction_regulator/inst/xpm_cdc_async_rst_inst/arststages_ff_reg[0]/CLR
                            (recovery check against rising-edge clock clk_pl_0  {rise@0.000ns fall@12.500ns period=25.000ns})
  Path Group:             (none)
  Path Type:              Recovery (Max at Slow Process Corner)
  Data Path Delay:        0.998ns  (logic 0.126ns (12.629%)  route 0.872ns (87.371%))
  Logic Levels:           0  
  Clock Path Skew:        -0.339ns (DCD - SCD + CPR)
    Destination Clock Delay (DCD):    1.796ns
    Source Clock Delay      (SCD):    2.135ns
    Clock Pessimism Removal (CPR):    0.000ns
  Clock Uncertainty:      0.126ns  (CJ)/2 + PE + PJ
    Clock Jitter             (CJ):    0.252ns
    Phase Error              (PE):    0.000ns
    Phase Jitter             (PJ):    0.000ns
  Clock Net Delay (Source):      1.994ns (routing 0.261ns, distribution 1.733ns)
  Clock Net Delay (Destination): 1.724ns (routing 0.238ns, distribution 1.486ns)
  Timing Exception:       False Path

    Location             Delay type                Incr(ns)  Path(ns)    Netlist Resource(s)
  -------------------------------------------------------------------    -------------------
                         (clock clk_pl_0 rise edge)
                                                      0.000     0.000 r  
    PS9_X0Y0             PS9                          0.000     0.000 r  ecc_soc_bd_i/versal_cips_0/inst/pspmc_0/inst/PS9_inst/PMCRCLKCLK[0]
                         net (fo=1, routed)           0.000     0.000    ecc_soc_bd_i/versal_cips_0/inst/pspmc_0/inst/pmc_pl_ref_clk[0]
    BUFG_PS_X0Y6         BUFG_PS (Prop_BUFG_PS_I_O)
                                                      0.141     0.141 r  ecc_soc_bd_i/versal_cips_0/inst/pspmc_0/inst/buffer_pl_clk_0.PL_CLK_0_BUFG/O
    X1Y1 (CLOCK_ROOT)    net (fo=3776, routed)        1.994     2.135    ecc_soc_bd_i/smartconnect_0/inst/clk_map/psr_aclk/U0/aclk
    SLICE_X56Y20         FDRE                                         r  ecc_soc_bd_i/smartconnect_0/inst/clk_map/psr_aclk/U0/ACTIVE_LOW_BSR_OUT_DFF[0].FDRE_BSR_N/C
  -------------------------------------------------------------------    -------------------
    SLICE_X56Y20         FDRE (Prop_CFF_SLICEL_C_Q)
                                                      0.126     2.261 r  ecc_soc_bd_i/smartconnect_0/inst/clk_map/psr_aclk/U0/ACTIVE_LOW_BSR_OUT_DFF[0].FDRE_BSR_N/Q
                         net (fo=27, routed)          0.872     3.133    ecc_soc_bd_i/smartconnect_0/inst/s00_entry_pipeline/s00_transaction_regulator/inst/xpm_cdc_async_rst_inst/src_arst
    SLICE_X58Y26         FDCE                                         f  ecc_soc_bd_i/smartconnect_0/inst/s00_entry_pipeline/s00_transaction_regulator/inst/xpm_cdc_async_rst_inst/arststages_ff_reg[0]/CLR  (IS_INVERTED)
  -------------------------------------------------------------------    -------------------

                         (clock clk_pl_0 rise edge)
                                                      0.000     0.000 r  
    PS9_X0Y0             PS9                          0.000     0.000 r  ecc_soc_bd_i/versal_cips_0/inst/pspmc_0/inst/PS9_inst/PMCRCLKCLK[0]
                         net (fo=1, routed)           0.000     0.000    ecc_soc_bd_i/versal_cips_0/inst/pspmc_0/inst/pmc_pl_ref_clk[0]
    BUFG_PS_X0Y6         BUFG_PS (Prop_BUFG_PS_I_O)
                                                      0.072     0.072 r  ecc_soc_bd_i/versal_cips_0/inst/pspmc_0/inst/buffer_pl_clk_0.PL_CLK_0_BUFG/O
    X1Y1 (CLOCK_ROOT)    net (fo=3776, routed)        1.724     1.796    ecc_soc_bd_i/smartconnect_0/inst/s00_entry_pipeline/s00_transaction_regulator/inst/xpm_cdc_async_rst_inst/dest_clk
    SLICE_X58Y26         FDCE                                         r  ecc_soc_bd_i/smartconnect_0/inst/s00_entry_pipeline/s00_transaction_regulator/inst/xpm_cdc_async_rst_inst/arststages_ff_reg[0]/C

Slack:                    inf
  Source:                 ecc_soc_bd_i/smartconnect_0/inst/clk_map/psr_aclk/U0/ACTIVE_LOW_BSR_OUT_DFF[0].FDRE_BSR_N/C
                            (rising edge-triggered cell FDRE clocked by clk_pl_0  {rise@0.000ns fall@12.500ns period=25.000ns})
  Destination:            ecc_soc_bd_i/smartconnect_0/inst/s00_entry_pipeline/s00_transaction_regulator/inst/xpm_cdc_async_rst_inst/arststages_ff_reg[1]/CLR
                            (recovery check against rising-edge clock clk_pl_0  {rise@0.000ns fall@12.500ns period=25.000ns})
  Path Group:             (none)
  Path Type:              Recovery (Max at Slow Process Corner)
  Data Path Delay:        0.998ns  (logic 0.126ns (12.629%)  route 0.872ns (87.371%))
  Logic Levels:           0  
  Clock Path Skew:        -0.339ns (DCD - SCD + CPR)
    Destination Clock Delay (DCD):    1.796ns
    Source Clock Delay      (SCD):    2.135ns
    Clock Pessimism Removal (CPR):    0.000ns
  Clock Uncertainty:      0.126ns  (CJ)/2 + PE + PJ
    Clock Jitter             (CJ):    0.252ns
    Phase Error              (PE):    0.000ns
    Phase Jitter             (PJ):    0.000ns
  Clock Net Delay (Source):      1.994ns (routing 0.261ns, distribution 1.733ns)
  Clock Net Delay (Destination): 1.724ns (routing 0.238ns, distribution 1.486ns)
  Timing Exception:       False Path

    Location             Delay type                Incr(ns)  Path(ns)    Netlist Resource(s)
  -------------------------------------------------------------------    -------------------
                         (clock clk_pl_0 rise edge)
                                                      0.000     0.000 r  
    PS9_X0Y0             PS9                          0.000     0.000 r  ecc_soc_bd_i/versal_cips_0/inst/pspmc_0/inst/PS9_inst/PMCRCLKCLK[0]
                         net (fo=1, routed)           0.000     0.000    ecc_soc_bd_i/versal_cips_0/inst/pspmc_0/inst/pmc_pl_ref_clk[0]
    BUFG_PS_X0Y6         BUFG_PS (Prop_BUFG_PS_I_O)
                                                      0.141     0.141 r  ecc_soc_bd_i/versal_cips_0/inst/pspmc_0/inst/buffer_pl_clk_0.PL_CLK_0_BUFG/O
    X1Y1 (CLOCK_ROOT)    net (fo=3776, routed)        1.994     2.135    ecc_soc_bd_i/smartconnect_0/inst/clk_map/psr_aclk/U0/aclk
    SLICE_X56Y20         FDRE                                         r  ecc_soc_bd_i/smartconnect_0/inst/clk_map/psr_aclk/U0/ACTIVE_LOW_BSR_OUT_DFF[0].FDRE_BSR_N/C
  -------------------------------------------------------------------    -------------------
    SLICE_X56Y20         FDRE (Prop_CFF_SLICEL_C_Q)
                                                      0.126     2.261 r  ecc_soc_bd_i/smartconnect_0/inst/clk_map/psr_aclk/U0/ACTIVE_LOW_BSR_OUT_DFF[0].FDRE_BSR_N/Q
                         net (fo=27, routed)          0.872     3.133    ecc_soc_bd_i/smartconnect_0/inst/s00_entry_pipeline/s00_transaction_regulator/inst/xpm_cdc_async_rst_inst/src_arst
    SLICE_X58Y26         FDCE                                         f  ecc_soc_bd_i/smartconnect_0/inst/s00_entry_pipeline/s00_transaction_regulator/inst/xpm_cdc_async_rst_inst/arststages_ff_reg[1]/CLR  (IS_INVERTED)
  -------------------------------------------------------------------    -------------------

                         (clock clk_pl_0 rise edge)
                                                      0.000     0.000 r  
    PS9_X0Y0             PS9                          0.000     0.000 r  ecc_soc_bd_i/versal_cips_0/inst/pspmc_0/inst/PS9_inst/PMCRCLKCLK[0]
                         net (fo=1, routed)           0.000     0.000    ecc_soc_bd_i/versal_cips_0/inst/pspmc_0/inst/pmc_pl_ref_clk[0]
    BUFG_PS_X0Y6         BUFG_PS (Prop_BUFG_PS_I_O)
                                                      0.072     0.072 r  ecc_soc_bd_i/versal_cips_0/inst/pspmc_0/inst/buffer_pl_clk_0.PL_CLK_0_BUFG/O
    X1Y1 (CLOCK_ROOT)    net (fo=3776, routed)        1.724     1.796    ecc_soc_bd_i/smartconnect_0/inst/s00_entry_pipeline/s00_transaction_regulator/inst/xpm_cdc_async_rst_inst/dest_clk
    SLICE_X58Y26         FDCE                                         r  ecc_soc_bd_i/smartconnect_0/inst/s00_entry_pipeline/s00_transaction_regulator/inst/xpm_cdc_async_rst_inst/arststages_ff_reg[1]/C

Slack:                    inf
  Source:                 ecc_soc_bd_i/smartconnect_0/inst/clk_map/psr_aclk/U0/ACTIVE_LOW_BSR_OUT_DFF[0].FDRE_BSR_N/C
                            (rising edge-triggered cell FDRE clocked by clk_pl_0  {rise@0.000ns fall@12.500ns period=25.000ns})
  Destination:            ecc_soc_bd_i/smartconnect_0/inst/s00_entry_pipeline/s00_transaction_regulator/inst/xpm_cdc_async_rst_inst/arststages_ff_reg[2]/CLR
                            (recovery check against rising-edge clock clk_pl_0  {rise@0.000ns fall@12.500ns period=25.000ns})
  Path Group:             (none)
  Path Type:              Recovery (Max at Slow Process Corner)
  Data Path Delay:        0.998ns  (logic 0.126ns (12.629%)  route 0.872ns (87.371%))
  Logic Levels:           0  
  Clock Path Skew:        -0.339ns (DCD - SCD + CPR)
    Destination Clock Delay (DCD):    1.796ns
    Source Clock Delay      (SCD):    2.135ns
    Clock Pessimism Removal (CPR):    0.000ns
  Clock Uncertainty:      0.126ns  (CJ)/2 + PE + PJ
    Clock Jitter             (CJ):    0.252ns
    Phase Error              (PE):    0.000ns
    Phase Jitter             (PJ):    0.000ns
  Clock Net Delay (Source):      1.994ns (routing 0.261ns, distribution 1.733ns)
  Clock Net Delay (Destination): 1.724ns (routing 0.238ns, distribution 1.486ns)
  Timing Exception:       False Path

    Location             Delay type                Incr(ns)  Path(ns)    Netlist Resource(s)
  -------------------------------------------------------------------    -------------------
                         (clock clk_pl_0 rise edge)
                                                      0.000     0.000 r  
    PS9_X0Y0             PS9                          0.000     0.000 r  ecc_soc_bd_i/versal_cips_0/inst/pspmc_0/inst/PS9_inst/PMCRCLKCLK[0]
                         net (fo=1, routed)           0.000     0.000    ecc_soc_bd_i/versal_cips_0/inst/pspmc_0/inst/pmc_pl_ref_clk[0]
    BUFG_PS_X0Y6         BUFG_PS (Prop_BUFG_PS_I_O)
                                                      0.141     0.141 r  ecc_soc_bd_i/versal_cips_0/inst/pspmc_0/inst/buffer_pl_clk_0.PL_CLK_0_BUFG/O
    X1Y1 (CLOCK_ROOT)    net (fo=3776, routed)        1.994     2.135    ecc_soc_bd_i/smartconnect_0/inst/clk_map/psr_aclk/U0/aclk
    SLICE_X56Y20         FDRE                                         r  ecc_soc_bd_i/smartconnect_0/inst/clk_map/psr_aclk/U0/ACTIVE_LOW_BSR_OUT_DFF[0].FDRE_BSR_N/C
  -------------------------------------------------------------------    -------------------
    SLICE_X56Y20         FDRE (Prop_CFF_SLICEL_C_Q)
                                                      0.126     2.261 r  ecc_soc_bd_i/smartconnect_0/inst/clk_map/psr_aclk/U0/ACTIVE_LOW_BSR_OUT_DFF[0].FDRE_BSR_N/Q
                         net (fo=27, routed)          0.872     3.133    ecc_soc_bd_i/smartconnect_0/inst/s00_entry_pipeline/s00_transaction_regulator/inst/xpm_cdc_async_rst_inst/src_arst
    SLICE_X58Y26         FDCE                                         f  ecc_soc_bd_i/smartconnect_0/inst/s00_entry_pipeline/s00_transaction_regulator/inst/xpm_cdc_async_rst_inst/arststages_ff_reg[2]/CLR  (IS_INVERTED)
  -------------------------------------------------------------------    -------------------

                         (clock clk_pl_0 rise edge)
                                                      0.000     0.000 r  
    PS9_X0Y0             PS9                          0.000     0.000 r  ecc_soc_bd_i/versal_cips_0/inst/pspmc_0/inst/PS9_inst/PMCRCLKCLK[0]
                         net (fo=1, routed)           0.000     0.000    ecc_soc_bd_i/versal_cips_0/inst/pspmc_0/inst/pmc_pl_ref_clk[0]
    BUFG_PS_X0Y6         BUFG_PS (Prop_BUFG_PS_I_O)
                                                      0.072     0.072 r  ecc_soc_bd_i/versal_cips_0/inst/pspmc_0/inst/buffer_pl_clk_0.PL_CLK_0_BUFG/O
    X1Y1 (CLOCK_ROOT)    net (fo=3776, routed)        1.724     1.796    ecc_soc_bd_i/smartconnect_0/inst/s00_entry_pipeline/s00_transaction_regulator/inst/xpm_cdc_async_rst_inst/dest_clk
    SLICE_X58Y26         FDCE                                         r  ecc_soc_bd_i/smartconnect_0/inst/s00_entry_pipeline/s00_transaction_regulator/inst/xpm_cdc_async_rst_inst/arststages_ff_reg[2]/C

Slack:                    inf
  Source:                 ecc_soc_bd_i/smartconnect_0/inst/clk_map/psr_aclk/U0/ACTIVE_LOW_BSR_OUT_DFF[0].FDRE_BSR_N/C
                            (rising edge-triggered cell FDRE clocked by clk_pl_0  {rise@0.000ns fall@12.500ns period=25.000ns})
  Destination:            ecc_soc_bd_i/smartconnect_0/inst/s00_entry_pipeline/s00_mmu/inst/xpm_cdc_async_rst_inst/arststages_ff_reg[0]/CLR
                            (recovery check against rising-edge clock clk_pl_0  {rise@0.000ns fall@12.500ns period=25.000ns})
  Path Group:             (none)
  Path Type:              Recovery (Max at Slow Process Corner)
  Data Path Delay:        0.920ns  (logic 0.126ns (13.701%)  route 0.794ns (86.299%))
  Logic Levels:           0  
  Clock Path Skew:        -0.357ns (DCD - SCD + CPR)
    Destination Clock Delay (DCD):    1.778ns
    Source Clock Delay      (SCD):    2.135ns
    Clock Pessimism Removal (CPR):    0.000ns
  Clock Uncertainty:      0.126ns  (CJ)/2 + PE + PJ
    Clock Jitter             (CJ):    0.252ns
    Phase Error              (PE):    0.000ns
    Phase Jitter             (PJ):    0.000ns
  Clock Net Delay (Source):      1.994ns (routing 0.261ns, distribution 1.733ns)
  Clock Net Delay (Destination): 1.706ns (routing 0.238ns, distribution 1.468ns)
  Timing Exception:       False Path

    Location             Delay type                Incr(ns)  Path(ns)    Netlist Resource(s)
  -------------------------------------------------------------------    -------------------
                         (clock clk_pl_0 rise edge)
                                                      0.000     0.000 r  
    PS9_X0Y0             PS9                          0.000     0.000 r  ecc_soc_bd_i/versal_cips_0/inst/pspmc_0/inst/PS9_inst/PMCRCLKCLK[0]
                         net (fo=1, routed)           0.000     0.000    ecc_soc_bd_i/versal_cips_0/inst/pspmc_0/inst/pmc_pl_ref_clk[0]
    BUFG_PS_X0Y6         BUFG_PS (Prop_BUFG_PS_I_O)
                                                      0.141     0.141 r  ecc_soc_bd_i/versal_cips_0/inst/pspmc_0/inst/buffer_pl_clk_0.PL_CLK_0_BUFG/O
    X1Y1 (CLOCK_ROOT)    net (fo=3776, routed)        1.994     2.135    ecc_soc_bd_i/smartconnect_0/inst/clk_map/psr_aclk/U0/aclk
    SLICE_X56Y20         FDRE                                         r  ecc_soc_bd_i/smartconnect_0/inst/clk_map/psr_aclk/U0/ACTIVE_LOW_BSR_OUT_DFF[0].FDRE_BSR_N/C
  -------------------------------------------------------------------    -------------------
    SLICE_X56Y20         FDRE (Prop_CFF_SLICEL_C_Q)
                                                      0.126     2.261 r  ecc_soc_bd_i/smartconnect_0/inst/clk_map/psr_aclk/U0/ACTIVE_LOW_BSR_OUT_DFF[0].FDRE_BSR_N/Q
                         net (fo=27, routed)          0.794     3.055    ecc_soc_bd_i/smartconnect_0/inst/s00_entry_pipeline/s00_mmu/inst/xpm_cdc_async_rst_inst/src_arst
    SLICE_X55Y28         FDCE                                         f  ecc_soc_bd_i/smartconnect_0/inst/s00_entry_pipeline/s00_mmu/inst/xpm_cdc_async_rst_inst/arststages_ff_reg[0]/CLR  (IS_INVERTED)
  -------------------------------------------------------------------    -------------------

                         (clock clk_pl_0 rise edge)
                                                      0.000     0.000 r  
    PS9_X0Y0             PS9                          0.000     0.000 r  ecc_soc_bd_i/versal_cips_0/inst/pspmc_0/inst/PS9_inst/PMCRCLKCLK[0]
                         net (fo=1, routed)           0.000     0.000    ecc_soc_bd_i/versal_cips_0/inst/pspmc_0/inst/pmc_pl_ref_clk[0]
    BUFG_PS_X0Y6         BUFG_PS (Prop_BUFG_PS_I_O)
                                                      0.072     0.072 r  ecc_soc_bd_i/versal_cips_0/inst/pspmc_0/inst/buffer_pl_clk_0.PL_CLK_0_BUFG/O
    X1Y1 (CLOCK_ROOT)    net (fo=3776, routed)        1.706     1.778    ecc_soc_bd_i/smartconnect_0/inst/s00_entry_pipeline/s00_mmu/inst/xpm_cdc_async_rst_inst/dest_clk
    SLICE_X55Y28         FDCE                                         r  ecc_soc_bd_i/smartconnect_0/inst/s00_entry_pipeline/s00_mmu/inst/xpm_cdc_async_rst_inst/arststages_ff_reg[0]/C

Slack:                    inf
  Source:                 ecc_soc_bd_i/smartconnect_0/inst/clk_map/psr_aclk/U0/ACTIVE_LOW_BSR_OUT_DFF[0].FDRE_BSR_N/C
                            (rising edge-triggered cell FDRE clocked by clk_pl_0  {rise@0.000ns fall@12.500ns period=25.000ns})
  Destination:            ecc_soc_bd_i/smartconnect_0/inst/s00_entry_pipeline/s00_mmu/inst/xpm_cdc_async_rst_inst/arststages_ff_reg[1]/CLR
                            (recovery check against rising-edge clock clk_pl_0  {rise@0.000ns fall@12.500ns period=25.000ns})
  Path Group:             (none)
  Path Type:              Recovery (Max at Slow Process Corner)
  Data Path Delay:        0.920ns  (logic 0.126ns (13.701%)  route 0.794ns (86.299%))
  Logic Levels:           0  
  Clock Path Skew:        -0.357ns (DCD - SCD + CPR)
    Destination Clock Delay (DCD):    1.778ns
    Source Clock Delay      (SCD):    2.135ns
    Clock Pessimism Removal (CPR):    0.000ns
  Clock Uncertainty:      0.126ns  (CJ)/2 + PE + PJ
    Clock Jitter             (CJ):    0.252ns
    Phase Error              (PE):    0.000ns
    Phase Jitter             (PJ):    0.000ns
  Clock Net Delay (Source):      1.994ns (routing 0.261ns, distribution 1.733ns)
  Clock Net Delay (Destination): 1.706ns (routing 0.238ns, distribution 1.468ns)
  Timing Exception:       False Path

    Location             Delay type                Incr(ns)  Path(ns)    Netlist Resource(s)
  -------------------------------------------------------------------    -------------------
                         (clock clk_pl_0 rise edge)
                                                      0.000     0.000 r  
    PS9_X0Y0             PS9                          0.000     0.000 r  ecc_soc_bd_i/versal_cips_0/inst/pspmc_0/inst/PS9_inst/PMCRCLKCLK[0]
                         net (fo=1, routed)           0.000     0.000    ecc_soc_bd_i/versal_cips_0/inst/pspmc_0/inst/pmc_pl_ref_clk[0]
    BUFG_PS_X0Y6         BUFG_PS (Prop_BUFG_PS_I_O)
                                                      0.141     0.141 r  ecc_soc_bd_i/versal_cips_0/inst/pspmc_0/inst/buffer_pl_clk_0.PL_CLK_0_BUFG/O
    X1Y1 (CLOCK_ROOT)    net (fo=3776, routed)        1.994     2.135    ecc_soc_bd_i/smartconnect_0/inst/clk_map/psr_aclk/U0/aclk
    SLICE_X56Y20         FDRE                                         r  ecc_soc_bd_i/smartconnect_0/inst/clk_map/psr_aclk/U0/ACTIVE_LOW_BSR_OUT_DFF[0].FDRE_BSR_N/C
  -------------------------------------------------------------------    -------------------
    SLICE_X56Y20         FDRE (Prop_CFF_SLICEL_C_Q)
                                                      0.126     2.261 r  ecc_soc_bd_i/smartconnect_0/inst/clk_map/psr_aclk/U0/ACTIVE_LOW_BSR_OUT_DFF[0].FDRE_BSR_N/Q
                         net (fo=27, routed)          0.794     3.055    ecc_soc_bd_i/smartconnect_0/inst/s00_entry_pipeline/s00_mmu/inst/xpm_cdc_async_rst_inst/src_arst
    SLICE_X55Y28         FDCE                                         f  ecc_soc_bd_i/smartconnect_0/inst/s00_entry_pipeline/s00_mmu/inst/xpm_cdc_async_rst_inst/arststages_ff_reg[1]/CLR  (IS_INVERTED)
  -------------------------------------------------------------------    -------------------

                         (clock clk_pl_0 rise edge)
                                                      0.000     0.000 r  
    PS9_X0Y0             PS9                          0.000     0.000 r  ecc_soc_bd_i/versal_cips_0/inst/pspmc_0/inst/PS9_inst/PMCRCLKCLK[0]
                         net (fo=1, routed)           0.000     0.000    ecc_soc_bd_i/versal_cips_0/inst/pspmc_0/inst/pmc_pl_ref_clk[0]
    BUFG_PS_X0Y6         BUFG_PS (Prop_BUFG_PS_I_O)
                                                      0.072     0.072 r  ecc_soc_bd_i/versal_cips_0/inst/pspmc_0/inst/buffer_pl_clk_0.PL_CLK_0_BUFG/O
    X1Y1 (CLOCK_ROOT)    net (fo=3776, routed)        1.706     1.778    ecc_soc_bd_i/smartconnect_0/inst/s00_entry_pipeline/s00_mmu/inst/xpm_cdc_async_rst_inst/dest_clk
    SLICE_X55Y28         FDCE                                         r  ecc_soc_bd_i/smartconnect_0/inst/s00_entry_pipeline/s00_mmu/inst/xpm_cdc_async_rst_inst/arststages_ff_reg[1]/C

Slack:                    inf
  Source:                 ecc_soc_bd_i/smartconnect_0/inst/clk_map/psr_aclk/U0/ACTIVE_LOW_BSR_OUT_DFF[0].FDRE_BSR_N/C
                            (rising edge-triggered cell FDRE clocked by clk_pl_0  {rise@0.000ns fall@12.500ns period=25.000ns})
  Destination:            ecc_soc_bd_i/smartconnect_0/inst/s00_entry_pipeline/s00_mmu/inst/xpm_cdc_async_rst_inst/arststages_ff_reg[2]/CLR
                            (recovery check against rising-edge clock clk_pl_0  {rise@0.000ns fall@12.500ns period=25.000ns})
  Path Group:             (none)
  Path Type:              Recovery (Max at Slow Process Corner)
  Data Path Delay:        0.920ns  (logic 0.126ns (13.701%)  route 0.794ns (86.299%))
  Logic Levels:           0  
  Clock Path Skew:        -0.357ns (DCD - SCD + CPR)
    Destination Clock Delay (DCD):    1.778ns
    Source Clock Delay      (SCD):    2.135ns
    Clock Pessimism Removal (CPR):    0.000ns
  Clock Uncertainty:      0.126ns  (CJ)/2 + PE + PJ
    Clock Jitter             (CJ):    0.252ns
    Phase Error              (PE):    0.000ns
    Phase Jitter             (PJ):    0.000ns
  Clock Net Delay (Source):      1.994ns (routing 0.261ns, distribution 1.733ns)
  Clock Net Delay (Destination): 1.706ns (routing 0.238ns, distribution 1.468ns)
  Timing Exception:       False Path

    Location             Delay type                Incr(ns)  Path(ns)    Netlist Resource(s)
  -------------------------------------------------------------------    -------------------
                         (clock clk_pl_0 rise edge)
                                                      0.000     0.000 r  
    PS9_X0Y0             PS9                          0.000     0.000 r  ecc_soc_bd_i/versal_cips_0/inst/pspmc_0/inst/PS9_inst/PMCRCLKCLK[0]
                         net (fo=1, routed)           0.000     0.000    ecc_soc_bd_i/versal_cips_0/inst/pspmc_0/inst/pmc_pl_ref_clk[0]
    BUFG_PS_X0Y6         BUFG_PS (Prop_BUFG_PS_I_O)
                                                      0.141     0.141 r  ecc_soc_bd_i/versal_cips_0/inst/pspmc_0/inst/buffer_pl_clk_0.PL_CLK_0_BUFG/O
    X1Y1 (CLOCK_ROOT)    net (fo=3776, routed)        1.994     2.135    ecc_soc_bd_i/smartconnect_0/inst/clk_map/psr_aclk/U0/aclk
    SLICE_X56Y20         FDRE                                         r  ecc_soc_bd_i/smartconnect_0/inst/clk_map/psr_aclk/U0/ACTIVE_LOW_BSR_OUT_DFF[0].FDRE_BSR_N/C
  -------------------------------------------------------------------    -------------------
    SLICE_X56Y20         FDRE (Prop_CFF_SLICEL_C_Q)
                                                      0.126     2.261 r  ecc_soc_bd_i/smartconnect_0/inst/clk_map/psr_aclk/U0/ACTIVE_LOW_BSR_OUT_DFF[0].FDRE_BSR_N/Q
                         net (fo=27, routed)          0.794     3.055    ecc_soc_bd_i/smartconnect_0/inst/s00_entry_pipeline/s00_mmu/inst/xpm_cdc_async_rst_inst/src_arst
    SLICE_X55Y28         FDCE                                         f  ecc_soc_bd_i/smartconnect_0/inst/s00_entry_pipeline/s00_mmu/inst/xpm_cdc_async_rst_inst/arststages_ff_reg[2]/CLR  (IS_INVERTED)
  -------------------------------------------------------------------    -------------------

                         (clock clk_pl_0 rise edge)
                                                      0.000     0.000 r  
    PS9_X0Y0             PS9                          0.000     0.000 r  ecc_soc_bd_i/versal_cips_0/inst/pspmc_0/inst/PS9_inst/PMCRCLKCLK[0]
                         net (fo=1, routed)           0.000     0.000    ecc_soc_bd_i/versal_cips_0/inst/pspmc_0/inst/pmc_pl_ref_clk[0]
    BUFG_PS_X0Y6         BUFG_PS (Prop_BUFG_PS_I_O)
                                                      0.072     0.072 r  ecc_soc_bd_i/versal_cips_0/inst/pspmc_0/inst/buffer_pl_clk_0.PL_CLK_0_BUFG/O
    X1Y1 (CLOCK_ROOT)    net (fo=3776, routed)        1.706     1.778    ecc_soc_bd_i/smartconnect_0/inst/s00_entry_pipeline/s00_mmu/inst/xpm_cdc_async_rst_inst/dest_clk
    SLICE_X55Y28         FDCE                                         r  ecc_soc_bd_i/smartconnect_0/inst/s00_entry_pipeline/s00_mmu/inst/xpm_cdc_async_rst_inst/arststages_ff_reg[2]/C

Slack:                    inf
  Source:                 ecc_soc_bd_i/smartconnect_0/inst/clk_map/psr_aclk/U0/ACTIVE_LOW_BSR_OUT_DFF[0].FDRE_BSR_N/C
                            (rising edge-triggered cell FDRE clocked by clk_pl_0  {rise@0.000ns fall@12.500ns period=25.000ns})
  Destination:            ecc_soc_bd_i/smartconnect_0/inst/s00_entry_pipeline/s00_si_converter/inst/xpm_cdc_async_rst_inst/arststages_ff_reg[0]/CLR
                            (recovery check against rising-edge clock clk_pl_0  {rise@0.000ns fall@12.500ns period=25.000ns})
  Path Group:             (none)
  Path Type:              Recovery (Max at Slow Process Corner)
  Data Path Delay:        0.638ns  (logic 0.126ns (19.746%)  route 0.512ns (80.254%))
  Logic Levels:           0  
  Clock Path Skew:        -0.326ns (DCD - SCD + CPR)
    Destination Clock Delay (DCD):    1.809ns
    Source Clock Delay      (SCD):    2.135ns
    Clock Pessimism Removal (CPR):    0.000ns
  Clock Uncertainty:      0.126ns  (CJ)/2 + PE + PJ
    Clock Jitter             (CJ):    0.252ns
    Phase Error              (PE):    0.000ns
    Phase Jitter             (PJ):    0.000ns
  Clock Net Delay (Source):      1.994ns (routing 0.261ns, distribution 1.733ns)
  Clock Net Delay (Destination): 1.737ns (routing 0.238ns, distribution 1.499ns)
  Timing Exception:       False Path

    Location             Delay type                Incr(ns)  Path(ns)    Netlist Resource(s)
  -------------------------------------------------------------------    -------------------
                         (clock clk_pl_0 rise edge)
                                                      0.000     0.000 r  
    PS9_X0Y0             PS9                          0.000     0.000 r  ecc_soc_bd_i/versal_cips_0/inst/pspmc_0/inst/PS9_inst/PMCRCLKCLK[0]
                         net (fo=1, routed)           0.000     0.000    ecc_soc_bd_i/versal_cips_0/inst/pspmc_0/inst/pmc_pl_ref_clk[0]
    BUFG_PS_X0Y6         BUFG_PS (Prop_BUFG_PS_I_O)
                                                      0.141     0.141 r  ecc_soc_bd_i/versal_cips_0/inst/pspmc_0/inst/buffer_pl_clk_0.PL_CLK_0_BUFG/O
    X1Y1 (CLOCK_ROOT)    net (fo=3776, routed)        1.994     2.135    ecc_soc_bd_i/smartconnect_0/inst/clk_map/psr_aclk/U0/aclk
    SLICE_X56Y20         FDRE                                         r  ecc_soc_bd_i/smartconnect_0/inst/clk_map/psr_aclk/U0/ACTIVE_LOW_BSR_OUT_DFF[0].FDRE_BSR_N/C
  -------------------------------------------------------------------    -------------------
    SLICE_X56Y20         FDRE (Prop_CFF_SLICEL_C_Q)
                                                      0.126     2.261 r  ecc_soc_bd_i/smartconnect_0/inst/clk_map/psr_aclk/U0/ACTIVE_LOW_BSR_OUT_DFF[0].FDRE_BSR_N/Q
                         net (fo=27, routed)          0.512     2.773    ecc_soc_bd_i/smartconnect_0/inst/s00_entry_pipeline/s00_si_converter/inst/xpm_cdc_async_rst_inst/src_arst
    SLICE_X58Y20         FDCE                                         f  ecc_soc_bd_i/smartconnect_0/inst/s00_entry_pipeline/s00_si_converter/inst/xpm_cdc_async_rst_inst/arststages_ff_reg[0]/CLR  (IS_INVERTED)
  -------------------------------------------------------------------    -------------------

                         (clock clk_pl_0 rise edge)
                                                      0.000     0.000 r  
    PS9_X0Y0             PS9                          0.000     0.000 r  ecc_soc_bd_i/versal_cips_0/inst/pspmc_0/inst/PS9_inst/PMCRCLKCLK[0]
                         net (fo=1, routed)           0.000     0.000    ecc_soc_bd_i/versal_cips_0/inst/pspmc_0/inst/pmc_pl_ref_clk[0]
    BUFG_PS_X0Y6         BUFG_PS (Prop_BUFG_PS_I_O)
                                                      0.072     0.072 r  ecc_soc_bd_i/versal_cips_0/inst/pspmc_0/inst/buffer_pl_clk_0.PL_CLK_0_BUFG/O
    X1Y1 (CLOCK_ROOT)    net (fo=3776, routed)        1.737     1.809    ecc_soc_bd_i/smartconnect_0/inst/s00_entry_pipeline/s00_si_converter/inst/xpm_cdc_async_rst_inst/dest_clk
    SLICE_X58Y20         FDCE                                         r  ecc_soc_bd_i/smartconnect_0/inst/s00_entry_pipeline/s00_si_converter/inst/xpm_cdc_async_rst_inst/arststages_ff_reg[0]/C

Slack:                    inf
  Source:                 ecc_soc_bd_i/smartconnect_0/inst/clk_map/psr_aclk/U0/ACTIVE_LOW_BSR_OUT_DFF[0].FDRE_BSR_N/C
                            (rising edge-triggered cell FDRE clocked by clk_pl_0  {rise@0.000ns fall@12.500ns period=25.000ns})
  Destination:            ecc_soc_bd_i/smartconnect_0/inst/s00_entry_pipeline/s00_si_converter/inst/xpm_cdc_async_rst_inst/arststages_ff_reg[1]/CLR
                            (recovery check against rising-edge clock clk_pl_0  {rise@0.000ns fall@12.500ns period=25.000ns})
  Path Group:             (none)
  Path Type:              Recovery (Max at Slow Process Corner)
  Data Path Delay:        0.638ns  (logic 0.126ns (19.746%)  route 0.512ns (80.254%))
  Logic Levels:           0  
  Clock Path Skew:        -0.326ns (DCD - SCD + CPR)
    Destination Clock Delay (DCD):    1.809ns
    Source Clock Delay      (SCD):    2.135ns
    Clock Pessimism Removal (CPR):    0.000ns
  Clock Uncertainty:      0.126ns  (CJ)/2 + PE + PJ
    Clock Jitter             (CJ):    0.252ns
    Phase Error              (PE):    0.000ns
    Phase Jitter             (PJ):    0.000ns
  Clock Net Delay (Source):      1.994ns (routing 0.261ns, distribution 1.733ns)
  Clock Net Delay (Destination): 1.737ns (routing 0.238ns, distribution 1.499ns)
  Timing Exception:       False Path

    Location             Delay type                Incr(ns)  Path(ns)    Netlist Resource(s)
  -------------------------------------------------------------------    -------------------
                         (clock clk_pl_0 rise edge)
                                                      0.000     0.000 r  
    PS9_X0Y0             PS9                          0.000     0.000 r  ecc_soc_bd_i/versal_cips_0/inst/pspmc_0/inst/PS9_inst/PMCRCLKCLK[0]
                         net (fo=1, routed)           0.000     0.000    ecc_soc_bd_i/versal_cips_0/inst/pspmc_0/inst/pmc_pl_ref_clk[0]
    BUFG_PS_X0Y6         BUFG_PS (Prop_BUFG_PS_I_O)
                                                      0.141     0.141 r  ecc_soc_bd_i/versal_cips_0/inst/pspmc_0/inst/buffer_pl_clk_0.PL_CLK_0_BUFG/O
    X1Y1 (CLOCK_ROOT)    net (fo=3776, routed)        1.994     2.135    ecc_soc_bd_i/smartconnect_0/inst/clk_map/psr_aclk/U0/aclk
    SLICE_X56Y20         FDRE                                         r  ecc_soc_bd_i/smartconnect_0/inst/clk_map/psr_aclk/U0/ACTIVE_LOW_BSR_OUT_DFF[0].FDRE_BSR_N/C
  -------------------------------------------------------------------    -------------------
    SLICE_X56Y20         FDRE (Prop_CFF_SLICEL_C_Q)
                                                      0.126     2.261 r  ecc_soc_bd_i/smartconnect_0/inst/clk_map/psr_aclk/U0/ACTIVE_LOW_BSR_OUT_DFF[0].FDRE_BSR_N/Q
                         net (fo=27, routed)          0.512     2.773    ecc_soc_bd_i/smartconnect_0/inst/s00_entry_pipeline/s00_si_converter/inst/xpm_cdc_async_rst_inst/src_arst
    SLICE_X58Y20         FDCE                                         f  ecc_soc_bd_i/smartconnect_0/inst/s00_entry_pipeline/s00_si_converter/inst/xpm_cdc_async_rst_inst/arststages_ff_reg[1]/CLR  (IS_INVERTED)
  -------------------------------------------------------------------    -------------------

                         (clock clk_pl_0 rise edge)
                                                      0.000     0.000 r  
    PS9_X0Y0             PS9                          0.000     0.000 r  ecc_soc_bd_i/versal_cips_0/inst/pspmc_0/inst/PS9_inst/PMCRCLKCLK[0]
                         net (fo=1, routed)           0.000     0.000    ecc_soc_bd_i/versal_cips_0/inst/pspmc_0/inst/pmc_pl_ref_clk[0]
    BUFG_PS_X0Y6         BUFG_PS (Prop_BUFG_PS_I_O)
                                                      0.072     0.072 r  ecc_soc_bd_i/versal_cips_0/inst/pspmc_0/inst/buffer_pl_clk_0.PL_CLK_0_BUFG/O
    X1Y1 (CLOCK_ROOT)    net (fo=3776, routed)        1.737     1.809    ecc_soc_bd_i/smartconnect_0/inst/s00_entry_pipeline/s00_si_converter/inst/xpm_cdc_async_rst_inst/dest_clk
    SLICE_X58Y20         FDCE                                         r  ecc_soc_bd_i/smartconnect_0/inst/s00_entry_pipeline/s00_si_converter/inst/xpm_cdc_async_rst_inst/arststages_ff_reg[1]/C

Slack:                    inf
  Source:                 ecc_soc_bd_i/smartconnect_0/inst/clk_map/psr_aclk/U0/ACTIVE_LOW_BSR_OUT_DFF[0].FDRE_BSR_N/C
                            (rising edge-triggered cell FDRE clocked by clk_pl_0  {rise@0.000ns fall@12.500ns period=25.000ns})
  Destination:            ecc_soc_bd_i/smartconnect_0/inst/s00_entry_pipeline/s00_si_converter/inst/xpm_cdc_async_rst_inst/arststages_ff_reg[2]/CLR
                            (recovery check against rising-edge clock clk_pl_0  {rise@0.000ns fall@12.500ns period=25.000ns})
  Path Group:             (none)
  Path Type:              Recovery (Max at Slow Process Corner)
  Data Path Delay:        0.638ns  (logic 0.126ns (19.746%)  route 0.512ns (80.254%))
  Logic Levels:           0  
  Clock Path Skew:        -0.326ns (DCD - SCD + CPR)
    Destination Clock Delay (DCD):    1.809ns
    Source Clock Delay      (SCD):    2.135ns
    Clock Pessimism Removal (CPR):    0.000ns
  Clock Uncertainty:      0.126ns  (CJ)/2 + PE + PJ
    Clock Jitter             (CJ):    0.252ns
    Phase Error              (PE):    0.000ns
    Phase Jitter             (PJ):    0.000ns
  Clock Net Delay (Source):      1.994ns (routing 0.261ns, distribution 1.733ns)
  Clock Net Delay (Destination): 1.737ns (routing 0.238ns, distribution 1.499ns)
  Timing Exception:       False Path

    Location             Delay type                Incr(ns)  Path(ns)    Netlist Resource(s)
  -------------------------------------------------------------------    -------------------
                         (clock clk_pl_0 rise edge)
                                                      0.000     0.000 r  
    PS9_X0Y0             PS9                          0.000     0.000 r  ecc_soc_bd_i/versal_cips_0/inst/pspmc_0/inst/PS9_inst/PMCRCLKCLK[0]
                         net (fo=1, routed)           0.000     0.000    ecc_soc_bd_i/versal_cips_0/inst/pspmc_0/inst/pmc_pl_ref_clk[0]
    BUFG_PS_X0Y6         BUFG_PS (Prop_BUFG_PS_I_O)
                                                      0.141     0.141 r  ecc_soc_bd_i/versal_cips_0/inst/pspmc_0/inst/buffer_pl_clk_0.PL_CLK_0_BUFG/O
    X1Y1 (CLOCK_ROOT)    net (fo=3776, routed)        1.994     2.135    ecc_soc_bd_i/smartconnect_0/inst/clk_map/psr_aclk/U0/aclk
    SLICE_X56Y20         FDRE                                         r  ecc_soc_bd_i/smartconnect_0/inst/clk_map/psr_aclk/U0/ACTIVE_LOW_BSR_OUT_DFF[0].FDRE_BSR_N/C
  -------------------------------------------------------------------    -------------------
    SLICE_X56Y20         FDRE (Prop_CFF_SLICEL_C_Q)
                                                      0.126     2.261 r  ecc_soc_bd_i/smartconnect_0/inst/clk_map/psr_aclk/U0/ACTIVE_LOW_BSR_OUT_DFF[0].FDRE_BSR_N/Q
                         net (fo=27, routed)          0.512     2.773    ecc_soc_bd_i/smartconnect_0/inst/s00_entry_pipeline/s00_si_converter/inst/xpm_cdc_async_rst_inst/src_arst
    SLICE_X58Y20         FDCE                                         f  ecc_soc_bd_i/smartconnect_0/inst/s00_entry_pipeline/s00_si_converter/inst/xpm_cdc_async_rst_inst/arststages_ff_reg[2]/CLR  (IS_INVERTED)
  -------------------------------------------------------------------    -------------------

                         (clock clk_pl_0 rise edge)
                                                      0.000     0.000 r  
    PS9_X0Y0             PS9                          0.000     0.000 r  ecc_soc_bd_i/versal_cips_0/inst/pspmc_0/inst/PS9_inst/PMCRCLKCLK[0]
                         net (fo=1, routed)           0.000     0.000    ecc_soc_bd_i/versal_cips_0/inst/pspmc_0/inst/pmc_pl_ref_clk[0]
    BUFG_PS_X0Y6         BUFG_PS (Prop_BUFG_PS_I_O)
                                                      0.072     0.072 r  ecc_soc_bd_i/versal_cips_0/inst/pspmc_0/inst/buffer_pl_clk_0.PL_CLK_0_BUFG/O
    X1Y1 (CLOCK_ROOT)    net (fo=3776, routed)        1.737     1.809    ecc_soc_bd_i/smartconnect_0/inst/s00_entry_pipeline/s00_si_converter/inst/xpm_cdc_async_rst_inst/dest_clk
    SLICE_X58Y20         FDCE                                         r  ecc_soc_bd_i/smartconnect_0/inst/s00_entry_pipeline/s00_si_converter/inst/xpm_cdc_async_rst_inst/arststages_ff_reg[2]/C





Min Delay Paths
--------------------------------------------------------------------------------------
Slack:                    inf
  Source:                 ecc_soc_bd_i/smartconnect_0/inst/clk_map/psr_aclk/U0/ACTIVE_LOW_BSR_OUT_DFF[0].FDRE_BSR_N/C
                            (rising edge-triggered cell FDRE clocked by clk_pl_0  {rise@0.000ns fall@12.500ns period=25.000ns})
  Destination:            ecc_soc_bd_i/smartconnect_0/inst/m00_exit_pipeline/m00_exit/inst/xpm_cdc_async_rst_inst/arststages_ff_reg[0]/CLR
                            (removal check against rising-edge clock clk_pl_0  {rise@0.000ns fall@12.500ns period=25.000ns})
  Path Group:             (none)
  Path Type:              Removal (Min at Fast Process Corner)
  Data Path Delay:        0.277ns  (logic 0.057ns (20.614%)  route 0.220ns (79.386%))
  Logic Levels:           0  
  Clock Path Skew:        0.183ns (DCD - SCD - CPR)
    Destination Clock Delay (DCD):    1.406ns
    Source Clock Delay      (SCD):    1.222ns
    Clock Pessimism Removal (CPR):    -0.000ns
  Clock Uncertainty:      0.126ns  (CJ)/2 + PE + PJ
    Clock Jitter             (CJ):    0.252ns
    Phase Error              (PE):    0.000ns
    Phase Jitter             (PJ):    0.000ns
  Clock Net Delay (Source):      1.170ns (routing 0.165ns, distribution 1.005ns)
  Clock Net Delay (Destination): 1.310ns (routing 0.187ns, distribution 1.123ns)
  Timing Exception:       False Path

    Location             Delay type                Incr(ns)  Path(ns)    Netlist Resource(s)
  -------------------------------------------------------------------    -------------------
                         (clock clk_pl_0 rise edge)
                                                      0.000     0.000 r  
    PS9_X0Y0             PS9                          0.000     0.000 r  ecc_soc_bd_i/versal_cips_0/inst/pspmc_0/inst/PS9_inst/PMCRCLKCLK[0]
                         net (fo=1, routed)           0.000     0.000    ecc_soc_bd_i/versal_cips_0/inst/pspmc_0/inst/pmc_pl_ref_clk[0]
    BUFG_PS_X0Y6         BUFG_PS (Prop_BUFG_PS_I_O)
                                                      0.052     0.052 r  ecc_soc_bd_i/versal_cips_0/inst/pspmc_0/inst/buffer_pl_clk_0.PL_CLK_0_BUFG/O
    X1Y1 (CLOCK_ROOT)    net (fo=3776, routed)        1.170     1.222    ecc_soc_bd_i/smartconnect_0/inst/clk_map/psr_aclk/U0/aclk
    SLICE_X56Y20         FDRE                                         r  ecc_soc_bd_i/smartconnect_0/inst/clk_map/psr_aclk/U0/ACTIVE_LOW_BSR_OUT_DFF[0].FDRE_BSR_N/C
  -------------------------------------------------------------------    -------------------
    SLICE_X56Y20         FDRE (Prop_CFF_SLICEL_C_Q)
                                                      0.057     1.279 r  ecc_soc_bd_i/smartconnect_0/inst/clk_map/psr_aclk/U0/ACTIVE_LOW_BSR_OUT_DFF[0].FDRE_BSR_N/Q
                         net (fo=27, routed)          0.220     1.499    ecc_soc_bd_i/smartconnect_0/inst/m00_exit_pipeline/m00_exit/inst/xpm_cdc_async_rst_inst/src_arst
    SLICE_X57Y21         FDCE                                         f  ecc_soc_bd_i/smartconnect_0/inst/m00_exit_pipeline/m00_exit/inst/xpm_cdc_async_rst_inst/arststages_ff_reg[0]/CLR  (IS_INVERTED)
  -------------------------------------------------------------------    -------------------

                         (clock clk_pl_0 rise edge)
                                                      0.000     0.000 r  
    PS9_X0Y0             PS9                          0.000     0.000 r  ecc_soc_bd_i/versal_cips_0/inst/pspmc_0/inst/PS9_inst/PMCRCLKCLK[0]
                         net (fo=1, routed)           0.000     0.000    ecc_soc_bd_i/versal_cips_0/inst/pspmc_0/inst/pmc_pl_ref_clk[0]
    BUFG_PS_X0Y6         BUFG_PS (Prop_BUFG_PS_I_O)
                                                      0.096     0.096 r  ecc_soc_bd_i/versal_cips_0/inst/pspmc_0/inst/buffer_pl_clk_0.PL_CLK_0_BUFG/O
    X1Y1 (CLOCK_ROOT)    net (fo=3776, routed)        1.310     1.406    ecc_soc_bd_i/smartconnect_0/inst/m00_exit_pipeline/m00_exit/inst/xpm_cdc_async_rst_inst/dest_clk
    SLICE_X57Y21         FDCE                                         r  ecc_soc_bd_i/smartconnect_0/inst/m00_exit_pipeline/m00_exit/inst/xpm_cdc_async_rst_inst/arststages_ff_reg[0]/C

Slack:                    inf
  Source:                 ecc_soc_bd_i/smartconnect_0/inst/clk_map/psr_aclk/U0/ACTIVE_LOW_BSR_OUT_DFF[0].FDRE_BSR_N/C
                            (rising edge-triggered cell FDRE clocked by clk_pl_0  {rise@0.000ns fall@12.500ns period=25.000ns})
  Destination:            ecc_soc_bd_i/smartconnect_0/inst/m00_exit_pipeline/m00_exit/inst/xpm_cdc_async_rst_inst/arststages_ff_reg[1]/CLR
                            (removal check against rising-edge clock clk_pl_0  {rise@0.000ns fall@12.500ns period=25.000ns})
  Path Group:             (none)
  Path Type:              Removal (Min at Fast Process Corner)
  Data Path Delay:        0.277ns  (logic 0.057ns (20.614%)  route 0.220ns (79.386%))
  Logic Levels:           0  
  Clock Path Skew:        0.183ns (DCD - SCD - CPR)
    Destination Clock Delay (DCD):    1.406ns
    Source Clock Delay      (SCD):    1.222ns
    Clock Pessimism Removal (CPR):    -0.000ns
  Clock Uncertainty:      0.126ns  (CJ)/2 + PE + PJ
    Clock Jitter             (CJ):    0.252ns
    Phase Error              (PE):    0.000ns
    Phase Jitter             (PJ):    0.000ns
  Clock Net Delay (Source):      1.170ns (routing 0.165ns, distribution 1.005ns)
  Clock Net Delay (Destination): 1.310ns (routing 0.187ns, distribution 1.123ns)
  Timing Exception:       False Path

    Location             Delay type                Incr(ns)  Path(ns)    Netlist Resource(s)
  -------------------------------------------------------------------    -------------------
                         (clock clk_pl_0 rise edge)
                                                      0.000     0.000 r  
    PS9_X0Y0             PS9                          0.000     0.000 r  ecc_soc_bd_i/versal_cips_0/inst/pspmc_0/inst/PS9_inst/PMCRCLKCLK[0]
                         net (fo=1, routed)           0.000     0.000    ecc_soc_bd_i/versal_cips_0/inst/pspmc_0/inst/pmc_pl_ref_clk[0]
    BUFG_PS_X0Y6         BUFG_PS (Prop_BUFG_PS_I_O)
                                                      0.052     0.052 r  ecc_soc_bd_i/versal_cips_0/inst/pspmc_0/inst/buffer_pl_clk_0.PL_CLK_0_BUFG/O
    X1Y1 (CLOCK_ROOT)    net (fo=3776, routed)        1.170     1.222    ecc_soc_bd_i/smartconnect_0/inst/clk_map/psr_aclk/U0/aclk
    SLICE_X56Y20         FDRE                                         r  ecc_soc_bd_i/smartconnect_0/inst/clk_map/psr_aclk/U0/ACTIVE_LOW_BSR_OUT_DFF[0].FDRE_BSR_N/C
  -------------------------------------------------------------------    -------------------
    SLICE_X56Y20         FDRE (Prop_CFF_SLICEL_C_Q)
                                                      0.057     1.279 r  ecc_soc_bd_i/smartconnect_0/inst/clk_map/psr_aclk/U0/ACTIVE_LOW_BSR_OUT_DFF[0].FDRE_BSR_N/Q
                         net (fo=27, routed)          0.220     1.499    ecc_soc_bd_i/smartconnect_0/inst/m00_exit_pipeline/m00_exit/inst/xpm_cdc_async_rst_inst/src_arst
    SLICE_X57Y21         FDCE                                         f  ecc_soc_bd_i/smartconnect_0/inst/m00_exit_pipeline/m00_exit/inst/xpm_cdc_async_rst_inst/arststages_ff_reg[1]/CLR  (IS_INVERTED)
  -------------------------------------------------------------------    -------------------

                         (clock clk_pl_0 rise edge)
                                                      0.000     0.000 r  
    PS9_X0Y0             PS9                          0.000     0.000 r  ecc_soc_bd_i/versal_cips_0/inst/pspmc_0/inst/PS9_inst/PMCRCLKCLK[0]
                         net (fo=1, routed)           0.000     0.000    ecc_soc_bd_i/versal_cips_0/inst/pspmc_0/inst/pmc_pl_ref_clk[0]
    BUFG_PS_X0Y6         BUFG_PS (Prop_BUFG_PS_I_O)
                                                      0.096     0.096 r  ecc_soc_bd_i/versal_cips_0/inst/pspmc_0/inst/buffer_pl_clk_0.PL_CLK_0_BUFG/O
    X1Y1 (CLOCK_ROOT)    net (fo=3776, routed)        1.310     1.406    ecc_soc_bd_i/smartconnect_0/inst/m00_exit_pipeline/m00_exit/inst/xpm_cdc_async_rst_inst/dest_clk
    SLICE_X57Y21         FDCE                                         r  ecc_soc_bd_i/smartconnect_0/inst/m00_exit_pipeline/m00_exit/inst/xpm_cdc_async_rst_inst/arststages_ff_reg[1]/C

Slack:                    inf
  Source:                 ecc_soc_bd_i/smartconnect_0/inst/clk_map/psr_aclk/U0/ACTIVE_LOW_BSR_OUT_DFF[0].FDRE_BSR_N/C
                            (rising edge-triggered cell FDRE clocked by clk_pl_0  {rise@0.000ns fall@12.500ns period=25.000ns})
  Destination:            ecc_soc_bd_i/smartconnect_0/inst/m00_exit_pipeline/m00_exit/inst/xpm_cdc_async_rst_inst/arststages_ff_reg[2]/CLR
                            (removal check against rising-edge clock clk_pl_0  {rise@0.000ns fall@12.500ns period=25.000ns})
  Path Group:             (none)
  Path Type:              Removal (Min at Fast Process Corner)
  Data Path Delay:        0.277ns  (logic 0.057ns (20.614%)  route 0.220ns (79.386%))
  Logic Levels:           0  
  Clock Path Skew:        0.183ns (DCD - SCD - CPR)
    Destination Clock Delay (DCD):    1.406ns
    Source Clock Delay      (SCD):    1.222ns
    Clock Pessimism Removal (CPR):    -0.000ns
  Clock Uncertainty:      0.126ns  (CJ)/2 + PE + PJ
    Clock Jitter             (CJ):    0.252ns
    Phase Error              (PE):    0.000ns
    Phase Jitter             (PJ):    0.000ns
  Clock Net Delay (Source):      1.170ns (routing 0.165ns, distribution 1.005ns)
  Clock Net Delay (Destination): 1.310ns (routing 0.187ns, distribution 1.123ns)
  Timing Exception:       False Path

    Location             Delay type                Incr(ns)  Path(ns)    Netlist Resource(s)
  -------------------------------------------------------------------    -------------------
                         (clock clk_pl_0 rise edge)
                                                      0.000     0.000 r  
    PS9_X0Y0             PS9                          0.000     0.000 r  ecc_soc_bd_i/versal_cips_0/inst/pspmc_0/inst/PS9_inst/PMCRCLKCLK[0]
                         net (fo=1, routed)           0.000     0.000    ecc_soc_bd_i/versal_cips_0/inst/pspmc_0/inst/pmc_pl_ref_clk[0]
    BUFG_PS_X0Y6         BUFG_PS (Prop_BUFG_PS_I_O)
                                                      0.052     0.052 r  ecc_soc_bd_i/versal_cips_0/inst/pspmc_0/inst/buffer_pl_clk_0.PL_CLK_0_BUFG/O
    X1Y1 (CLOCK_ROOT)    net (fo=3776, routed)        1.170     1.222    ecc_soc_bd_i/smartconnect_0/inst/clk_map/psr_aclk/U0/aclk
    SLICE_X56Y20         FDRE                                         r  ecc_soc_bd_i/smartconnect_0/inst/clk_map/psr_aclk/U0/ACTIVE_LOW_BSR_OUT_DFF[0].FDRE_BSR_N/C
  -------------------------------------------------------------------    -------------------
    SLICE_X56Y20         FDRE (Prop_CFF_SLICEL_C_Q)
                                                      0.057     1.279 r  ecc_soc_bd_i/smartconnect_0/inst/clk_map/psr_aclk/U0/ACTIVE_LOW_BSR_OUT_DFF[0].FDRE_BSR_N/Q
                         net (fo=27, routed)          0.220     1.499    ecc_soc_bd_i/smartconnect_0/inst/m00_exit_pipeline/m00_exit/inst/xpm_cdc_async_rst_inst/src_arst
    SLICE_X57Y21         FDCE                                         f  ecc_soc_bd_i/smartconnect_0/inst/m00_exit_pipeline/m00_exit/inst/xpm_cdc_async_rst_inst/arststages_ff_reg[2]/CLR  (IS_INVERTED)
  -------------------------------------------------------------------    -------------------

                         (clock clk_pl_0 rise edge)
                                                      0.000     0.000 r  
    PS9_X0Y0             PS9                          0.000     0.000 r  ecc_soc_bd_i/versal_cips_0/inst/pspmc_0/inst/PS9_inst/PMCRCLKCLK[0]
                         net (fo=1, routed)           0.000     0.000    ecc_soc_bd_i/versal_cips_0/inst/pspmc_0/inst/pmc_pl_ref_clk[0]
    BUFG_PS_X0Y6         BUFG_PS (Prop_BUFG_PS_I_O)
                                                      0.096     0.096 r  ecc_soc_bd_i/versal_cips_0/inst/pspmc_0/inst/buffer_pl_clk_0.PL_CLK_0_BUFG/O
    X1Y1 (CLOCK_ROOT)    net (fo=3776, routed)        1.310     1.406    ecc_soc_bd_i/smartconnect_0/inst/m00_exit_pipeline/m00_exit/inst/xpm_cdc_async_rst_inst/dest_clk
    SLICE_X57Y21         FDCE                                         r  ecc_soc_bd_i/smartconnect_0/inst/m00_exit_pipeline/m00_exit/inst/xpm_cdc_async_rst_inst/arststages_ff_reg[2]/C

Slack:                    inf
  Source:                 ecc_soc_bd_i/smartconnect_0/inst/clk_map/psr_aclk/U0/ACTIVE_LOW_BSR_OUT_DFF[0].FDRE_BSR_N/C
                            (rising edge-triggered cell FDRE clocked by clk_pl_0  {rise@0.000ns fall@12.500ns period=25.000ns})
  Destination:            ecc_soc_bd_i/smartconnect_0/inst/s00_nodes/s00_r_node/inst/s_sc_xpm_cdc_async_rst_inst/arststages_ff_reg[0]/CLR
                            (removal check against rising-edge clock clk_pl_0  {rise@0.000ns fall@12.500ns period=25.000ns})
  Path Group:             (none)
  Path Type:              Removal (Min at Fast Process Corner)
  Data Path Delay:        0.277ns  (logic 0.057ns (20.614%)  route 0.220ns (79.386%))
  Logic Levels:           0  
  Clock Path Skew:        0.183ns (DCD - SCD - CPR)
    Destination Clock Delay (DCD):    1.406ns
    Source Clock Delay      (SCD):    1.222ns
    Clock Pessimism Removal (CPR):    -0.000ns
  Clock Uncertainty:      0.126ns  (CJ)/2 + PE + PJ
    Clock Jitter             (CJ):    0.252ns
    Phase Error              (PE):    0.000ns
    Phase Jitter             (PJ):    0.000ns
  Clock Net Delay (Source):      1.170ns (routing 0.165ns, distribution 1.005ns)
  Clock Net Delay (Destination): 1.310ns (routing 0.187ns, distribution 1.123ns)
  Timing Exception:       False Path

    Location             Delay type                Incr(ns)  Path(ns)    Netlist Resource(s)
  -------------------------------------------------------------------    -------------------
                         (clock clk_pl_0 rise edge)
                                                      0.000     0.000 r  
    PS9_X0Y0             PS9                          0.000     0.000 r  ecc_soc_bd_i/versal_cips_0/inst/pspmc_0/inst/PS9_inst/PMCRCLKCLK[0]
                         net (fo=1, routed)           0.000     0.000    ecc_soc_bd_i/versal_cips_0/inst/pspmc_0/inst/pmc_pl_ref_clk[0]
    BUFG_PS_X0Y6         BUFG_PS (Prop_BUFG_PS_I_O)
                                                      0.052     0.052 r  ecc_soc_bd_i/versal_cips_0/inst/pspmc_0/inst/buffer_pl_clk_0.PL_CLK_0_BUFG/O
    X1Y1 (CLOCK_ROOT)    net (fo=3776, routed)        1.170     1.222    ecc_soc_bd_i/smartconnect_0/inst/clk_map/psr_aclk/U0/aclk
    SLICE_X56Y20         FDRE                                         r  ecc_soc_bd_i/smartconnect_0/inst/clk_map/psr_aclk/U0/ACTIVE_LOW_BSR_OUT_DFF[0].FDRE_BSR_N/C
  -------------------------------------------------------------------    -------------------
    SLICE_X56Y20         FDRE (Prop_CFF_SLICEL_C_Q)
                                                      0.057     1.279 r  ecc_soc_bd_i/smartconnect_0/inst/clk_map/psr_aclk/U0/ACTIVE_LOW_BSR_OUT_DFF[0].FDRE_BSR_N/Q
                         net (fo=27, routed)          0.220     1.499    ecc_soc_bd_i/smartconnect_0/inst/s00_nodes/s00_r_node/inst/s_sc_xpm_cdc_async_rst_inst/src_arst
    SLICE_X57Y21         FDCE                                         f  ecc_soc_bd_i/smartconnect_0/inst/s00_nodes/s00_r_node/inst/s_sc_xpm_cdc_async_rst_inst/arststages_ff_reg[0]/CLR  (IS_INVERTED)
  -------------------------------------------------------------------    -------------------

                         (clock clk_pl_0 rise edge)
                                                      0.000     0.000 r  
    PS9_X0Y0             PS9                          0.000     0.000 r  ecc_soc_bd_i/versal_cips_0/inst/pspmc_0/inst/PS9_inst/PMCRCLKCLK[0]
                         net (fo=1, routed)           0.000     0.000    ecc_soc_bd_i/versal_cips_0/inst/pspmc_0/inst/pmc_pl_ref_clk[0]
    BUFG_PS_X0Y6         BUFG_PS (Prop_BUFG_PS_I_O)
                                                      0.096     0.096 r  ecc_soc_bd_i/versal_cips_0/inst/pspmc_0/inst/buffer_pl_clk_0.PL_CLK_0_BUFG/O
    X1Y1 (CLOCK_ROOT)    net (fo=3776, routed)        1.310     1.406    ecc_soc_bd_i/smartconnect_0/inst/s00_nodes/s00_r_node/inst/s_sc_xpm_cdc_async_rst_inst/dest_clk
    SLICE_X57Y21         FDCE                                         r  ecc_soc_bd_i/smartconnect_0/inst/s00_nodes/s00_r_node/inst/s_sc_xpm_cdc_async_rst_inst/arststages_ff_reg[0]/C

Slack:                    inf
  Source:                 ecc_soc_bd_i/smartconnect_0/inst/clk_map/psr_aclk/U0/ACTIVE_LOW_BSR_OUT_DFF[0].FDRE_BSR_N/C
                            (rising edge-triggered cell FDRE clocked by clk_pl_0  {rise@0.000ns fall@12.500ns period=25.000ns})
  Destination:            ecc_soc_bd_i/smartconnect_0/inst/s00_nodes/s00_r_node/inst/s_sc_xpm_cdc_async_rst_inst/arststages_ff_reg[1]/CLR
                            (removal check against rising-edge clock clk_pl_0  {rise@0.000ns fall@12.500ns period=25.000ns})
  Path Group:             (none)
  Path Type:              Removal (Min at Fast Process Corner)
  Data Path Delay:        0.277ns  (logic 0.057ns (20.614%)  route 0.220ns (79.386%))
  Logic Levels:           0  
  Clock Path Skew:        0.183ns (DCD - SCD - CPR)
    Destination Clock Delay (DCD):    1.406ns
    Source Clock Delay      (SCD):    1.222ns
    Clock Pessimism Removal (CPR):    -0.000ns
  Clock Uncertainty:      0.126ns  (CJ)/2 + PE + PJ
    Clock Jitter             (CJ):    0.252ns
    Phase Error              (PE):    0.000ns
    Phase Jitter             (PJ):    0.000ns
  Clock Net Delay (Source):      1.170ns (routing 0.165ns, distribution 1.005ns)
  Clock Net Delay (Destination): 1.310ns (routing 0.187ns, distribution 1.123ns)
  Timing Exception:       False Path

    Location             Delay type                Incr(ns)  Path(ns)    Netlist Resource(s)
  -------------------------------------------------------------------    -------------------
                         (clock clk_pl_0 rise edge)
                                                      0.000     0.000 r  
    PS9_X0Y0             PS9                          0.000     0.000 r  ecc_soc_bd_i/versal_cips_0/inst/pspmc_0/inst/PS9_inst/PMCRCLKCLK[0]
                         net (fo=1, routed)           0.000     0.000    ecc_soc_bd_i/versal_cips_0/inst/pspmc_0/inst/pmc_pl_ref_clk[0]
    BUFG_PS_X0Y6         BUFG_PS (Prop_BUFG_PS_I_O)
                                                      0.052     0.052 r  ecc_soc_bd_i/versal_cips_0/inst/pspmc_0/inst/buffer_pl_clk_0.PL_CLK_0_BUFG/O
    X1Y1 (CLOCK_ROOT)    net (fo=3776, routed)        1.170     1.222    ecc_soc_bd_i/smartconnect_0/inst/clk_map/psr_aclk/U0/aclk
    SLICE_X56Y20         FDRE                                         r  ecc_soc_bd_i/smartconnect_0/inst/clk_map/psr_aclk/U0/ACTIVE_LOW_BSR_OUT_DFF[0].FDRE_BSR_N/C
  -------------------------------------------------------------------    -------------------
    SLICE_X56Y20         FDRE (Prop_CFF_SLICEL_C_Q)
                                                      0.057     1.279 r  ecc_soc_bd_i/smartconnect_0/inst/clk_map/psr_aclk/U0/ACTIVE_LOW_BSR_OUT_DFF[0].FDRE_BSR_N/Q
                         net (fo=27, routed)          0.220     1.499    ecc_soc_bd_i/smartconnect_0/inst/s00_nodes/s00_r_node/inst/s_sc_xpm_cdc_async_rst_inst/src_arst
    SLICE_X57Y21         FDCE                                         f  ecc_soc_bd_i/smartconnect_0/inst/s00_nodes/s00_r_node/inst/s_sc_xpm_cdc_async_rst_inst/arststages_ff_reg[1]/CLR  (IS_INVERTED)
  -------------------------------------------------------------------    -------------------

                         (clock clk_pl_0 rise edge)
                                                      0.000     0.000 r  
    PS9_X0Y0             PS9                          0.000     0.000 r  ecc_soc_bd_i/versal_cips_0/inst/pspmc_0/inst/PS9_inst/PMCRCLKCLK[0]
                         net (fo=1, routed)           0.000     0.000    ecc_soc_bd_i/versal_cips_0/inst/pspmc_0/inst/pmc_pl_ref_clk[0]
    BUFG_PS_X0Y6         BUFG_PS (Prop_BUFG_PS_I_O)
                                                      0.096     0.096 r  ecc_soc_bd_i/versal_cips_0/inst/pspmc_0/inst/buffer_pl_clk_0.PL_CLK_0_BUFG/O
    X1Y1 (CLOCK_ROOT)    net (fo=3776, routed)        1.310     1.406    ecc_soc_bd_i/smartconnect_0/inst/s00_nodes/s00_r_node/inst/s_sc_xpm_cdc_async_rst_inst/dest_clk
    SLICE_X57Y21         FDCE                                         r  ecc_soc_bd_i/smartconnect_0/inst/s00_nodes/s00_r_node/inst/s_sc_xpm_cdc_async_rst_inst/arststages_ff_reg[1]/C

Slack:                    inf
  Source:                 ecc_soc_bd_i/smartconnect_0/inst/clk_map/psr_aclk/U0/ACTIVE_LOW_BSR_OUT_DFF[0].FDRE_BSR_N/C
                            (rising edge-triggered cell FDRE clocked by clk_pl_0  {rise@0.000ns fall@12.500ns period=25.000ns})
  Destination:            ecc_soc_bd_i/smartconnect_0/inst/s00_nodes/s00_r_node/inst/s_sc_xpm_cdc_async_rst_inst/arststages_ff_reg[2]/CLR
                            (removal check against rising-edge clock clk_pl_0  {rise@0.000ns fall@12.500ns period=25.000ns})
  Path Group:             (none)
  Path Type:              Removal (Min at Fast Process Corner)
  Data Path Delay:        0.277ns  (logic 0.057ns (20.614%)  route 0.220ns (79.386%))
  Logic Levels:           0  
  Clock Path Skew:        0.183ns (DCD - SCD - CPR)
    Destination Clock Delay (DCD):    1.406ns
    Source Clock Delay      (SCD):    1.222ns
    Clock Pessimism Removal (CPR):    -0.000ns
  Clock Uncertainty:      0.126ns  (CJ)/2 + PE + PJ
    Clock Jitter             (CJ):    0.252ns
    Phase Error              (PE):    0.000ns
    Phase Jitter             (PJ):    0.000ns
  Clock Net Delay (Source):      1.170ns (routing 0.165ns, distribution 1.005ns)
  Clock Net Delay (Destination): 1.310ns (routing 0.187ns, distribution 1.123ns)
  Timing Exception:       False Path

    Location             Delay type                Incr(ns)  Path(ns)    Netlist Resource(s)
  -------------------------------------------------------------------    -------------------
                         (clock clk_pl_0 rise edge)
                                                      0.000     0.000 r  
    PS9_X0Y0             PS9                          0.000     0.000 r  ecc_soc_bd_i/versal_cips_0/inst/pspmc_0/inst/PS9_inst/PMCRCLKCLK[0]
                         net (fo=1, routed)           0.000     0.000    ecc_soc_bd_i/versal_cips_0/inst/pspmc_0/inst/pmc_pl_ref_clk[0]
    BUFG_PS_X0Y6         BUFG_PS (Prop_BUFG_PS_I_O)
                                                      0.052     0.052 r  ecc_soc_bd_i/versal_cips_0/inst/pspmc_0/inst/buffer_pl_clk_0.PL_CLK_0_BUFG/O
    X1Y1 (CLOCK_ROOT)    net (fo=3776, routed)        1.170     1.222    ecc_soc_bd_i/smartconnect_0/inst/clk_map/psr_aclk/U0/aclk
    SLICE_X56Y20         FDRE                                         r  ecc_soc_bd_i/smartconnect_0/inst/clk_map/psr_aclk/U0/ACTIVE_LOW_BSR_OUT_DFF[0].FDRE_BSR_N/C
  -------------------------------------------------------------------    -------------------
    SLICE_X56Y20         FDRE (Prop_CFF_SLICEL_C_Q)
                                                      0.057     1.279 r  ecc_soc_bd_i/smartconnect_0/inst/clk_map/psr_aclk/U0/ACTIVE_LOW_BSR_OUT_DFF[0].FDRE_BSR_N/Q
                         net (fo=27, routed)          0.220     1.499    ecc_soc_bd_i/smartconnect_0/inst/s00_nodes/s00_r_node/inst/s_sc_xpm_cdc_async_rst_inst/src_arst
    SLICE_X57Y21         FDCE                                         f  ecc_soc_bd_i/smartconnect_0/inst/s00_nodes/s00_r_node/inst/s_sc_xpm_cdc_async_rst_inst/arststages_ff_reg[2]/CLR  (IS_INVERTED)
  -------------------------------------------------------------------    -------------------

                         (clock clk_pl_0 rise edge)
                                                      0.000     0.000 r  
    PS9_X0Y0             PS9                          0.000     0.000 r  ecc_soc_bd_i/versal_cips_0/inst/pspmc_0/inst/PS9_inst/PMCRCLKCLK[0]
                         net (fo=1, routed)           0.000     0.000    ecc_soc_bd_i/versal_cips_0/inst/pspmc_0/inst/pmc_pl_ref_clk[0]
    BUFG_PS_X0Y6         BUFG_PS (Prop_BUFG_PS_I_O)
                                                      0.096     0.096 r  ecc_soc_bd_i/versal_cips_0/inst/pspmc_0/inst/buffer_pl_clk_0.PL_CLK_0_BUFG/O
    X1Y1 (CLOCK_ROOT)    net (fo=3776, routed)        1.310     1.406    ecc_soc_bd_i/smartconnect_0/inst/s00_nodes/s00_r_node/inst/s_sc_xpm_cdc_async_rst_inst/dest_clk
    SLICE_X57Y21         FDCE                                         r  ecc_soc_bd_i/smartconnect_0/inst/s00_nodes/s00_r_node/inst/s_sc_xpm_cdc_async_rst_inst/arststages_ff_reg[2]/C

Slack:                    inf
  Source:                 ecc_soc_bd_i/smartconnect_0/inst/clk_map/psr_aclk/U0/ACTIVE_LOW_BSR_OUT_DFF[0].FDRE_BSR_N/C
                            (rising edge-triggered cell FDRE clocked by clk_pl_0  {rise@0.000ns fall@12.500ns period=25.000ns})
  Destination:            ecc_soc_bd_i/smartconnect_0/inst/s00_nodes/s00_aw_node/inst/s_sc_xpm_cdc_async_rst_inst/arststages_ff_reg[0]/CLR
                            (removal check against rising-edge clock clk_pl_0  {rise@0.000ns fall@12.500ns period=25.000ns})
  Path Group:             (none)
  Path Type:              Removal (Min at Fast Process Corner)
  Data Path Delay:        0.307ns  (logic 0.057ns (18.577%)  route 0.250ns (81.423%))
  Logic Levels:           0  
  Clock Path Skew:        0.200ns (DCD - SCD - CPR)
    Destination Clock Delay (DCD):    1.423ns
    Source Clock Delay      (SCD):    1.222ns
    Clock Pessimism Removal (CPR):    -0.000ns
  Clock Uncertainty:      0.126ns  (CJ)/2 + PE + PJ
    Clock Jitter             (CJ):    0.252ns
    Phase Error              (PE):    0.000ns
    Phase Jitter             (PJ):    0.000ns
  Clock Net Delay (Source):      1.170ns (routing 0.165ns, distribution 1.005ns)
  Clock Net Delay (Destination): 1.327ns (routing 0.187ns, distribution 1.140ns)
  Timing Exception:       False Path

    Location             Delay type                Incr(ns)  Path(ns)    Netlist Resource(s)
  -------------------------------------------------------------------    -------------------
                         (clock clk_pl_0 rise edge)
                                                      0.000     0.000 r  
    PS9_X0Y0             PS9                          0.000     0.000 r  ecc_soc_bd_i/versal_cips_0/inst/pspmc_0/inst/PS9_inst/PMCRCLKCLK[0]
                         net (fo=1, routed)           0.000     0.000    ecc_soc_bd_i/versal_cips_0/inst/pspmc_0/inst/pmc_pl_ref_clk[0]
    BUFG_PS_X0Y6         BUFG_PS (Prop_BUFG_PS_I_O)
                                                      0.052     0.052 r  ecc_soc_bd_i/versal_cips_0/inst/pspmc_0/inst/buffer_pl_clk_0.PL_CLK_0_BUFG/O
    X1Y1 (CLOCK_ROOT)    net (fo=3776, routed)        1.170     1.222    ecc_soc_bd_i/smartconnect_0/inst/clk_map/psr_aclk/U0/aclk
    SLICE_X56Y20         FDRE                                         r  ecc_soc_bd_i/smartconnect_0/inst/clk_map/psr_aclk/U0/ACTIVE_LOW_BSR_OUT_DFF[0].FDRE_BSR_N/C
  -------------------------------------------------------------------    -------------------
    SLICE_X56Y20         FDRE (Prop_CFF_SLICEL_C_Q)
                                                      0.057     1.279 r  ecc_soc_bd_i/smartconnect_0/inst/clk_map/psr_aclk/U0/ACTIVE_LOW_BSR_OUT_DFF[0].FDRE_BSR_N/Q
                         net (fo=27, routed)          0.250     1.529    ecc_soc_bd_i/smartconnect_0/inst/s00_nodes/s00_aw_node/inst/s_sc_xpm_cdc_async_rst_inst/src_arst
    SLICE_X58Y23         FDCE                                         f  ecc_soc_bd_i/smartconnect_0/inst/s00_nodes/s00_aw_node/inst/s_sc_xpm_cdc_async_rst_inst/arststages_ff_reg[0]/CLR  (IS_INVERTED)
  -------------------------------------------------------------------    -------------------

                         (clock clk_pl_0 rise edge)
                                                      0.000     0.000 r  
    PS9_X0Y0             PS9                          0.000     0.000 r  ecc_soc_bd_i/versal_cips_0/inst/pspmc_0/inst/PS9_inst/PMCRCLKCLK[0]
                         net (fo=1, routed)           0.000     0.000    ecc_soc_bd_i/versal_cips_0/inst/pspmc_0/inst/pmc_pl_ref_clk[0]
    BUFG_PS_X0Y6         BUFG_PS (Prop_BUFG_PS_I_O)
                                                      0.096     0.096 r  ecc_soc_bd_i/versal_cips_0/inst/pspmc_0/inst/buffer_pl_clk_0.PL_CLK_0_BUFG/O
    X1Y1 (CLOCK_ROOT)    net (fo=3776, routed)        1.327     1.423    ecc_soc_bd_i/smartconnect_0/inst/s00_nodes/s00_aw_node/inst/s_sc_xpm_cdc_async_rst_inst/dest_clk
    SLICE_X58Y23         FDCE                                         r  ecc_soc_bd_i/smartconnect_0/inst/s00_nodes/s00_aw_node/inst/s_sc_xpm_cdc_async_rst_inst/arststages_ff_reg[0]/C

Slack:                    inf
  Source:                 ecc_soc_bd_i/smartconnect_0/inst/clk_map/psr_aclk/U0/ACTIVE_LOW_BSR_OUT_DFF[0].FDRE_BSR_N/C
                            (rising edge-triggered cell FDRE clocked by clk_pl_0  {rise@0.000ns fall@12.500ns period=25.000ns})
  Destination:            ecc_soc_bd_i/smartconnect_0/inst/s00_nodes/s00_aw_node/inst/s_sc_xpm_cdc_async_rst_inst/arststages_ff_reg[1]/CLR
                            (removal check against rising-edge clock clk_pl_0  {rise@0.000ns fall@12.500ns period=25.000ns})
  Path Group:             (none)
  Path Type:              Removal (Min at Fast Process Corner)
  Data Path Delay:        0.307ns  (logic 0.057ns (18.577%)  route 0.250ns (81.423%))
  Logic Levels:           0  
  Clock Path Skew:        0.200ns (DCD - SCD - CPR)
    Destination Clock Delay (DCD):    1.423ns
    Source Clock Delay      (SCD):    1.222ns
    Clock Pessimism Removal (CPR):    -0.000ns
  Clock Uncertainty:      0.126ns  (CJ)/2 + PE + PJ
    Clock Jitter             (CJ):    0.252ns
    Phase Error              (PE):    0.000ns
    Phase Jitter             (PJ):    0.000ns
  Clock Net Delay (Source):      1.170ns (routing 0.165ns, distribution 1.005ns)
  Clock Net Delay (Destination): 1.327ns (routing 0.187ns, distribution 1.140ns)
  Timing Exception:       False Path

    Location             Delay type                Incr(ns)  Path(ns)    Netlist Resource(s)
  -------------------------------------------------------------------    -------------------
                         (clock clk_pl_0 rise edge)
                                                      0.000     0.000 r  
    PS9_X0Y0             PS9                          0.000     0.000 r  ecc_soc_bd_i/versal_cips_0/inst/pspmc_0/inst/PS9_inst/PMCRCLKCLK[0]
                         net (fo=1, routed)           0.000     0.000    ecc_soc_bd_i/versal_cips_0/inst/pspmc_0/inst/pmc_pl_ref_clk[0]
    BUFG_PS_X0Y6         BUFG_PS (Prop_BUFG_PS_I_O)
                                                      0.052     0.052 r  ecc_soc_bd_i/versal_cips_0/inst/pspmc_0/inst/buffer_pl_clk_0.PL_CLK_0_BUFG/O
    X1Y1 (CLOCK_ROOT)    net (fo=3776, routed)        1.170     1.222    ecc_soc_bd_i/smartconnect_0/inst/clk_map/psr_aclk/U0/aclk
    SLICE_X56Y20         FDRE                                         r  ecc_soc_bd_i/smartconnect_0/inst/clk_map/psr_aclk/U0/ACTIVE_LOW_BSR_OUT_DFF[0].FDRE_BSR_N/C
  -------------------------------------------------------------------    -------------------
    SLICE_X56Y20         FDRE (Prop_CFF_SLICEL_C_Q)
                                                      0.057     1.279 r  ecc_soc_bd_i/smartconnect_0/inst/clk_map/psr_aclk/U0/ACTIVE_LOW_BSR_OUT_DFF[0].FDRE_BSR_N/Q
                         net (fo=27, routed)          0.250     1.529    ecc_soc_bd_i/smartconnect_0/inst/s00_nodes/s00_aw_node/inst/s_sc_xpm_cdc_async_rst_inst/src_arst
    SLICE_X58Y23         FDCE                                         f  ecc_soc_bd_i/smartconnect_0/inst/s00_nodes/s00_aw_node/inst/s_sc_xpm_cdc_async_rst_inst/arststages_ff_reg[1]/CLR  (IS_INVERTED)
  -------------------------------------------------------------------    -------------------

                         (clock clk_pl_0 rise edge)
                                                      0.000     0.000 r  
    PS9_X0Y0             PS9                          0.000     0.000 r  ecc_soc_bd_i/versal_cips_0/inst/pspmc_0/inst/PS9_inst/PMCRCLKCLK[0]
                         net (fo=1, routed)           0.000     0.000    ecc_soc_bd_i/versal_cips_0/inst/pspmc_0/inst/pmc_pl_ref_clk[0]
    BUFG_PS_X0Y6         BUFG_PS (Prop_BUFG_PS_I_O)
                                                      0.096     0.096 r  ecc_soc_bd_i/versal_cips_0/inst/pspmc_0/inst/buffer_pl_clk_0.PL_CLK_0_BUFG/O
    X1Y1 (CLOCK_ROOT)    net (fo=3776, routed)        1.327     1.423    ecc_soc_bd_i/smartconnect_0/inst/s00_nodes/s00_aw_node/inst/s_sc_xpm_cdc_async_rst_inst/dest_clk
    SLICE_X58Y23         FDCE                                         r  ecc_soc_bd_i/smartconnect_0/inst/s00_nodes/s00_aw_node/inst/s_sc_xpm_cdc_async_rst_inst/arststages_ff_reg[1]/C

Slack:                    inf
  Source:                 ecc_soc_bd_i/smartconnect_0/inst/clk_map/psr_aclk/U0/ACTIVE_LOW_BSR_OUT_DFF[0].FDRE_BSR_N/C
                            (rising edge-triggered cell FDRE clocked by clk_pl_0  {rise@0.000ns fall@12.500ns period=25.000ns})
  Destination:            ecc_soc_bd_i/smartconnect_0/inst/s00_nodes/s00_aw_node/inst/s_sc_xpm_cdc_async_rst_inst/arststages_ff_reg[2]/CLR
                            (removal check against rising-edge clock clk_pl_0  {rise@0.000ns fall@12.500ns period=25.000ns})
  Path Group:             (none)
  Path Type:              Removal (Min at Fast Process Corner)
  Data Path Delay:        0.307ns  (logic 0.057ns (18.577%)  route 0.250ns (81.423%))
  Logic Levels:           0  
  Clock Path Skew:        0.200ns (DCD - SCD - CPR)
    Destination Clock Delay (DCD):    1.423ns
    Source Clock Delay      (SCD):    1.222ns
    Clock Pessimism Removal (CPR):    -0.000ns
  Clock Uncertainty:      0.126ns  (CJ)/2 + PE + PJ
    Clock Jitter             (CJ):    0.252ns
    Phase Error              (PE):    0.000ns
    Phase Jitter             (PJ):    0.000ns
  Clock Net Delay (Source):      1.170ns (routing 0.165ns, distribution 1.005ns)
  Clock Net Delay (Destination): 1.327ns (routing 0.187ns, distribution 1.140ns)
  Timing Exception:       False Path

    Location             Delay type                Incr(ns)  Path(ns)    Netlist Resource(s)
  -------------------------------------------------------------------    -------------------
                         (clock clk_pl_0 rise edge)
                                                      0.000     0.000 r  
    PS9_X0Y0             PS9                          0.000     0.000 r  ecc_soc_bd_i/versal_cips_0/inst/pspmc_0/inst/PS9_inst/PMCRCLKCLK[0]
                         net (fo=1, routed)           0.000     0.000    ecc_soc_bd_i/versal_cips_0/inst/pspmc_0/inst/pmc_pl_ref_clk[0]
    BUFG_PS_X0Y6         BUFG_PS (Prop_BUFG_PS_I_O)
                                                      0.052     0.052 r  ecc_soc_bd_i/versal_cips_0/inst/pspmc_0/inst/buffer_pl_clk_0.PL_CLK_0_BUFG/O
    X1Y1 (CLOCK_ROOT)    net (fo=3776, routed)        1.170     1.222    ecc_soc_bd_i/smartconnect_0/inst/clk_map/psr_aclk/U0/aclk
    SLICE_X56Y20         FDRE                                         r  ecc_soc_bd_i/smartconnect_0/inst/clk_map/psr_aclk/U0/ACTIVE_LOW_BSR_OUT_DFF[0].FDRE_BSR_N/C
  -------------------------------------------------------------------    -------------------
    SLICE_X56Y20         FDRE (Prop_CFF_SLICEL_C_Q)
                                                      0.057     1.279 r  ecc_soc_bd_i/smartconnect_0/inst/clk_map/psr_aclk/U0/ACTIVE_LOW_BSR_OUT_DFF[0].FDRE_BSR_N/Q
                         net (fo=27, routed)          0.250     1.529    ecc_soc_bd_i/smartconnect_0/inst/s00_nodes/s00_aw_node/inst/s_sc_xpm_cdc_async_rst_inst/src_arst
    SLICE_X58Y23         FDCE                                         f  ecc_soc_bd_i/smartconnect_0/inst/s00_nodes/s00_aw_node/inst/s_sc_xpm_cdc_async_rst_inst/arststages_ff_reg[2]/CLR  (IS_INVERTED)
  -------------------------------------------------------------------    -------------------

                         (clock clk_pl_0 rise edge)
                                                      0.000     0.000 r  
    PS9_X0Y0             PS9                          0.000     0.000 r  ecc_soc_bd_i/versal_cips_0/inst/pspmc_0/inst/PS9_inst/PMCRCLKCLK[0]
                         net (fo=1, routed)           0.000     0.000    ecc_soc_bd_i/versal_cips_0/inst/pspmc_0/inst/pmc_pl_ref_clk[0]
    BUFG_PS_X0Y6         BUFG_PS (Prop_BUFG_PS_I_O)
                                                      0.096     0.096 r  ecc_soc_bd_i/versal_cips_0/inst/pspmc_0/inst/buffer_pl_clk_0.PL_CLK_0_BUFG/O
    X1Y1 (CLOCK_ROOT)    net (fo=3776, routed)        1.327     1.423    ecc_soc_bd_i/smartconnect_0/inst/s00_nodes/s00_aw_node/inst/s_sc_xpm_cdc_async_rst_inst/dest_clk
    SLICE_X58Y23         FDCE                                         r  ecc_soc_bd_i/smartconnect_0/inst/s00_nodes/s00_aw_node/inst/s_sc_xpm_cdc_async_rst_inst/arststages_ff_reg[2]/C

Slack:                    inf
  Source:                 ecc_soc_bd_i/smartconnect_0/inst/clk_map/psr_aclk/U0/ACTIVE_LOW_BSR_OUT_DFF[0].FDRE_BSR_N/C
                            (rising edge-triggered cell FDRE clocked by clk_pl_0  {rise@0.000ns fall@12.500ns period=25.000ns})
  Destination:            ecc_soc_bd_i/smartconnect_0/inst/s00_nodes/s00_b_node/inst/s_sc_xpm_cdc_async_rst_inst/arststages_ff_reg[0]/CLR
                            (removal check against rising-edge clock clk_pl_0  {rise@0.000ns fall@12.500ns period=25.000ns})
  Path Group:             (none)
  Path Type:              Removal (Min at Fast Process Corner)
  Data Path Delay:        0.307ns  (logic 0.057ns (18.577%)  route 0.250ns (81.423%))
  Logic Levels:           0  
  Clock Path Skew:        0.200ns (DCD - SCD - CPR)
    Destination Clock Delay (DCD):    1.423ns
    Source Clock Delay      (SCD):    1.222ns
    Clock Pessimism Removal (CPR):    -0.000ns
  Clock Uncertainty:      0.126ns  (CJ)/2 + PE + PJ
    Clock Jitter             (CJ):    0.252ns
    Phase Error              (PE):    0.000ns
    Phase Jitter             (PJ):    0.000ns
  Clock Net Delay (Source):      1.170ns (routing 0.165ns, distribution 1.005ns)
  Clock Net Delay (Destination): 1.327ns (routing 0.187ns, distribution 1.140ns)
  Timing Exception:       False Path

    Location             Delay type                Incr(ns)  Path(ns)    Netlist Resource(s)
  -------------------------------------------------------------------    -------------------
                         (clock clk_pl_0 rise edge)
                                                      0.000     0.000 r  
    PS9_X0Y0             PS9                          0.000     0.000 r  ecc_soc_bd_i/versal_cips_0/inst/pspmc_0/inst/PS9_inst/PMCRCLKCLK[0]
                         net (fo=1, routed)           0.000     0.000    ecc_soc_bd_i/versal_cips_0/inst/pspmc_0/inst/pmc_pl_ref_clk[0]
    BUFG_PS_X0Y6         BUFG_PS (Prop_BUFG_PS_I_O)
                                                      0.052     0.052 r  ecc_soc_bd_i/versal_cips_0/inst/pspmc_0/inst/buffer_pl_clk_0.PL_CLK_0_BUFG/O
    X1Y1 (CLOCK_ROOT)    net (fo=3776, routed)        1.170     1.222    ecc_soc_bd_i/smartconnect_0/inst/clk_map/psr_aclk/U0/aclk
    SLICE_X56Y20         FDRE                                         r  ecc_soc_bd_i/smartconnect_0/inst/clk_map/psr_aclk/U0/ACTIVE_LOW_BSR_OUT_DFF[0].FDRE_BSR_N/C
  -------------------------------------------------------------------    -------------------
    SLICE_X56Y20         FDRE (Prop_CFF_SLICEL_C_Q)
                                                      0.057     1.279 r  ecc_soc_bd_i/smartconnect_0/inst/clk_map/psr_aclk/U0/ACTIVE_LOW_BSR_OUT_DFF[0].FDRE_BSR_N/Q
                         net (fo=27, routed)          0.250     1.529    ecc_soc_bd_i/smartconnect_0/inst/s00_nodes/s00_b_node/inst/s_sc_xpm_cdc_async_rst_inst/src_arst
    SLICE_X58Y23         FDCE                                         f  ecc_soc_bd_i/smartconnect_0/inst/s00_nodes/s00_b_node/inst/s_sc_xpm_cdc_async_rst_inst/arststages_ff_reg[0]/CLR  (IS_INVERTED)
  -------------------------------------------------------------------    -------------------

                         (clock clk_pl_0 rise edge)
                                                      0.000     0.000 r  
    PS9_X0Y0             PS9                          0.000     0.000 r  ecc_soc_bd_i/versal_cips_0/inst/pspmc_0/inst/PS9_inst/PMCRCLKCLK[0]
                         net (fo=1, routed)           0.000     0.000    ecc_soc_bd_i/versal_cips_0/inst/pspmc_0/inst/pmc_pl_ref_clk[0]
    BUFG_PS_X0Y6         BUFG_PS (Prop_BUFG_PS_I_O)
                                                      0.096     0.096 r  ecc_soc_bd_i/versal_cips_0/inst/pspmc_0/inst/buffer_pl_clk_0.PL_CLK_0_BUFG/O
    X1Y1 (CLOCK_ROOT)    net (fo=3776, routed)        1.327     1.423    ecc_soc_bd_i/smartconnect_0/inst/s00_nodes/s00_b_node/inst/s_sc_xpm_cdc_async_rst_inst/dest_clk
    SLICE_X58Y23         FDCE                                         r  ecc_soc_bd_i/smartconnect_0/inst/s00_nodes/s00_b_node/inst/s_sc_xpm_cdc_async_rst_inst/arststages_ff_reg[0]/C





--------------------------------------------------------------------------------------
Path Group:  (none)
From Clock:  
  To Clock:  bank1_xpll0_fifo_rd_clk

Max Delay            21 Endpoints
Min Delay            21 Endpoints
--------------------------------------------------------------------------------------


Max Delay Paths
--------------------------------------------------------------------------------------
Slack:                    inf
  Source:                 ecc_soc_bd_i/axi_noc_0/inst/MC0_ddrc/inst/noc_ddr4_phy/inst/u_ddrmc_main/DMC2PHY_FIFO_RDEN[0]
                            (internal pin)
  Destination:            ecc_soc_bd_i/axi_noc_0/inst/MC0_ddrc/inst/noc_ddr4_phy/inst/BANK_WRAPPER_INST0/NIBBLE[0].UNISIM.I_XPHY/FIFO_RDEN
                            (rising edge-triggered cell XPHY clocked by bank1_xpll0_fifo_rd_clk  {rise@0.000ns fall@0.625ns period=1.250ns})
  Path Group:             (none)
  Path Type:              Setup (Max at Slow Process Corner)
  Data Path Delay:        0.000ns  (logic 0.000ns (0.000%)  route 0.000ns (0.000%))
  Logic Levels:           0  
  Clock Uncertainty:      0.686ns  (CJ)/2 + PE + PJ
    Clock Jitter             (CJ):    0.852ns
    Phase Error              (PE):    0.120ns
    Phase Jitter             (PJ):    0.140ns

    Location             Delay type                Incr(ns)  Path(ns)    Netlist Resource(s)
  -------------------------------------------------------------------    -------------------
    DDRMC_X0Y0           DDRMC                        0.000     0.000 r  ecc_soc_bd_i/axi_noc_0/inst/MC0_ddrc/inst/noc_ddr4_phy/inst/u_ddrmc_main/DMC2PHY_FIFO_RDEN[0]
                         net (fo=1, routed)           0.000     0.000    ecc_soc_bd_i/axi_noc_0/inst/MC0_ddrc/inst/noc_ddr4_phy/inst/BANK_WRAPPER_INST0/FIFO_RDEN[0]
    XPHY_X0Y0            XPHY                                         r  ecc_soc_bd_i/axi_noc_0/inst/MC0_ddrc/inst/noc_ddr4_phy/inst/BANK_WRAPPER_INST0/NIBBLE[0].UNISIM.I_XPHY/FIFO_RDEN
  -------------------------------------------------------------------    -------------------

                         (clock bank1_xpll0_fifo_rd_clk rise edge)
                                                      0.000     0.000 r  
    IOB_X14Y0                                         0.000     0.000 r  ddr4_bank0_sys_clk_clk_p (IN)
                         net (fo=0)                   0.000     0.000    ecc_soc_bd_i/axi_noc_0/inst/MC0_ddrc/inst/noc_ddr4_phy/inst/sys_clk_p
    IOB_X14Y0            IBUFDS (Prop_DIFFRXTX_XPIOB_I_O)
                                                      0.303     0.303 r  ecc_soc_bd_i/axi_noc_0/inst/MC0_ddrc/inst/noc_ddr4_phy/inst/u_SYS_CLK_O/O
                         net (fo=1, routed)           0.237     0.540    ecc_soc_bd_i/axi_noc_0/inst/MC0_ddrc/inst/noc_ddr4_phy/inst/sys_clk_O
    XPLL_X2Y0            XPLL (Prop_XPLL_CLKIN_CLKOUT2)
                                                      0.431     0.971 r  ecc_soc_bd_i/axi_noc_0/inst/MC0_ddrc/inst/noc_ddr4_phy/inst/u_xpll0_bank1/CLKOUT2
                         net (fo=21, routed)          0.123     1.094    ecc_soc_bd_i/axi_noc_0/inst/MC0_ddrc/inst/noc_ddr4_phy/inst/BANK_WRAPPER_INST0/bank1_xpll0_fifo_rd_clk
    XPHY_X0Y0            XPHY                                         r  ecc_soc_bd_i/axi_noc_0/inst/MC0_ddrc/inst/noc_ddr4_phy/inst/BANK_WRAPPER_INST0/NIBBLE[0].UNISIM.I_XPHY/FIFO_RD_CLK

Slack:                    inf
  Source:                 ecc_soc_bd_i/axi_noc_0/inst/MC0_ddrc/inst/noc_ddr4_phy/inst/u_ddrmc_main/DMC2PHY_FIFO_RDEN[1]
                            (internal pin)
  Destination:            ecc_soc_bd_i/axi_noc_0/inst/MC0_ddrc/inst/noc_ddr4_phy/inst/BANK_WRAPPER_INST0/NIBBLE[1].UNISIM.I_XPHY/FIFO_RDEN
                            (rising edge-triggered cell XPHY clocked by bank1_xpll0_fifo_rd_clk  {rise@0.000ns fall@0.625ns period=1.250ns})
  Path Group:             (none)
  Path Type:              Setup (Max at Slow Process Corner)
  Data Path Delay:        0.000ns  (logic 0.000ns (0.000%)  route 0.000ns (0.000%))
  Logic Levels:           0  
  Clock Uncertainty:      0.686ns  (CJ)/2 + PE + PJ
    Clock Jitter             (CJ):    0.852ns
    Phase Error              (PE):    0.120ns
    Phase Jitter             (PJ):    0.140ns

    Location             Delay type                Incr(ns)  Path(ns)    Netlist Resource(s)
  -------------------------------------------------------------------    -------------------
    DDRMC_X0Y0           DDRMC                        0.000     0.000 r  ecc_soc_bd_i/axi_noc_0/inst/MC0_ddrc/inst/noc_ddr4_phy/inst/u_ddrmc_main/DMC2PHY_FIFO_RDEN[1]
                         net (fo=1, routed)           0.000     0.000    ecc_soc_bd_i/axi_noc_0/inst/MC0_ddrc/inst/noc_ddr4_phy/inst/BANK_WRAPPER_INST0/FIFO_RDEN[1]
    XPHY_X1Y0            XPHY                                         r  ecc_soc_bd_i/axi_noc_0/inst/MC0_ddrc/inst/noc_ddr4_phy/inst/BANK_WRAPPER_INST0/NIBBLE[1].UNISIM.I_XPHY/FIFO_RDEN
  -------------------------------------------------------------------    -------------------

                         (clock bank1_xpll0_fifo_rd_clk rise edge)
                                                      0.000     0.000 r  
    IOB_X14Y0                                         0.000     0.000 r  ddr4_bank0_sys_clk_clk_p (IN)
                         net (fo=0)                   0.000     0.000    ecc_soc_bd_i/axi_noc_0/inst/MC0_ddrc/inst/noc_ddr4_phy/inst/sys_clk_p
    IOB_X14Y0            IBUFDS (Prop_DIFFRXTX_XPIOB_I_O)
                                                      0.303     0.303 r  ecc_soc_bd_i/axi_noc_0/inst/MC0_ddrc/inst/noc_ddr4_phy/inst/u_SYS_CLK_O/O
                         net (fo=1, routed)           0.237     0.540    ecc_soc_bd_i/axi_noc_0/inst/MC0_ddrc/inst/noc_ddr4_phy/inst/sys_clk_O
    XPLL_X2Y0            XPLL (Prop_XPLL_CLKIN_CLKOUT2)
                                                      0.431     0.971 r  ecc_soc_bd_i/axi_noc_0/inst/MC0_ddrc/inst/noc_ddr4_phy/inst/u_xpll0_bank1/CLKOUT2
                         net (fo=21, routed)          0.123     1.094    ecc_soc_bd_i/axi_noc_0/inst/MC0_ddrc/inst/noc_ddr4_phy/inst/BANK_WRAPPER_INST0/bank1_xpll0_fifo_rd_clk
    XPHY_X1Y0            XPHY                                         r  ecc_soc_bd_i/axi_noc_0/inst/MC0_ddrc/inst/noc_ddr4_phy/inst/BANK_WRAPPER_INST0/NIBBLE[1].UNISIM.I_XPHY/FIFO_RD_CLK

Slack:                    inf
  Source:                 ecc_soc_bd_i/axi_noc_0/inst/MC0_ddrc/inst/noc_ddr4_phy/inst/u_ddrmc_main/DMC2PHY_FIFO_RDEN[2]
                            (internal pin)
  Destination:            ecc_soc_bd_i/axi_noc_0/inst/MC0_ddrc/inst/noc_ddr4_phy/inst/BANK_WRAPPER_INST0/NIBBLE[2].UNISIM.I_XPHY/FIFO_RDEN
                            (rising edge-triggered cell XPHY clocked by bank1_xpll0_fifo_rd_clk  {rise@0.000ns fall@0.625ns period=1.250ns})
  Path Group:             (none)
  Path Type:              Setup (Max at Slow Process Corner)
  Data Path Delay:        0.000ns  (logic 0.000ns (0.000%)  route 0.000ns (0.000%))
  Logic Levels:           0  
  Clock Uncertainty:      0.686ns  (CJ)/2 + PE + PJ
    Clock Jitter             (CJ):    0.852ns
    Phase Error              (PE):    0.120ns
    Phase Jitter             (PJ):    0.140ns

    Location             Delay type                Incr(ns)  Path(ns)    Netlist Resource(s)
  -------------------------------------------------------------------    -------------------
    DDRMC_X0Y0           DDRMC                        0.000     0.000 r  ecc_soc_bd_i/axi_noc_0/inst/MC0_ddrc/inst/noc_ddr4_phy/inst/u_ddrmc_main/DMC2PHY_FIFO_RDEN[2]
                         net (fo=1, routed)           0.000     0.000    ecc_soc_bd_i/axi_noc_0/inst/MC0_ddrc/inst/noc_ddr4_phy/inst/BANK_WRAPPER_INST0/FIFO_RDEN[2]
    XPHY_X2Y0            XPHY                                         r  ecc_soc_bd_i/axi_noc_0/inst/MC0_ddrc/inst/noc_ddr4_phy/inst/BANK_WRAPPER_INST0/NIBBLE[2].UNISIM.I_XPHY/FIFO_RDEN
  -------------------------------------------------------------------    -------------------

                         (clock bank1_xpll0_fifo_rd_clk rise edge)
                                                      0.000     0.000 r  
    IOB_X14Y0                                         0.000     0.000 r  ddr4_bank0_sys_clk_clk_p (IN)
                         net (fo=0)                   0.000     0.000    ecc_soc_bd_i/axi_noc_0/inst/MC0_ddrc/inst/noc_ddr4_phy/inst/sys_clk_p
    IOB_X14Y0            IBUFDS (Prop_DIFFRXTX_XPIOB_I_O)
                                                      0.303     0.303 r  ecc_soc_bd_i/axi_noc_0/inst/MC0_ddrc/inst/noc_ddr4_phy/inst/u_SYS_CLK_O/O
                         net (fo=1, routed)           0.237     0.540    ecc_soc_bd_i/axi_noc_0/inst/MC0_ddrc/inst/noc_ddr4_phy/inst/sys_clk_O
    XPLL_X2Y0            XPLL (Prop_XPLL_CLKIN_CLKOUT2)
                                                      0.431     0.971 r  ecc_soc_bd_i/axi_noc_0/inst/MC0_ddrc/inst/noc_ddr4_phy/inst/u_xpll0_bank1/CLKOUT2
                         net (fo=21, routed)          0.122     1.093    ecc_soc_bd_i/axi_noc_0/inst/MC0_ddrc/inst/noc_ddr4_phy/inst/BANK_WRAPPER_INST0/bank1_xpll0_fifo_rd_clk
    XPHY_X2Y0            XPHY                                         r  ecc_soc_bd_i/axi_noc_0/inst/MC0_ddrc/inst/noc_ddr4_phy/inst/BANK_WRAPPER_INST0/NIBBLE[2].UNISIM.I_XPHY/FIFO_RD_CLK

Slack:                    inf
  Source:                 ecc_soc_bd_i/axi_noc_0/inst/MC0_ddrc/inst/noc_ddr4_phy/inst/u_ddrmc_main/DMC2PHY_FIFO_RDEN[3]
                            (internal pin)
  Destination:            ecc_soc_bd_i/axi_noc_0/inst/MC0_ddrc/inst/noc_ddr4_phy/inst/BANK_WRAPPER_INST0/NIBBLE[3].UNISIM.I_XPHY/FIFO_RDEN
                            (rising edge-triggered cell XPHY clocked by bank1_xpll0_fifo_rd_clk  {rise@0.000ns fall@0.625ns period=1.250ns})
  Path Group:             (none)
  Path Type:              Setup (Max at Slow Process Corner)
  Data Path Delay:        0.000ns  (logic 0.000ns (0.000%)  route 0.000ns (0.000%))
  Logic Levels:           0  
  Clock Uncertainty:      0.686ns  (CJ)/2 + PE + PJ
    Clock Jitter             (CJ):    0.852ns
    Phase Error              (PE):    0.120ns
    Phase Jitter             (PJ):    0.140ns

    Location             Delay type                Incr(ns)  Path(ns)    Netlist Resource(s)
  -------------------------------------------------------------------    -------------------
    DDRMC_X0Y0           DDRMC                        0.000     0.000 r  ecc_soc_bd_i/axi_noc_0/inst/MC0_ddrc/inst/noc_ddr4_phy/inst/u_ddrmc_main/DMC2PHY_FIFO_RDEN[3]
                         net (fo=1, routed)           0.000     0.000    ecc_soc_bd_i/axi_noc_0/inst/MC0_ddrc/inst/noc_ddr4_phy/inst/BANK_WRAPPER_INST0/FIFO_RDEN[3]
    XPHY_X3Y0            XPHY                                         r  ecc_soc_bd_i/axi_noc_0/inst/MC0_ddrc/inst/noc_ddr4_phy/inst/BANK_WRAPPER_INST0/NIBBLE[3].UNISIM.I_XPHY/FIFO_RDEN
  -------------------------------------------------------------------    -------------------

                         (clock bank1_xpll0_fifo_rd_clk rise edge)
                                                      0.000     0.000 r  
    IOB_X14Y0                                         0.000     0.000 r  ddr4_bank0_sys_clk_clk_p (IN)
                         net (fo=0)                   0.000     0.000    ecc_soc_bd_i/axi_noc_0/inst/MC0_ddrc/inst/noc_ddr4_phy/inst/sys_clk_p
    IOB_X14Y0            IBUFDS (Prop_DIFFRXTX_XPIOB_I_O)
                                                      0.303     0.303 r  ecc_soc_bd_i/axi_noc_0/inst/MC0_ddrc/inst/noc_ddr4_phy/inst/u_SYS_CLK_O/O
                         net (fo=1, routed)           0.237     0.540    ecc_soc_bd_i/axi_noc_0/inst/MC0_ddrc/inst/noc_ddr4_phy/inst/sys_clk_O
    XPLL_X2Y0            XPLL (Prop_XPLL_CLKIN_CLKOUT2)
                                                      0.431     0.971 r  ecc_soc_bd_i/axi_noc_0/inst/MC0_ddrc/inst/noc_ddr4_phy/inst/u_xpll0_bank1/CLKOUT2
                         net (fo=21, routed)          0.122     1.093    ecc_soc_bd_i/axi_noc_0/inst/MC0_ddrc/inst/noc_ddr4_phy/inst/BANK_WRAPPER_INST0/bank1_xpll0_fifo_rd_clk
    XPHY_X3Y0            XPHY                                         r  ecc_soc_bd_i/axi_noc_0/inst/MC0_ddrc/inst/noc_ddr4_phy/inst/BANK_WRAPPER_INST0/NIBBLE[3].UNISIM.I_XPHY/FIFO_RD_CLK

Slack:                    inf
  Source:                 ecc_soc_bd_i/axi_noc_0/inst/MC0_ddrc/inst/noc_ddr4_phy/inst/u_ddrmc_main/DMC2PHY_FIFO_RDEN[4]
                            (internal pin)
  Destination:            ecc_soc_bd_i/axi_noc_0/inst/MC0_ddrc/inst/noc_ddr4_phy/inst/BANK_WRAPPER_INST0/NIBBLE[4].UNISIM.I_XPHY/FIFO_RDEN
                            (rising edge-triggered cell XPHY clocked by bank1_xpll0_fifo_rd_clk  {rise@0.000ns fall@0.625ns period=1.250ns})
  Path Group:             (none)
  Path Type:              Setup (Max at Slow Process Corner)
  Data Path Delay:        0.000ns  (logic 0.000ns (0.000%)  route 0.000ns (0.000%))
  Logic Levels:           0  
  Clock Uncertainty:      0.686ns  (CJ)/2 + PE + PJ
    Clock Jitter             (CJ):    0.852ns
    Phase Error              (PE):    0.120ns
    Phase Jitter             (PJ):    0.140ns

    Location             Delay type                Incr(ns)  Path(ns)    Netlist Resource(s)
  -------------------------------------------------------------------    -------------------
    DDRMC_X0Y0           DDRMC                        0.000     0.000 r  ecc_soc_bd_i/axi_noc_0/inst/MC0_ddrc/inst/noc_ddr4_phy/inst/u_ddrmc_main/DMC2PHY_FIFO_RDEN[4]
                         net (fo=1, routed)           0.000     0.000    ecc_soc_bd_i/axi_noc_0/inst/MC0_ddrc/inst/noc_ddr4_phy/inst/BANK_WRAPPER_INST0/FIFO_RDEN[4]
    XPHY_X5Y0            XPHY                                         r  ecc_soc_bd_i/axi_noc_0/inst/MC0_ddrc/inst/noc_ddr4_phy/inst/BANK_WRAPPER_INST0/NIBBLE[4].UNISIM.I_XPHY/FIFO_RDEN
  -------------------------------------------------------------------    -------------------

                         (clock bank1_xpll0_fifo_rd_clk rise edge)
                                                      0.000     0.000 r  
    IOB_X14Y0                                         0.000     0.000 r  ddr4_bank0_sys_clk_clk_p (IN)
                         net (fo=0)                   0.000     0.000    ecc_soc_bd_i/axi_noc_0/inst/MC0_ddrc/inst/noc_ddr4_phy/inst/sys_clk_p
    IOB_X14Y0            IBUFDS (Prop_DIFFRXTX_XPIOB_I_O)
                                                      0.303     0.303 r  ecc_soc_bd_i/axi_noc_0/inst/MC0_ddrc/inst/noc_ddr4_phy/inst/u_SYS_CLK_O/O
                         net (fo=1, routed)           0.237     0.540    ecc_soc_bd_i/axi_noc_0/inst/MC0_ddrc/inst/noc_ddr4_phy/inst/sys_clk_O
    XPLL_X2Y0            XPLL (Prop_XPLL_CLKIN_CLKOUT2)
                                                      0.431     0.971 r  ecc_soc_bd_i/axi_noc_0/inst/MC0_ddrc/inst/noc_ddr4_phy/inst/u_xpll0_bank1/CLKOUT2
                         net (fo=21, routed)          0.124     1.095    ecc_soc_bd_i/axi_noc_0/inst/MC0_ddrc/inst/noc_ddr4_phy/inst/BANK_WRAPPER_INST0/bank1_xpll0_fifo_rd_clk
    XPHY_X5Y0            XPHY                                         r  ecc_soc_bd_i/axi_noc_0/inst/MC0_ddrc/inst/noc_ddr4_phy/inst/BANK_WRAPPER_INST0/NIBBLE[4].UNISIM.I_XPHY/FIFO_RD_CLK

Slack:                    inf
  Source:                 ecc_soc_bd_i/axi_noc_0/inst/MC0_ddrc/inst/noc_ddr4_phy/inst/u_ddrmc_main/DMC2PHY_FIFO_RDEN[5]
                            (internal pin)
  Destination:            ecc_soc_bd_i/axi_noc_0/inst/MC0_ddrc/inst/noc_ddr4_phy/inst/BANK_WRAPPER_INST0/NIBBLE[5].UNISIM.I_XPHY/FIFO_RDEN
                            (rising edge-triggered cell XPHY clocked by bank1_xpll0_fifo_rd_clk  {rise@0.000ns fall@0.625ns period=1.250ns})
  Path Group:             (none)
  Path Type:              Setup (Max at Slow Process Corner)
  Data Path Delay:        0.000ns  (logic 0.000ns (0.000%)  route 0.000ns (0.000%))
  Logic Levels:           0  
  Clock Uncertainty:      0.686ns  (CJ)/2 + PE + PJ
    Clock Jitter             (CJ):    0.852ns
    Phase Error              (PE):    0.120ns
    Phase Jitter             (PJ):    0.140ns

    Location             Delay type                Incr(ns)  Path(ns)    Netlist Resource(s)
  -------------------------------------------------------------------    -------------------
    DDRMC_X0Y0           DDRMC                        0.000     0.000 r  ecc_soc_bd_i/axi_noc_0/inst/MC0_ddrc/inst/noc_ddr4_phy/inst/u_ddrmc_main/DMC2PHY_FIFO_RDEN[5]
                         net (fo=1, routed)           0.000     0.000    ecc_soc_bd_i/axi_noc_0/inst/MC0_ddrc/inst/noc_ddr4_phy/inst/BANK_WRAPPER_INST0/FIFO_RDEN[5]
    XPHY_X6Y0            XPHY                                         r  ecc_soc_bd_i/axi_noc_0/inst/MC0_ddrc/inst/noc_ddr4_phy/inst/BANK_WRAPPER_INST0/NIBBLE[5].UNISIM.I_XPHY/FIFO_RDEN
  -------------------------------------------------------------------    -------------------

                         (clock bank1_xpll0_fifo_rd_clk rise edge)
                                                      0.000     0.000 r  
    IOB_X14Y0                                         0.000     0.000 r  ddr4_bank0_sys_clk_clk_p (IN)
                         net (fo=0)                   0.000     0.000    ecc_soc_bd_i/axi_noc_0/inst/MC0_ddrc/inst/noc_ddr4_phy/inst/sys_clk_p
    IOB_X14Y0            IBUFDS (Prop_DIFFRXTX_XPIOB_I_O)
                                                      0.303     0.303 r  ecc_soc_bd_i/axi_noc_0/inst/MC0_ddrc/inst/noc_ddr4_phy/inst/u_SYS_CLK_O/O
                         net (fo=1, routed)           0.237     0.540    ecc_soc_bd_i/axi_noc_0/inst/MC0_ddrc/inst/noc_ddr4_phy/inst/sys_clk_O
    XPLL_X2Y0            XPLL (Prop_XPLL_CLKIN_CLKOUT2)
                                                      0.431     0.971 r  ecc_soc_bd_i/axi_noc_0/inst/MC0_ddrc/inst/noc_ddr4_phy/inst/u_xpll0_bank1/CLKOUT2
                         net (fo=21, routed)          0.124     1.095    ecc_soc_bd_i/axi_noc_0/inst/MC0_ddrc/inst/noc_ddr4_phy/inst/BANK_WRAPPER_INST0/bank1_xpll0_fifo_rd_clk
    XPHY_X6Y0            XPHY                                         r  ecc_soc_bd_i/axi_noc_0/inst/MC0_ddrc/inst/noc_ddr4_phy/inst/BANK_WRAPPER_INST0/NIBBLE[5].UNISIM.I_XPHY/FIFO_RD_CLK

Slack:                    inf
  Source:                 ecc_soc_bd_i/axi_noc_0/inst/MC0_ddrc/inst/noc_ddr4_phy/inst/u_ddrmc_main/DMC2PHY_FIFO_RDEN[6]
                            (internal pin)
  Destination:            ecc_soc_bd_i/axi_noc_0/inst/MC0_ddrc/inst/noc_ddr4_phy/inst/BANK_WRAPPER_INST0/NIBBLE[6].UNISIM.I_XPHY/FIFO_RDEN
                            (rising edge-triggered cell XPHY clocked by bank1_xpll0_fifo_rd_clk  {rise@0.000ns fall@0.625ns period=1.250ns})
  Path Group:             (none)
  Path Type:              Setup (Max at Slow Process Corner)
  Data Path Delay:        0.000ns  (logic 0.000ns (0.000%)  route 0.000ns (0.000%))
  Logic Levels:           0  
  Clock Uncertainty:      0.686ns  (CJ)/2 + PE + PJ
    Clock Jitter             (CJ):    0.852ns
    Phase Error              (PE):    0.120ns
    Phase Jitter             (PJ):    0.140ns

    Location             Delay type                Incr(ns)  Path(ns)    Netlist Resource(s)
  -------------------------------------------------------------------    -------------------
    DDRMC_X0Y0           DDRMC                        0.000     0.000 r  ecc_soc_bd_i/axi_noc_0/inst/MC0_ddrc/inst/noc_ddr4_phy/inst/u_ddrmc_main/DMC2PHY_FIFO_RDEN[6]
                         net (fo=1, routed)           0.000     0.000    ecc_soc_bd_i/axi_noc_0/inst/MC0_ddrc/inst/noc_ddr4_phy/inst/BANK_WRAPPER_INST0/FIFO_RDEN[6]
    XPHY_X7Y0            XPHY                                         r  ecc_soc_bd_i/axi_noc_0/inst/MC0_ddrc/inst/noc_ddr4_phy/inst/BANK_WRAPPER_INST0/NIBBLE[6].UNISIM.I_XPHY/FIFO_RDEN
  -------------------------------------------------------------------    -------------------

                         (clock bank1_xpll0_fifo_rd_clk rise edge)
                                                      0.000     0.000 r  
    IOB_X14Y0                                         0.000     0.000 r  ddr4_bank0_sys_clk_clk_p (IN)
                         net (fo=0)                   0.000     0.000    ecc_soc_bd_i/axi_noc_0/inst/MC0_ddrc/inst/noc_ddr4_phy/inst/sys_clk_p
    IOB_X14Y0            IBUFDS (Prop_DIFFRXTX_XPIOB_I_O)
                                                      0.303     0.303 r  ecc_soc_bd_i/axi_noc_0/inst/MC0_ddrc/inst/noc_ddr4_phy/inst/u_SYS_CLK_O/O
                         net (fo=1, routed)           0.237     0.540    ecc_soc_bd_i/axi_noc_0/inst/MC0_ddrc/inst/noc_ddr4_phy/inst/sys_clk_O
    XPLL_X2Y0            XPLL (Prop_XPLL_CLKIN_CLKOUT2)
                                                      0.431     0.971 r  ecc_soc_bd_i/axi_noc_0/inst/MC0_ddrc/inst/noc_ddr4_phy/inst/u_xpll0_bank1/CLKOUT2
                         net (fo=21, routed)          0.125     1.096    ecc_soc_bd_i/axi_noc_0/inst/MC0_ddrc/inst/noc_ddr4_phy/inst/BANK_WRAPPER_INST0/bank1_xpll0_fifo_rd_clk
    XPHY_X7Y0            XPHY                                         r  ecc_soc_bd_i/axi_noc_0/inst/MC0_ddrc/inst/noc_ddr4_phy/inst/BANK_WRAPPER_INST0/NIBBLE[6].UNISIM.I_XPHY/FIFO_RD_CLK

Slack:                    inf
  Source:                 ecc_soc_bd_i/axi_noc_0/inst/MC0_ddrc/inst/noc_ddr4_phy/inst/u_ddrmc_main/DMC2PHY_FIFO_RDEN[7]
                            (internal pin)
  Destination:            ecc_soc_bd_i/axi_noc_0/inst/MC0_ddrc/inst/noc_ddr4_phy/inst/BANK_WRAPPER_INST0/NIBBLE[7].UNISIM.I_XPHY/FIFO_RDEN
                            (rising edge-triggered cell XPHY clocked by bank1_xpll0_fifo_rd_clk  {rise@0.000ns fall@0.625ns period=1.250ns})
  Path Group:             (none)
  Path Type:              Setup (Max at Slow Process Corner)
  Data Path Delay:        0.000ns  (logic 0.000ns (0.000%)  route 0.000ns (0.000%))
  Logic Levels:           0  
  Clock Uncertainty:      0.686ns  (CJ)/2 + PE + PJ
    Clock Jitter             (CJ):    0.852ns
    Phase Error              (PE):    0.120ns
    Phase Jitter             (PJ):    0.140ns

    Location             Delay type                Incr(ns)  Path(ns)    Netlist Resource(s)
  -------------------------------------------------------------------    -------------------
    DDRMC_X0Y0           DDRMC                        0.000     0.000 r  ecc_soc_bd_i/axi_noc_0/inst/MC0_ddrc/inst/noc_ddr4_phy/inst/u_ddrmc_main/DMC2PHY_FIFO_RDEN[7]
                         net (fo=1, routed)           0.000     0.000    ecc_soc_bd_i/axi_noc_0/inst/MC0_ddrc/inst/noc_ddr4_phy/inst/BANK_WRAPPER_INST0/FIFO_RDEN[7]
    XPHY_X8Y0            XPHY                                         r  ecc_soc_bd_i/axi_noc_0/inst/MC0_ddrc/inst/noc_ddr4_phy/inst/BANK_WRAPPER_INST0/NIBBLE[7].UNISIM.I_XPHY/FIFO_RDEN
  -------------------------------------------------------------------    -------------------

                         (clock bank1_xpll0_fifo_rd_clk rise edge)
                                                      0.000     0.000 r  
    IOB_X14Y0                                         0.000     0.000 r  ddr4_bank0_sys_clk_clk_p (IN)
                         net (fo=0)                   0.000     0.000    ecc_soc_bd_i/axi_noc_0/inst/MC0_ddrc/inst/noc_ddr4_phy/inst/sys_clk_p
    IOB_X14Y0            IBUFDS (Prop_DIFFRXTX_XPIOB_I_O)
                                                      0.303     0.303 r  ecc_soc_bd_i/axi_noc_0/inst/MC0_ddrc/inst/noc_ddr4_phy/inst/u_SYS_CLK_O/O
                         net (fo=1, routed)           0.237     0.540    ecc_soc_bd_i/axi_noc_0/inst/MC0_ddrc/inst/noc_ddr4_phy/inst/sys_clk_O
    XPLL_X2Y0            XPLL (Prop_XPLL_CLKIN_CLKOUT2)
                                                      0.431     0.971 r  ecc_soc_bd_i/axi_noc_0/inst/MC0_ddrc/inst/noc_ddr4_phy/inst/u_xpll0_bank1/CLKOUT2
                         net (fo=21, routed)          0.125     1.096    ecc_soc_bd_i/axi_noc_0/inst/MC0_ddrc/inst/noc_ddr4_phy/inst/BANK_WRAPPER_INST0/bank1_xpll0_fifo_rd_clk
    XPHY_X8Y0            XPHY                                         r  ecc_soc_bd_i/axi_noc_0/inst/MC0_ddrc/inst/noc_ddr4_phy/inst/BANK_WRAPPER_INST0/NIBBLE[7].UNISIM.I_XPHY/FIFO_RD_CLK

Slack:                    inf
  Source:                 ecc_soc_bd_i/axi_noc_0/inst/MC0_ddrc/inst/noc_ddr4_phy/inst/u_ddrmc_main/DMC2PHY_FIFO_RDEN[8]
                            (internal pin)
  Destination:            ecc_soc_bd_i/axi_noc_0/inst/MC0_ddrc/inst/noc_ddr4_phy/inst/BANK_WRAPPER_INST0/NIBBLE[8].UNISIM.I_XPHY/FIFO_RDEN
                            (rising edge-triggered cell XPHY clocked by bank1_xpll0_fifo_rd_clk  {rise@0.000ns fall@0.625ns period=1.250ns})
  Path Group:             (none)
  Path Type:              Setup (Max at Slow Process Corner)
  Data Path Delay:        0.000ns  (logic 0.000ns (0.000%)  route 0.000ns (0.000%))
  Logic Levels:           0  
  Clock Uncertainty:      0.686ns  (CJ)/2 + PE + PJ
    Clock Jitter             (CJ):    0.852ns
    Phase Error              (PE):    0.120ns
    Phase Jitter             (PJ):    0.140ns

    Location             Delay type                Incr(ns)  Path(ns)    Netlist Resource(s)
  -------------------------------------------------------------------    -------------------
    DDRMC_X0Y0           DDRMC                        0.000     0.000 r  ecc_soc_bd_i/axi_noc_0/inst/MC0_ddrc/inst/noc_ddr4_phy/inst/u_ddrmc_main/DMC2PHY_FIFO_RDEN[8]
                         net (fo=1, routed)           0.000     0.000    ecc_soc_bd_i/axi_noc_0/inst/MC0_ddrc/inst/noc_ddr4_phy/inst/BANK_WRAPPER_INST0/FIFO_RDEN[8]
    XPHY_X4Y0            XPHY                                         r  ecc_soc_bd_i/axi_noc_0/inst/MC0_ddrc/inst/noc_ddr4_phy/inst/BANK_WRAPPER_INST0/NIBBLE[8].UNISIM.I_XPHY/FIFO_RDEN
  -------------------------------------------------------------------    -------------------

                         (clock bank1_xpll0_fifo_rd_clk rise edge)
                                                      0.000     0.000 r  
    IOB_X14Y0                                         0.000     0.000 r  ddr4_bank0_sys_clk_clk_p (IN)
                         net (fo=0)                   0.000     0.000    ecc_soc_bd_i/axi_noc_0/inst/MC0_ddrc/inst/noc_ddr4_phy/inst/sys_clk_p
    IOB_X14Y0            IBUFDS (Prop_DIFFRXTX_XPIOB_I_O)
                                                      0.303     0.303 r  ecc_soc_bd_i/axi_noc_0/inst/MC0_ddrc/inst/noc_ddr4_phy/inst/u_SYS_CLK_O/O
                         net (fo=1, routed)           0.237     0.540    ecc_soc_bd_i/axi_noc_0/inst/MC0_ddrc/inst/noc_ddr4_phy/inst/sys_clk_O
    XPLL_X2Y0            XPLL (Prop_XPLL_CLKIN_CLKOUT2)
                                                      0.431     0.971 r  ecc_soc_bd_i/axi_noc_0/inst/MC0_ddrc/inst/noc_ddr4_phy/inst/u_xpll0_bank1/CLKOUT2
                         net (fo=21, routed)          0.123     1.094    ecc_soc_bd_i/axi_noc_0/inst/MC0_ddrc/inst/noc_ddr4_phy/inst/BANK_WRAPPER_INST0/bank1_xpll0_fifo_rd_clk
    XPHY_X4Y0            XPHY                                         r  ecc_soc_bd_i/axi_noc_0/inst/MC0_ddrc/inst/noc_ddr4_phy/inst/BANK_WRAPPER_INST0/NIBBLE[8].UNISIM.I_XPHY/FIFO_RD_CLK

Slack:                    inf
  Source:                 ecc_soc_bd_i/axi_noc_0/inst/MC0_ddrc/inst/noc_ddr4_phy/inst/u_ddrmc_main/DMC2PHY_FIFO_RDEN[9]
                            (internal pin)
  Destination:            ecc_soc_bd_i/axi_noc_0/inst/MC0_ddrc/inst/noc_ddr4_phy/inst/BANK_WRAPPER_INST1/NIBBLE[0].UNISIM.I_XPHY/FIFO_RDEN
                            (rising edge-triggered cell XPHY clocked by bank1_xpll0_fifo_rd_clk  {rise@0.000ns fall@0.625ns period=1.250ns})
  Path Group:             (none)
  Path Type:              Setup (Max at Slow Process Corner)
  Data Path Delay:        0.000ns  (logic 0.000ns (0.000%)  route 0.000ns (0.000%))
  Logic Levels:           0  
  Clock Uncertainty:      0.686ns  (CJ)/2 + PE + PJ
    Clock Jitter             (CJ):    0.852ns
    Phase Error              (PE):    0.120ns
    Phase Jitter             (PJ):    0.140ns

    Location             Delay type                Incr(ns)  Path(ns)    Netlist Resource(s)
  -------------------------------------------------------------------    -------------------
    DDRMC_X0Y0           DDRMC                        0.000     0.000 r  ecc_soc_bd_i/axi_noc_0/inst/MC0_ddrc/inst/noc_ddr4_phy/inst/u_ddrmc_main/DMC2PHY_FIFO_RDEN[9]
                         net (fo=1, routed)           0.000     0.000    ecc_soc_bd_i/axi_noc_0/inst/MC0_ddrc/inst/noc_ddr4_phy/inst/BANK_WRAPPER_INST1/FIFO_RDEN[0]
    XPHY_X9Y0            XPHY                                         r  ecc_soc_bd_i/axi_noc_0/inst/MC0_ddrc/inst/noc_ddr4_phy/inst/BANK_WRAPPER_INST1/NIBBLE[0].UNISIM.I_XPHY/FIFO_RDEN
  -------------------------------------------------------------------    -------------------

                         (clock bank1_xpll0_fifo_rd_clk rise edge)
                                                      0.000     0.000 r  
    IOB_X14Y0                                         0.000     0.000 r  ddr4_bank0_sys_clk_clk_p (IN)
                         net (fo=0)                   0.000     0.000    ecc_soc_bd_i/axi_noc_0/inst/MC0_ddrc/inst/noc_ddr4_phy/inst/sys_clk_p
    IOB_X14Y0            IBUFDS (Prop_DIFFRXTX_XPIOB_I_O)
                                                      0.303     0.303 r  ecc_soc_bd_i/axi_noc_0/inst/MC0_ddrc/inst/noc_ddr4_phy/inst/u_SYS_CLK_O/O
                         net (fo=1, routed)           0.237     0.540    ecc_soc_bd_i/axi_noc_0/inst/MC0_ddrc/inst/noc_ddr4_phy/inst/sys_clk_O
    XPLL_X2Y0            XPLL (Prop_XPLL_CLKIN_CLKOUT2)
                                                      0.431     0.971 r  ecc_soc_bd_i/axi_noc_0/inst/MC0_ddrc/inst/noc_ddr4_phy/inst/u_xpll0_bank1/CLKOUT2
                         net (fo=21, routed)          0.121     1.092    ecc_soc_bd_i/axi_noc_0/inst/MC0_ddrc/inst/noc_ddr4_phy/inst/BANK_WRAPPER_INST1/bank1_xpll0_fifo_rd_clk
    XPHY_X9Y0            XPHY                                         r  ecc_soc_bd_i/axi_noc_0/inst/MC0_ddrc/inst/noc_ddr4_phy/inst/BANK_WRAPPER_INST1/NIBBLE[0].UNISIM.I_XPHY/FIFO_RD_CLK





Min Delay Paths
--------------------------------------------------------------------------------------
Slack:                    inf
  Source:                 ecc_soc_bd_i/axi_noc_0/inst/MC0_ddrc/inst/noc_ddr4_phy/inst/u_ddrmc_main/DMC2PHY_FIFO_RDEN[0]
                            (internal pin)
  Destination:            ecc_soc_bd_i/axi_noc_0/inst/MC0_ddrc/inst/noc_ddr4_phy/inst/BANK_WRAPPER_INST0/NIBBLE[0].UNISIM.I_XPHY/FIFO_RDEN
                            (rising edge-triggered cell XPHY clocked by bank1_xpll0_fifo_rd_clk  {rise@0.000ns fall@0.625ns period=1.250ns})
  Path Group:             (none)
  Path Type:              Hold (Min at Slow Process Corner)
  Data Path Delay:        0.000ns  (logic 0.000ns (0.000%)  route 0.000ns (0.000%))
  Logic Levels:           0  
  Clock Uncertainty:      0.686ns  (CJ)/2 + PE + PJ
    Clock Jitter             (CJ):    0.852ns
    Phase Error              (PE):    0.120ns
    Phase Jitter             (PJ):    0.140ns

    Location             Delay type                Incr(ns)  Path(ns)    Netlist Resource(s)
  -------------------------------------------------------------------    -------------------
    DDRMC_X0Y0           DDRMC                        0.000     0.000 r  ecc_soc_bd_i/axi_noc_0/inst/MC0_ddrc/inst/noc_ddr4_phy/inst/u_ddrmc_main/DMC2PHY_FIFO_RDEN[0]
                         net (fo=1, routed)           0.000     0.000    ecc_soc_bd_i/axi_noc_0/inst/MC0_ddrc/inst/noc_ddr4_phy/inst/BANK_WRAPPER_INST0/FIFO_RDEN[0]
    XPHY_X0Y0            XPHY                                         r  ecc_soc_bd_i/axi_noc_0/inst/MC0_ddrc/inst/noc_ddr4_phy/inst/BANK_WRAPPER_INST0/NIBBLE[0].UNISIM.I_XPHY/FIFO_RDEN
  -------------------------------------------------------------------    -------------------

                         (clock bank1_xpll0_fifo_rd_clk rise edge)
                                                      0.000     0.000 r  
    IOB_X14Y0                                         0.000     0.000 r  ddr4_bank0_sys_clk_clk_p (IN)
                         net (fo=0)                   0.000     0.000    ecc_soc_bd_i/axi_noc_0/inst/MC0_ddrc/inst/noc_ddr4_phy/inst/sys_clk_p
    IOB_X14Y0            IBUFDS (Prop_DIFFRXTX_XPIOB_I_O)
                                                      0.401     0.401 r  ecc_soc_bd_i/axi_noc_0/inst/MC0_ddrc/inst/noc_ddr4_phy/inst/u_SYS_CLK_O/O
                         net (fo=1, routed)           0.324     0.725    ecc_soc_bd_i/axi_noc_0/inst/MC0_ddrc/inst/noc_ddr4_phy/inst/sys_clk_O
    XPLL_X2Y0            XPLL (Prop_XPLL_CLKIN_CLKOUT2)
                                                      0.446     1.171 r  ecc_soc_bd_i/axi_noc_0/inst/MC0_ddrc/inst/noc_ddr4_phy/inst/u_xpll0_bank1/CLKOUT2
                         net (fo=21, routed)          0.184     1.355    ecc_soc_bd_i/axi_noc_0/inst/MC0_ddrc/inst/noc_ddr4_phy/inst/BANK_WRAPPER_INST0/bank1_xpll0_fifo_rd_clk
    XPHY_X0Y0            XPHY                                         r  ecc_soc_bd_i/axi_noc_0/inst/MC0_ddrc/inst/noc_ddr4_phy/inst/BANK_WRAPPER_INST0/NIBBLE[0].UNISIM.I_XPHY/FIFO_RD_CLK

Slack:                    inf
  Source:                 ecc_soc_bd_i/axi_noc_0/inst/MC0_ddrc/inst/noc_ddr4_phy/inst/u_ddrmc_main/DMC2PHY_FIFO_RDEN[1]
                            (internal pin)
  Destination:            ecc_soc_bd_i/axi_noc_0/inst/MC0_ddrc/inst/noc_ddr4_phy/inst/BANK_WRAPPER_INST0/NIBBLE[1].UNISIM.I_XPHY/FIFO_RDEN
                            (rising edge-triggered cell XPHY clocked by bank1_xpll0_fifo_rd_clk  {rise@0.000ns fall@0.625ns period=1.250ns})
  Path Group:             (none)
  Path Type:              Hold (Min at Slow Process Corner)
  Data Path Delay:        0.000ns  (logic 0.000ns (0.000%)  route 0.000ns (0.000%))
  Logic Levels:           0  
  Clock Uncertainty:      0.686ns  (CJ)/2 + PE + PJ
    Clock Jitter             (CJ):    0.852ns
    Phase Error              (PE):    0.120ns
    Phase Jitter             (PJ):    0.140ns

    Location             Delay type                Incr(ns)  Path(ns)    Netlist Resource(s)
  -------------------------------------------------------------------    -------------------
    DDRMC_X0Y0           DDRMC                        0.000     0.000 r  ecc_soc_bd_i/axi_noc_0/inst/MC0_ddrc/inst/noc_ddr4_phy/inst/u_ddrmc_main/DMC2PHY_FIFO_RDEN[1]
                         net (fo=1, routed)           0.000     0.000    ecc_soc_bd_i/axi_noc_0/inst/MC0_ddrc/inst/noc_ddr4_phy/inst/BANK_WRAPPER_INST0/FIFO_RDEN[1]
    XPHY_X1Y0            XPHY                                         r  ecc_soc_bd_i/axi_noc_0/inst/MC0_ddrc/inst/noc_ddr4_phy/inst/BANK_WRAPPER_INST0/NIBBLE[1].UNISIM.I_XPHY/FIFO_RDEN
  -------------------------------------------------------------------    -------------------

                         (clock bank1_xpll0_fifo_rd_clk rise edge)
                                                      0.000     0.000 r  
    IOB_X14Y0                                         0.000     0.000 r  ddr4_bank0_sys_clk_clk_p (IN)
                         net (fo=0)                   0.000     0.000    ecc_soc_bd_i/axi_noc_0/inst/MC0_ddrc/inst/noc_ddr4_phy/inst/sys_clk_p
    IOB_X14Y0            IBUFDS (Prop_DIFFRXTX_XPIOB_I_O)
                                                      0.401     0.401 r  ecc_soc_bd_i/axi_noc_0/inst/MC0_ddrc/inst/noc_ddr4_phy/inst/u_SYS_CLK_O/O
                         net (fo=1, routed)           0.324     0.725    ecc_soc_bd_i/axi_noc_0/inst/MC0_ddrc/inst/noc_ddr4_phy/inst/sys_clk_O
    XPLL_X2Y0            XPLL (Prop_XPLL_CLKIN_CLKOUT2)
                                                      0.446     1.171 r  ecc_soc_bd_i/axi_noc_0/inst/MC0_ddrc/inst/noc_ddr4_phy/inst/u_xpll0_bank1/CLKOUT2
                         net (fo=21, routed)          0.183     1.354    ecc_soc_bd_i/axi_noc_0/inst/MC0_ddrc/inst/noc_ddr4_phy/inst/BANK_WRAPPER_INST0/bank1_xpll0_fifo_rd_clk
    XPHY_X1Y0            XPHY                                         r  ecc_soc_bd_i/axi_noc_0/inst/MC0_ddrc/inst/noc_ddr4_phy/inst/BANK_WRAPPER_INST0/NIBBLE[1].UNISIM.I_XPHY/FIFO_RD_CLK

Slack:                    inf
  Source:                 ecc_soc_bd_i/axi_noc_0/inst/MC0_ddrc/inst/noc_ddr4_phy/inst/u_ddrmc_main/DMC2PHY_FIFO_RDEN[2]
                            (internal pin)
  Destination:            ecc_soc_bd_i/axi_noc_0/inst/MC0_ddrc/inst/noc_ddr4_phy/inst/BANK_WRAPPER_INST0/NIBBLE[2].UNISIM.I_XPHY/FIFO_RDEN
                            (rising edge-triggered cell XPHY clocked by bank1_xpll0_fifo_rd_clk  {rise@0.000ns fall@0.625ns period=1.250ns})
  Path Group:             (none)
  Path Type:              Hold (Min at Slow Process Corner)
  Data Path Delay:        0.000ns  (logic 0.000ns (0.000%)  route 0.000ns (0.000%))
  Logic Levels:           0  
  Clock Uncertainty:      0.686ns  (CJ)/2 + PE + PJ
    Clock Jitter             (CJ):    0.852ns
    Phase Error              (PE):    0.120ns
    Phase Jitter             (PJ):    0.140ns

    Location             Delay type                Incr(ns)  Path(ns)    Netlist Resource(s)
  -------------------------------------------------------------------    -------------------
    DDRMC_X0Y0           DDRMC                        0.000     0.000 r  ecc_soc_bd_i/axi_noc_0/inst/MC0_ddrc/inst/noc_ddr4_phy/inst/u_ddrmc_main/DMC2PHY_FIFO_RDEN[2]
                         net (fo=1, routed)           0.000     0.000    ecc_soc_bd_i/axi_noc_0/inst/MC0_ddrc/inst/noc_ddr4_phy/inst/BANK_WRAPPER_INST0/FIFO_RDEN[2]
    XPHY_X2Y0            XPHY                                         r  ecc_soc_bd_i/axi_noc_0/inst/MC0_ddrc/inst/noc_ddr4_phy/inst/BANK_WRAPPER_INST0/NIBBLE[2].UNISIM.I_XPHY/FIFO_RDEN
  -------------------------------------------------------------------    -------------------

                         (clock bank1_xpll0_fifo_rd_clk rise edge)
                                                      0.000     0.000 r  
    IOB_X14Y0                                         0.000     0.000 r  ddr4_bank0_sys_clk_clk_p (IN)
                         net (fo=0)                   0.000     0.000    ecc_soc_bd_i/axi_noc_0/inst/MC0_ddrc/inst/noc_ddr4_phy/inst/sys_clk_p
    IOB_X14Y0            IBUFDS (Prop_DIFFRXTX_XPIOB_I_O)
                                                      0.401     0.401 r  ecc_soc_bd_i/axi_noc_0/inst/MC0_ddrc/inst/noc_ddr4_phy/inst/u_SYS_CLK_O/O
                         net (fo=1, routed)           0.324     0.725    ecc_soc_bd_i/axi_noc_0/inst/MC0_ddrc/inst/noc_ddr4_phy/inst/sys_clk_O
    XPLL_X2Y0            XPLL (Prop_XPLL_CLKIN_CLKOUT2)
                                                      0.446     1.171 r  ecc_soc_bd_i/axi_noc_0/inst/MC0_ddrc/inst/noc_ddr4_phy/inst/u_xpll0_bank1/CLKOUT2
                         net (fo=21, routed)          0.183     1.354    ecc_soc_bd_i/axi_noc_0/inst/MC0_ddrc/inst/noc_ddr4_phy/inst/BANK_WRAPPER_INST0/bank1_xpll0_fifo_rd_clk
    XPHY_X2Y0            XPHY                                         r  ecc_soc_bd_i/axi_noc_0/inst/MC0_ddrc/inst/noc_ddr4_phy/inst/BANK_WRAPPER_INST0/NIBBLE[2].UNISIM.I_XPHY/FIFO_RD_CLK

Slack:                    inf
  Source:                 ecc_soc_bd_i/axi_noc_0/inst/MC0_ddrc/inst/noc_ddr4_phy/inst/u_ddrmc_main/DMC2PHY_FIFO_RDEN[3]
                            (internal pin)
  Destination:            ecc_soc_bd_i/axi_noc_0/inst/MC0_ddrc/inst/noc_ddr4_phy/inst/BANK_WRAPPER_INST0/NIBBLE[3].UNISIM.I_XPHY/FIFO_RDEN
                            (rising edge-triggered cell XPHY clocked by bank1_xpll0_fifo_rd_clk  {rise@0.000ns fall@0.625ns period=1.250ns})
  Path Group:             (none)
  Path Type:              Hold (Min at Slow Process Corner)
  Data Path Delay:        0.000ns  (logic 0.000ns (0.000%)  route 0.000ns (0.000%))
  Logic Levels:           0  
  Clock Uncertainty:      0.686ns  (CJ)/2 + PE + PJ
    Clock Jitter             (CJ):    0.852ns
    Phase Error              (PE):    0.120ns
    Phase Jitter             (PJ):    0.140ns

    Location             Delay type                Incr(ns)  Path(ns)    Netlist Resource(s)
  -------------------------------------------------------------------    -------------------
    DDRMC_X0Y0           DDRMC                        0.000     0.000 r  ecc_soc_bd_i/axi_noc_0/inst/MC0_ddrc/inst/noc_ddr4_phy/inst/u_ddrmc_main/DMC2PHY_FIFO_RDEN[3]
                         net (fo=1, routed)           0.000     0.000    ecc_soc_bd_i/axi_noc_0/inst/MC0_ddrc/inst/noc_ddr4_phy/inst/BANK_WRAPPER_INST0/FIFO_RDEN[3]
    XPHY_X3Y0            XPHY                                         r  ecc_soc_bd_i/axi_noc_0/inst/MC0_ddrc/inst/noc_ddr4_phy/inst/BANK_WRAPPER_INST0/NIBBLE[3].UNISIM.I_XPHY/FIFO_RDEN
  -------------------------------------------------------------------    -------------------

                         (clock bank1_xpll0_fifo_rd_clk rise edge)
                                                      0.000     0.000 r  
    IOB_X14Y0                                         0.000     0.000 r  ddr4_bank0_sys_clk_clk_p (IN)
                         net (fo=0)                   0.000     0.000    ecc_soc_bd_i/axi_noc_0/inst/MC0_ddrc/inst/noc_ddr4_phy/inst/sys_clk_p
    IOB_X14Y0            IBUFDS (Prop_DIFFRXTX_XPIOB_I_O)
                                                      0.401     0.401 r  ecc_soc_bd_i/axi_noc_0/inst/MC0_ddrc/inst/noc_ddr4_phy/inst/u_SYS_CLK_O/O
                         net (fo=1, routed)           0.324     0.725    ecc_soc_bd_i/axi_noc_0/inst/MC0_ddrc/inst/noc_ddr4_phy/inst/sys_clk_O
    XPLL_X2Y0            XPLL (Prop_XPLL_CLKIN_CLKOUT2)
                                                      0.446     1.171 r  ecc_soc_bd_i/axi_noc_0/inst/MC0_ddrc/inst/noc_ddr4_phy/inst/u_xpll0_bank1/CLKOUT2
                         net (fo=21, routed)          0.182     1.353    ecc_soc_bd_i/axi_noc_0/inst/MC0_ddrc/inst/noc_ddr4_phy/inst/BANK_WRAPPER_INST0/bank1_xpll0_fifo_rd_clk
    XPHY_X3Y0            XPHY                                         r  ecc_soc_bd_i/axi_noc_0/inst/MC0_ddrc/inst/noc_ddr4_phy/inst/BANK_WRAPPER_INST0/NIBBLE[3].UNISIM.I_XPHY/FIFO_RD_CLK

Slack:                    inf
  Source:                 ecc_soc_bd_i/axi_noc_0/inst/MC0_ddrc/inst/noc_ddr4_phy/inst/u_ddrmc_main/DMC2PHY_FIFO_RDEN[4]
                            (internal pin)
  Destination:            ecc_soc_bd_i/axi_noc_0/inst/MC0_ddrc/inst/noc_ddr4_phy/inst/BANK_WRAPPER_INST0/NIBBLE[4].UNISIM.I_XPHY/FIFO_RDEN
                            (rising edge-triggered cell XPHY clocked by bank1_xpll0_fifo_rd_clk  {rise@0.000ns fall@0.625ns period=1.250ns})
  Path Group:             (none)
  Path Type:              Hold (Min at Slow Process Corner)
  Data Path Delay:        0.000ns  (logic 0.000ns (0.000%)  route 0.000ns (0.000%))
  Logic Levels:           0  
  Clock Uncertainty:      0.686ns  (CJ)/2 + PE + PJ
    Clock Jitter             (CJ):    0.852ns
    Phase Error              (PE):    0.120ns
    Phase Jitter             (PJ):    0.140ns

    Location             Delay type                Incr(ns)  Path(ns)    Netlist Resource(s)
  -------------------------------------------------------------------    -------------------
    DDRMC_X0Y0           DDRMC                        0.000     0.000 r  ecc_soc_bd_i/axi_noc_0/inst/MC0_ddrc/inst/noc_ddr4_phy/inst/u_ddrmc_main/DMC2PHY_FIFO_RDEN[4]
                         net (fo=1, routed)           0.000     0.000    ecc_soc_bd_i/axi_noc_0/inst/MC0_ddrc/inst/noc_ddr4_phy/inst/BANK_WRAPPER_INST0/FIFO_RDEN[4]
    XPHY_X5Y0            XPHY                                         r  ecc_soc_bd_i/axi_noc_0/inst/MC0_ddrc/inst/noc_ddr4_phy/inst/BANK_WRAPPER_INST0/NIBBLE[4].UNISIM.I_XPHY/FIFO_RDEN
  -------------------------------------------------------------------    -------------------

                         (clock bank1_xpll0_fifo_rd_clk rise edge)
                                                      0.000     0.000 r  
    IOB_X14Y0                                         0.000     0.000 r  ddr4_bank0_sys_clk_clk_p (IN)
                         net (fo=0)                   0.000     0.000    ecc_soc_bd_i/axi_noc_0/inst/MC0_ddrc/inst/noc_ddr4_phy/inst/sys_clk_p
    IOB_X14Y0            IBUFDS (Prop_DIFFRXTX_XPIOB_I_O)
                                                      0.401     0.401 r  ecc_soc_bd_i/axi_noc_0/inst/MC0_ddrc/inst/noc_ddr4_phy/inst/u_SYS_CLK_O/O
                         net (fo=1, routed)           0.324     0.725    ecc_soc_bd_i/axi_noc_0/inst/MC0_ddrc/inst/noc_ddr4_phy/inst/sys_clk_O
    XPLL_X2Y0            XPLL (Prop_XPLL_CLKIN_CLKOUT2)
                                                      0.446     1.171 r  ecc_soc_bd_i/axi_noc_0/inst/MC0_ddrc/inst/noc_ddr4_phy/inst/u_xpll0_bank1/CLKOUT2
                         net (fo=21, routed)          0.186     1.357    ecc_soc_bd_i/axi_noc_0/inst/MC0_ddrc/inst/noc_ddr4_phy/inst/BANK_WRAPPER_INST0/bank1_xpll0_fifo_rd_clk
    XPHY_X5Y0            XPHY                                         r  ecc_soc_bd_i/axi_noc_0/inst/MC0_ddrc/inst/noc_ddr4_phy/inst/BANK_WRAPPER_INST0/NIBBLE[4].UNISIM.I_XPHY/FIFO_RD_CLK

Slack:                    inf
  Source:                 ecc_soc_bd_i/axi_noc_0/inst/MC0_ddrc/inst/noc_ddr4_phy/inst/u_ddrmc_main/DMC2PHY_FIFO_RDEN[5]
                            (internal pin)
  Destination:            ecc_soc_bd_i/axi_noc_0/inst/MC0_ddrc/inst/noc_ddr4_phy/inst/BANK_WRAPPER_INST0/NIBBLE[5].UNISIM.I_XPHY/FIFO_RDEN
                            (rising edge-triggered cell XPHY clocked by bank1_xpll0_fifo_rd_clk  {rise@0.000ns fall@0.625ns period=1.250ns})
  Path Group:             (none)
  Path Type:              Hold (Min at Slow Process Corner)
  Data Path Delay:        0.000ns  (logic 0.000ns (0.000%)  route 0.000ns (0.000%))
  Logic Levels:           0  
  Clock Uncertainty:      0.686ns  (CJ)/2 + PE + PJ
    Clock Jitter             (CJ):    0.852ns
    Phase Error              (PE):    0.120ns
    Phase Jitter             (PJ):    0.140ns

    Location             Delay type                Incr(ns)  Path(ns)    Netlist Resource(s)
  -------------------------------------------------------------------    -------------------
    DDRMC_X0Y0           DDRMC                        0.000     0.000 r  ecc_soc_bd_i/axi_noc_0/inst/MC0_ddrc/inst/noc_ddr4_phy/inst/u_ddrmc_main/DMC2PHY_FIFO_RDEN[5]
                         net (fo=1, routed)           0.000     0.000    ecc_soc_bd_i/axi_noc_0/inst/MC0_ddrc/inst/noc_ddr4_phy/inst/BANK_WRAPPER_INST0/FIFO_RDEN[5]
    XPHY_X6Y0            XPHY                                         r  ecc_soc_bd_i/axi_noc_0/inst/MC0_ddrc/inst/noc_ddr4_phy/inst/BANK_WRAPPER_INST0/NIBBLE[5].UNISIM.I_XPHY/FIFO_RDEN
  -------------------------------------------------------------------    -------------------

                         (clock bank1_xpll0_fifo_rd_clk rise edge)
                                                      0.000     0.000 r  
    IOB_X14Y0                                         0.000     0.000 r  ddr4_bank0_sys_clk_clk_p (IN)
                         net (fo=0)                   0.000     0.000    ecc_soc_bd_i/axi_noc_0/inst/MC0_ddrc/inst/noc_ddr4_phy/inst/sys_clk_p
    IOB_X14Y0            IBUFDS (Prop_DIFFRXTX_XPIOB_I_O)
                                                      0.401     0.401 r  ecc_soc_bd_i/axi_noc_0/inst/MC0_ddrc/inst/noc_ddr4_phy/inst/u_SYS_CLK_O/O
                         net (fo=1, routed)           0.324     0.725    ecc_soc_bd_i/axi_noc_0/inst/MC0_ddrc/inst/noc_ddr4_phy/inst/sys_clk_O
    XPLL_X2Y0            XPLL (Prop_XPLL_CLKIN_CLKOUT2)
                                                      0.446     1.171 r  ecc_soc_bd_i/axi_noc_0/inst/MC0_ddrc/inst/noc_ddr4_phy/inst/u_xpll0_bank1/CLKOUT2
                         net (fo=21, routed)          0.187     1.358    ecc_soc_bd_i/axi_noc_0/inst/MC0_ddrc/inst/noc_ddr4_phy/inst/BANK_WRAPPER_INST0/bank1_xpll0_fifo_rd_clk
    XPHY_X6Y0            XPHY                                         r  ecc_soc_bd_i/axi_noc_0/inst/MC0_ddrc/inst/noc_ddr4_phy/inst/BANK_WRAPPER_INST0/NIBBLE[5].UNISIM.I_XPHY/FIFO_RD_CLK

Slack:                    inf
  Source:                 ecc_soc_bd_i/axi_noc_0/inst/MC0_ddrc/inst/noc_ddr4_phy/inst/u_ddrmc_main/DMC2PHY_FIFO_RDEN[6]
                            (internal pin)
  Destination:            ecc_soc_bd_i/axi_noc_0/inst/MC0_ddrc/inst/noc_ddr4_phy/inst/BANK_WRAPPER_INST0/NIBBLE[6].UNISIM.I_XPHY/FIFO_RDEN
                            (rising edge-triggered cell XPHY clocked by bank1_xpll0_fifo_rd_clk  {rise@0.000ns fall@0.625ns period=1.250ns})
  Path Group:             (none)
  Path Type:              Hold (Min at Slow Process Corner)
  Data Path Delay:        0.000ns  (logic 0.000ns (0.000%)  route 0.000ns (0.000%))
  Logic Levels:           0  
  Clock Uncertainty:      0.686ns  (CJ)/2 + PE + PJ
    Clock Jitter             (CJ):    0.852ns
    Phase Error              (PE):    0.120ns
    Phase Jitter             (PJ):    0.140ns

    Location             Delay type                Incr(ns)  Path(ns)    Netlist Resource(s)
  -------------------------------------------------------------------    -------------------
    DDRMC_X0Y0           DDRMC                        0.000     0.000 r  ecc_soc_bd_i/axi_noc_0/inst/MC0_ddrc/inst/noc_ddr4_phy/inst/u_ddrmc_main/DMC2PHY_FIFO_RDEN[6]
                         net (fo=1, routed)           0.000     0.000    ecc_soc_bd_i/axi_noc_0/inst/MC0_ddrc/inst/noc_ddr4_phy/inst/BANK_WRAPPER_INST0/FIFO_RDEN[6]
    XPHY_X7Y0            XPHY                                         r  ecc_soc_bd_i/axi_noc_0/inst/MC0_ddrc/inst/noc_ddr4_phy/inst/BANK_WRAPPER_INST0/NIBBLE[6].UNISIM.I_XPHY/FIFO_RDEN
  -------------------------------------------------------------------    -------------------

                         (clock bank1_xpll0_fifo_rd_clk rise edge)
                                                      0.000     0.000 r  
    IOB_X14Y0                                         0.000     0.000 r  ddr4_bank0_sys_clk_clk_p (IN)
                         net (fo=0)                   0.000     0.000    ecc_soc_bd_i/axi_noc_0/inst/MC0_ddrc/inst/noc_ddr4_phy/inst/sys_clk_p
    IOB_X14Y0            IBUFDS (Prop_DIFFRXTX_XPIOB_I_O)
                                                      0.401     0.401 r  ecc_soc_bd_i/axi_noc_0/inst/MC0_ddrc/inst/noc_ddr4_phy/inst/u_SYS_CLK_O/O
                         net (fo=1, routed)           0.324     0.725    ecc_soc_bd_i/axi_noc_0/inst/MC0_ddrc/inst/noc_ddr4_phy/inst/sys_clk_O
    XPLL_X2Y0            XPLL (Prop_XPLL_CLKIN_CLKOUT2)
                                                      0.446     1.171 r  ecc_soc_bd_i/axi_noc_0/inst/MC0_ddrc/inst/noc_ddr4_phy/inst/u_xpll0_bank1/CLKOUT2
                         net (fo=21, routed)          0.188     1.359    ecc_soc_bd_i/axi_noc_0/inst/MC0_ddrc/inst/noc_ddr4_phy/inst/BANK_WRAPPER_INST0/bank1_xpll0_fifo_rd_clk
    XPHY_X7Y0            XPHY                                         r  ecc_soc_bd_i/axi_noc_0/inst/MC0_ddrc/inst/noc_ddr4_phy/inst/BANK_WRAPPER_INST0/NIBBLE[6].UNISIM.I_XPHY/FIFO_RD_CLK

Slack:                    inf
  Source:                 ecc_soc_bd_i/axi_noc_0/inst/MC0_ddrc/inst/noc_ddr4_phy/inst/u_ddrmc_main/DMC2PHY_FIFO_RDEN[7]
                            (internal pin)
  Destination:            ecc_soc_bd_i/axi_noc_0/inst/MC0_ddrc/inst/noc_ddr4_phy/inst/BANK_WRAPPER_INST0/NIBBLE[7].UNISIM.I_XPHY/FIFO_RDEN
                            (rising edge-triggered cell XPHY clocked by bank1_xpll0_fifo_rd_clk  {rise@0.000ns fall@0.625ns period=1.250ns})
  Path Group:             (none)
  Path Type:              Hold (Min at Slow Process Corner)
  Data Path Delay:        0.000ns  (logic 0.000ns (0.000%)  route 0.000ns (0.000%))
  Logic Levels:           0  
  Clock Uncertainty:      0.686ns  (CJ)/2 + PE + PJ
    Clock Jitter             (CJ):    0.852ns
    Phase Error              (PE):    0.120ns
    Phase Jitter             (PJ):    0.140ns

    Location             Delay type                Incr(ns)  Path(ns)    Netlist Resource(s)
  -------------------------------------------------------------------    -------------------
    DDRMC_X0Y0           DDRMC                        0.000     0.000 r  ecc_soc_bd_i/axi_noc_0/inst/MC0_ddrc/inst/noc_ddr4_phy/inst/u_ddrmc_main/DMC2PHY_FIFO_RDEN[7]
                         net (fo=1, routed)           0.000     0.000    ecc_soc_bd_i/axi_noc_0/inst/MC0_ddrc/inst/noc_ddr4_phy/inst/BANK_WRAPPER_INST0/FIFO_RDEN[7]
    XPHY_X8Y0            XPHY                                         r  ecc_soc_bd_i/axi_noc_0/inst/MC0_ddrc/inst/noc_ddr4_phy/inst/BANK_WRAPPER_INST0/NIBBLE[7].UNISIM.I_XPHY/FIFO_RDEN
  -------------------------------------------------------------------    -------------------

                         (clock bank1_xpll0_fifo_rd_clk rise edge)
                                                      0.000     0.000 r  
    IOB_X14Y0                                         0.000     0.000 r  ddr4_bank0_sys_clk_clk_p (IN)
                         net (fo=0)                   0.000     0.000    ecc_soc_bd_i/axi_noc_0/inst/MC0_ddrc/inst/noc_ddr4_phy/inst/sys_clk_p
    IOB_X14Y0            IBUFDS (Prop_DIFFRXTX_XPIOB_I_O)
                                                      0.401     0.401 r  ecc_soc_bd_i/axi_noc_0/inst/MC0_ddrc/inst/noc_ddr4_phy/inst/u_SYS_CLK_O/O
                         net (fo=1, routed)           0.324     0.725    ecc_soc_bd_i/axi_noc_0/inst/MC0_ddrc/inst/noc_ddr4_phy/inst/sys_clk_O
    XPLL_X2Y0            XPLL (Prop_XPLL_CLKIN_CLKOUT2)
                                                      0.446     1.171 r  ecc_soc_bd_i/axi_noc_0/inst/MC0_ddrc/inst/noc_ddr4_phy/inst/u_xpll0_bank1/CLKOUT2
                         net (fo=21, routed)          0.188     1.359    ecc_soc_bd_i/axi_noc_0/inst/MC0_ddrc/inst/noc_ddr4_phy/inst/BANK_WRAPPER_INST0/bank1_xpll0_fifo_rd_clk
    XPHY_X8Y0            XPHY                                         r  ecc_soc_bd_i/axi_noc_0/inst/MC0_ddrc/inst/noc_ddr4_phy/inst/BANK_WRAPPER_INST0/NIBBLE[7].UNISIM.I_XPHY/FIFO_RD_CLK

Slack:                    inf
  Source:                 ecc_soc_bd_i/axi_noc_0/inst/MC0_ddrc/inst/noc_ddr4_phy/inst/u_ddrmc_main/DMC2PHY_FIFO_RDEN[8]
                            (internal pin)
  Destination:            ecc_soc_bd_i/axi_noc_0/inst/MC0_ddrc/inst/noc_ddr4_phy/inst/BANK_WRAPPER_INST0/NIBBLE[8].UNISIM.I_XPHY/FIFO_RDEN
                            (rising edge-triggered cell XPHY clocked by bank1_xpll0_fifo_rd_clk  {rise@0.000ns fall@0.625ns period=1.250ns})
  Path Group:             (none)
  Path Type:              Hold (Min at Slow Process Corner)
  Data Path Delay:        0.000ns  (logic 0.000ns (0.000%)  route 0.000ns (0.000%))
  Logic Levels:           0  
  Clock Uncertainty:      0.686ns  (CJ)/2 + PE + PJ
    Clock Jitter             (CJ):    0.852ns
    Phase Error              (PE):    0.120ns
    Phase Jitter             (PJ):    0.140ns

    Location             Delay type                Incr(ns)  Path(ns)    Netlist Resource(s)
  -------------------------------------------------------------------    -------------------
    DDRMC_X0Y0           DDRMC                        0.000     0.000 r  ecc_soc_bd_i/axi_noc_0/inst/MC0_ddrc/inst/noc_ddr4_phy/inst/u_ddrmc_main/DMC2PHY_FIFO_RDEN[8]
                         net (fo=1, routed)           0.000     0.000    ecc_soc_bd_i/axi_noc_0/inst/MC0_ddrc/inst/noc_ddr4_phy/inst/BANK_WRAPPER_INST0/FIFO_RDEN[8]
    XPHY_X4Y0            XPHY                                         r  ecc_soc_bd_i/axi_noc_0/inst/MC0_ddrc/inst/noc_ddr4_phy/inst/BANK_WRAPPER_INST0/NIBBLE[8].UNISIM.I_XPHY/FIFO_RDEN
  -------------------------------------------------------------------    -------------------

                         (clock bank1_xpll0_fifo_rd_clk rise edge)
                                                      0.000     0.000 r  
    IOB_X14Y0                                         0.000     0.000 r  ddr4_bank0_sys_clk_clk_p (IN)
                         net (fo=0)                   0.000     0.000    ecc_soc_bd_i/axi_noc_0/inst/MC0_ddrc/inst/noc_ddr4_phy/inst/sys_clk_p
    IOB_X14Y0            IBUFDS (Prop_DIFFRXTX_XPIOB_I_O)
                                                      0.401     0.401 r  ecc_soc_bd_i/axi_noc_0/inst/MC0_ddrc/inst/noc_ddr4_phy/inst/u_SYS_CLK_O/O
                         net (fo=1, routed)           0.324     0.725    ecc_soc_bd_i/axi_noc_0/inst/MC0_ddrc/inst/noc_ddr4_phy/inst/sys_clk_O
    XPLL_X2Y0            XPLL (Prop_XPLL_CLKIN_CLKOUT2)
                                                      0.446     1.171 r  ecc_soc_bd_i/axi_noc_0/inst/MC0_ddrc/inst/noc_ddr4_phy/inst/u_xpll0_bank1/CLKOUT2
                         net (fo=21, routed)          0.185     1.356    ecc_soc_bd_i/axi_noc_0/inst/MC0_ddrc/inst/noc_ddr4_phy/inst/BANK_WRAPPER_INST0/bank1_xpll0_fifo_rd_clk
    XPHY_X4Y0            XPHY                                         r  ecc_soc_bd_i/axi_noc_0/inst/MC0_ddrc/inst/noc_ddr4_phy/inst/BANK_WRAPPER_INST0/NIBBLE[8].UNISIM.I_XPHY/FIFO_RD_CLK

Slack:                    inf
  Source:                 ecc_soc_bd_i/axi_noc_0/inst/MC0_ddrc/inst/noc_ddr4_phy/inst/u_ddrmc_main/DMC2PHY_FIFO_RDEN[9]
                            (internal pin)
  Destination:            ecc_soc_bd_i/axi_noc_0/inst/MC0_ddrc/inst/noc_ddr4_phy/inst/BANK_WRAPPER_INST1/NIBBLE[0].UNISIM.I_XPHY/FIFO_RDEN
                            (rising edge-triggered cell XPHY clocked by bank1_xpll0_fifo_rd_clk  {rise@0.000ns fall@0.625ns period=1.250ns})
  Path Group:             (none)
  Path Type:              Hold (Min at Slow Process Corner)
  Data Path Delay:        0.000ns  (logic 0.000ns (0.000%)  route 0.000ns (0.000%))
  Logic Levels:           0  
  Clock Uncertainty:      0.686ns  (CJ)/2 + PE + PJ
    Clock Jitter             (CJ):    0.852ns
    Phase Error              (PE):    0.120ns
    Phase Jitter             (PJ):    0.140ns

    Location             Delay type                Incr(ns)  Path(ns)    Netlist Resource(s)
  -------------------------------------------------------------------    -------------------
    DDRMC_X0Y0           DDRMC                        0.000     0.000 r  ecc_soc_bd_i/axi_noc_0/inst/MC0_ddrc/inst/noc_ddr4_phy/inst/u_ddrmc_main/DMC2PHY_FIFO_RDEN[9]
                         net (fo=1, routed)           0.000     0.000    ecc_soc_bd_i/axi_noc_0/inst/MC0_ddrc/inst/noc_ddr4_phy/inst/BANK_WRAPPER_INST1/FIFO_RDEN[0]
    XPHY_X9Y0            XPHY                                         r  ecc_soc_bd_i/axi_noc_0/inst/MC0_ddrc/inst/noc_ddr4_phy/inst/BANK_WRAPPER_INST1/NIBBLE[0].UNISIM.I_XPHY/FIFO_RDEN
  -------------------------------------------------------------------    -------------------

                         (clock bank1_xpll0_fifo_rd_clk rise edge)
                                                      0.000     0.000 r  
    IOB_X14Y0                                         0.000     0.000 r  ddr4_bank0_sys_clk_clk_p (IN)
                         net (fo=0)                   0.000     0.000    ecc_soc_bd_i/axi_noc_0/inst/MC0_ddrc/inst/noc_ddr4_phy/inst/sys_clk_p
    IOB_X14Y0            IBUFDS (Prop_DIFFRXTX_XPIOB_I_O)
                                                      0.401     0.401 r  ecc_soc_bd_i/axi_noc_0/inst/MC0_ddrc/inst/noc_ddr4_phy/inst/u_SYS_CLK_O/O
                         net (fo=1, routed)           0.324     0.725    ecc_soc_bd_i/axi_noc_0/inst/MC0_ddrc/inst/noc_ddr4_phy/inst/sys_clk_O
    XPLL_X2Y0            XPLL (Prop_XPLL_CLKIN_CLKOUT2)
                                                      0.446     1.171 r  ecc_soc_bd_i/axi_noc_0/inst/MC0_ddrc/inst/noc_ddr4_phy/inst/u_xpll0_bank1/CLKOUT2
                         net (fo=21, routed)          0.179     1.350    ecc_soc_bd_i/axi_noc_0/inst/MC0_ddrc/inst/noc_ddr4_phy/inst/BANK_WRAPPER_INST1/bank1_xpll0_fifo_rd_clk
    XPHY_X9Y0            XPHY                                         r  ecc_soc_bd_i/axi_noc_0/inst/MC0_ddrc/inst/noc_ddr4_phy/inst/BANK_WRAPPER_INST1/NIBBLE[0].UNISIM.I_XPHY/FIFO_RD_CLK





--------------------------------------------------------------------------------------
Path Group:  (none)
From Clock:  
  To Clock:  clk_pl_0

Max Delay            41 Endpoints
Min Delay            41 Endpoints
--------------------------------------------------------------------------------------


Max Delay Paths
--------------------------------------------------------------------------------------
Slack:                    inf
  Source:                 ecc_soc_bd_i/soc_ecc_0/inst/u_soc/u_cpu/u_md/prod_reg/DSP58C<0>_INST/DSP_A_B_DATA58_INST/A2_DATA[23]
                            (internal pin)
  Destination:            ecc_soc_bd_i/soc_ecc_0/inst/u_soc/u_cpu/u_md/prod_reg/DSP58C<0>_INST/DSP_OUTPUT58_INST/ALU_OUT[23]
                            (rising edge-triggered cell DSP_OUTPUT58 clocked by clk_pl_0  {rise@0.000ns fall@12.500ns period=25.000ns})
  Path Group:             (none)
  Path Type:              Setup (Max at Slow Process Corner)
  Data Path Delay:        1.540ns  (logic 1.540ns (100.000%)  route 0.000ns (0.000%))
  Logic Levels:           5  (DSP_ALUADD=1 DSP_ALUMUX=1 DSP_M_DATA58=1 DSP_MULTIPLIER58=1 DSP_PREADD_DATA58=1)
  Clock Uncertainty:      0.325ns  (CJ)/2 + PE + PJ
    Clock Jitter             (CJ):    0.651ns
    Phase Error              (PE):    0.000ns
    Phase Jitter             (PJ):    0.000ns
  Clock Net Delay (Destination): 1.571ns (routing 0.238ns, distribution 1.333ns)

    Location             Delay type                Incr(ns)  Path(ns)    Netlist Resource(s)
  -------------------------------------------------------------------    -------------------
    DSP_X0Y22            DSP_A_B_DATA58               0.000     0.000 r  ecc_soc_bd_i/soc_ecc_0/inst/u_soc/u_cpu/u_md/prod_reg/DSP58C<0>_INST/DSP_A_B_DATA58_INST/A2_DATA[23]
                         net (fo=1, routed)           0.000     0.000    ecc_soc_bd_i/soc_ecc_0/inst/u_soc/u_cpu/u_md/prod_reg/DSP58C<0>_INST/DSP_A_B_DATA58.A2_DATA<23>
    DSP_X0Y22            DSP_PREADD_DATA58 (Prop_DSP_PREADD_DATA_DSP58_A2_DATA[23]_A2A1[23])
                                                      0.203     0.203 r  ecc_soc_bd_i/soc_ecc_0/inst/u_soc/u_cpu/u_md/prod_reg/DSP58C<0>_INST/DSP_PREADD_DATA58_INST/A2A1[23]
                         net (fo=1, routed)           0.000     0.203    ecc_soc_bd_i/soc_ecc_0/inst/u_soc/u_cpu/u_md/prod_reg/DSP58C<0>_INST/DSP_PREADD_DATA58.A2A1<23>
    DSP_X0Y22            DSP_MULTIPLIER58 (Prop_DSP_MULTIPLIER_DSP58_A2A1[23]_V[23])
                                                      0.623     0.826 r  ecc_soc_bd_i/soc_ecc_0/inst/u_soc/u_cpu/u_md/prod_reg/DSP58C<0>_INST/DSP_MULTIPLIER58_INST/V[23]
                         net (fo=1, routed)           0.000     0.826    ecc_soc_bd_i/soc_ecc_0/inst/u_soc/u_cpu/u_md/prod_reg/DSP58C<0>_INST/DSP_MULTIPLIER58.V<23>
    DSP_X0Y22            DSP_M_DATA58 (Prop_DSP_M_DATA_DSP58_V[23]_V_DATA[23])
                                                      0.127     0.953 f  ecc_soc_bd_i/soc_ecc_0/inst/u_soc/u_cpu/u_md/prod_reg/DSP58C<0>_INST/DSP_M_DATA58_INST/V_DATA[23]
                         net (fo=1, routed)           0.000     0.953    ecc_soc_bd_i/soc_ecc_0/inst/u_soc/u_cpu/u_md/prod_reg/DSP58C<0>_INST/DSP_M_DATA58.V_DATA<23>
    DSP_X0Y22            DSP_ALUMUX (Prop_DSP_ALUMUX_DSP58_V_DATA[23]_Y[23])
                                                      0.099     1.052 r  ecc_soc_bd_i/soc_ecc_0/inst/u_soc/u_cpu/u_md/prod_reg/DSP58C<0>_INST/DSP_ALUMUX_INST/Y[23]
                         net (fo=1, routed)           0.000     1.052    ecc_soc_bd_i/soc_ecc_0/inst/u_soc/u_cpu/u_md/prod_reg/DSP58C<0>_INST/DSP_ALUMUX.Y<23>
    DSP_X0Y22            DSP_ALUADD (Prop_DSP_ALUADD_DSP58_Y[23]_ALU_OUT[23])
                                                      0.488     1.540 r  ecc_soc_bd_i/soc_ecc_0/inst/u_soc/u_cpu/u_md/prod_reg/DSP58C<0>_INST/DSP_ALUADD_INST/ALU_OUT[23]
                         net (fo=2, routed)           0.000     1.540    ecc_soc_bd_i/soc_ecc_0/inst/u_soc/u_cpu/u_md/prod_reg/DSP58C<0>_INST/DSP_ALUADD.ALU_OUT<23>
    DSP_X0Y22            DSP_OUTPUT58                                 r  ecc_soc_bd_i/soc_ecc_0/inst/u_soc/u_cpu/u_md/prod_reg/DSP58C<0>_INST/DSP_OUTPUT58_INST/ALU_OUT[23]
  -------------------------------------------------------------------    -------------------

                         (clock clk_pl_0 rise edge)
                                                      0.000     0.000 r  
    PS9_X0Y0             PS9                          0.000     0.000 r  ecc_soc_bd_i/versal_cips_0/inst/pspmc_0/inst/PS9_inst/PMCRCLKCLK[0]
                         net (fo=1, routed)           0.000     0.000    ecc_soc_bd_i/versal_cips_0/inst/pspmc_0/inst/pmc_pl_ref_clk[0]
    BUFG_PS_X0Y6         BUFG_PS (Prop_BUFG_PS_I_O)
                                                      0.072     0.072 r  ecc_soc_bd_i/versal_cips_0/inst/pspmc_0/inst/buffer_pl_clk_0.PL_CLK_0_BUFG/O
    X1Y1 (CLOCK_ROOT)    net (fo=3776, routed)        1.571     1.643    ecc_soc_bd_i/soc_ecc_0/inst/u_soc/u_cpu/u_md/prod_reg/DSP58C<0>_INST/CLK
    DSP_X0Y22            DSP_SRCMX_OPTINV (Prop_SRCMXINV_DSP58_CLK_IN_CLK)
                                                      0.074     1.717 r  ecc_soc_bd_i/soc_ecc_0/inst/u_soc/u_cpu/u_md/prod_reg/DSP58C<0>_INST/DSP_SRCMX_OPTINV_INST/CLK
                         net (fo=6, routed)           0.000     1.717    ecc_soc_bd_i/soc_ecc_0/inst/u_soc/u_cpu/u_md/prod_reg/DSP58C<0>_INST/DSP_SRCMX_OPTINV.CLK
    DSP_X0Y22            DSP_OUTPUT58                                 r  ecc_soc_bd_i/soc_ecc_0/inst/u_soc/u_cpu/u_md/prod_reg/DSP58C<0>_INST/DSP_OUTPUT58_INST/CLK

Slack:                    inf
  Source:                 ecc_soc_bd_i/soc_ecc_0/inst/u_soc/u_cpu/u_md/prod_reg/DSP58C<0>_INST/DSP_A_B_DATA58_INST/A2_DATA[24]
                            (internal pin)
  Destination:            ecc_soc_bd_i/soc_ecc_0/inst/u_soc/u_cpu/u_md/prod_reg/DSP58C<0>_INST/DSP_OUTPUT58_INST/ALU_OUT[24]
                            (rising edge-triggered cell DSP_OUTPUT58 clocked by clk_pl_0  {rise@0.000ns fall@12.500ns period=25.000ns})
  Path Group:             (none)
  Path Type:              Setup (Max at Slow Process Corner)
  Data Path Delay:        1.540ns  (logic 1.540ns (100.000%)  route 0.000ns (0.000%))
  Logic Levels:           5  (DSP_ALUADD=1 DSP_ALUMUX=1 DSP_M_DATA58=1 DSP_MULTIPLIER58=1 DSP_PREADD_DATA58=1)
  Clock Uncertainty:      0.325ns  (CJ)/2 + PE + PJ
    Clock Jitter             (CJ):    0.651ns
    Phase Error              (PE):    0.000ns
    Phase Jitter             (PJ):    0.000ns
  Clock Net Delay (Destination): 1.571ns (routing 0.238ns, distribution 1.333ns)

    Location             Delay type                Incr(ns)  Path(ns)    Netlist Resource(s)
  -------------------------------------------------------------------    -------------------
    DSP_X0Y22            DSP_A_B_DATA58               0.000     0.000 r  ecc_soc_bd_i/soc_ecc_0/inst/u_soc/u_cpu/u_md/prod_reg/DSP58C<0>_INST/DSP_A_B_DATA58_INST/A2_DATA[24]
                         net (fo=1, routed)           0.000     0.000    ecc_soc_bd_i/soc_ecc_0/inst/u_soc/u_cpu/u_md/prod_reg/DSP58C<0>_INST/DSP_A_B_DATA58.A2_DATA<24>
    DSP_X0Y22            DSP_PREADD_DATA58 (Prop_DSP_PREADD_DATA_DSP58_A2_DATA[24]_A2A1[24])
                                                      0.203     0.203 r  ecc_soc_bd_i/soc_ecc_0/inst/u_soc/u_cpu/u_md/prod_reg/DSP58C<0>_INST/DSP_PREADD_DATA58_INST/A2A1[24]
                         net (fo=1, routed)           0.000     0.203    ecc_soc_bd_i/soc_ecc_0/inst/u_soc/u_cpu/u_md/prod_reg/DSP58C<0>_INST/DSP_PREADD_DATA58.A2A1<24>
    DSP_X0Y22            DSP_MULTIPLIER58 (Prop_DSP_MULTIPLIER_DSP58_A2A1[24]_V[24])
                                                      0.623     0.826 r  ecc_soc_bd_i/soc_ecc_0/inst/u_soc/u_cpu/u_md/prod_reg/DSP58C<0>_INST/DSP_MULTIPLIER58_INST/V[24]
                         net (fo=1, routed)           0.000     0.826    ecc_soc_bd_i/soc_ecc_0/inst/u_soc/u_cpu/u_md/prod_reg/DSP58C<0>_INST/DSP_MULTIPLIER58.V<24>
    DSP_X0Y22            DSP_M_DATA58 (Prop_DSP_M_DATA_DSP58_V[24]_V_DATA[24])
                                                      0.127     0.953 f  ecc_soc_bd_i/soc_ecc_0/inst/u_soc/u_cpu/u_md/prod_reg/DSP58C<0>_INST/DSP_M_DATA58_INST/V_DATA[24]
                         net (fo=1, routed)           0.000     0.953    ecc_soc_bd_i/soc_ecc_0/inst/u_soc/u_cpu/u_md/prod_reg/DSP58C<0>_INST/DSP_M_DATA58.V_DATA<24>
    DSP_X0Y22            DSP_ALUMUX (Prop_DSP_ALUMUX_DSP58_V_DATA[24]_Y[24])
                                                      0.099     1.052 r  ecc_soc_bd_i/soc_ecc_0/inst/u_soc/u_cpu/u_md/prod_reg/DSP58C<0>_INST/DSP_ALUMUX_INST/Y[24]
                         net (fo=1, routed)           0.000     1.052    ecc_soc_bd_i/soc_ecc_0/inst/u_soc/u_cpu/u_md/prod_reg/DSP58C<0>_INST/DSP_ALUMUX.Y<24>
    DSP_X0Y22            DSP_ALUADD (Prop_DSP_ALUADD_DSP58_Y[24]_ALU_OUT[24])
                                                      0.488     1.540 r  ecc_soc_bd_i/soc_ecc_0/inst/u_soc/u_cpu/u_md/prod_reg/DSP58C<0>_INST/DSP_ALUADD_INST/ALU_OUT[24]
                         net (fo=2, routed)           0.000     1.540    ecc_soc_bd_i/soc_ecc_0/inst/u_soc/u_cpu/u_md/prod_reg/DSP58C<0>_INST/DSP_ALUADD.ALU_OUT<24>
    DSP_X0Y22            DSP_OUTPUT58                                 r  ecc_soc_bd_i/soc_ecc_0/inst/u_soc/u_cpu/u_md/prod_reg/DSP58C<0>_INST/DSP_OUTPUT58_INST/ALU_OUT[24]
  -------------------------------------------------------------------    -------------------

                         (clock clk_pl_0 rise edge)
                                                      0.000     0.000 r  
    PS9_X0Y0             PS9                          0.000     0.000 r  ecc_soc_bd_i/versal_cips_0/inst/pspmc_0/inst/PS9_inst/PMCRCLKCLK[0]
                         net (fo=1, routed)           0.000     0.000    ecc_soc_bd_i/versal_cips_0/inst/pspmc_0/inst/pmc_pl_ref_clk[0]
    BUFG_PS_X0Y6         BUFG_PS (Prop_BUFG_PS_I_O)
                                                      0.072     0.072 r  ecc_soc_bd_i/versal_cips_0/inst/pspmc_0/inst/buffer_pl_clk_0.PL_CLK_0_BUFG/O
    X1Y1 (CLOCK_ROOT)    net (fo=3776, routed)        1.571     1.643    ecc_soc_bd_i/soc_ecc_0/inst/u_soc/u_cpu/u_md/prod_reg/DSP58C<0>_INST/CLK
    DSP_X0Y22            DSP_SRCMX_OPTINV (Prop_SRCMXINV_DSP58_CLK_IN_CLK)
                                                      0.074     1.717 r  ecc_soc_bd_i/soc_ecc_0/inst/u_soc/u_cpu/u_md/prod_reg/DSP58C<0>_INST/DSP_SRCMX_OPTINV_INST/CLK
                         net (fo=6, routed)           0.000     1.717    ecc_soc_bd_i/soc_ecc_0/inst/u_soc/u_cpu/u_md/prod_reg/DSP58C<0>_INST/DSP_SRCMX_OPTINV.CLK
    DSP_X0Y22            DSP_OUTPUT58                                 r  ecc_soc_bd_i/soc_ecc_0/inst/u_soc/u_cpu/u_md/prod_reg/DSP58C<0>_INST/DSP_OUTPUT58_INST/CLK

Slack:                    inf
  Source:                 ecc_soc_bd_i/soc_ecc_0/inst/u_soc/u_cpu/u_md/prod_reg/DSP58C<0>_INST/DSP_A_B_DATA58_INST/A2_DATA[25]
                            (internal pin)
  Destination:            ecc_soc_bd_i/soc_ecc_0/inst/u_soc/u_cpu/u_md/prod_reg/DSP58C<0>_INST/DSP_OUTPUT58_INST/ALU_OUT[25]
                            (rising edge-triggered cell DSP_OUTPUT58 clocked by clk_pl_0  {rise@0.000ns fall@12.500ns period=25.000ns})
  Path Group:             (none)
  Path Type:              Setup (Max at Slow Process Corner)
  Data Path Delay:        1.540ns  (logic 1.540ns (100.000%)  route 0.000ns (0.000%))
  Logic Levels:           5  (DSP_ALUADD=1 DSP_ALUMUX=1 DSP_M_DATA58=1 DSP_MULTIPLIER58=1 DSP_PREADD_DATA58=1)
  Clock Uncertainty:      0.325ns  (CJ)/2 + PE + PJ
    Clock Jitter             (CJ):    0.651ns
    Phase Error              (PE):    0.000ns
    Phase Jitter             (PJ):    0.000ns
  Clock Net Delay (Destination): 1.571ns (routing 0.238ns, distribution 1.333ns)

    Location             Delay type                Incr(ns)  Path(ns)    Netlist Resource(s)
  -------------------------------------------------------------------    -------------------
    DSP_X0Y22            DSP_A_B_DATA58               0.000     0.000 r  ecc_soc_bd_i/soc_ecc_0/inst/u_soc/u_cpu/u_md/prod_reg/DSP58C<0>_INST/DSP_A_B_DATA58_INST/A2_DATA[25]
                         net (fo=1, routed)           0.000     0.000    ecc_soc_bd_i/soc_ecc_0/inst/u_soc/u_cpu/u_md/prod_reg/DSP58C<0>_INST/DSP_A_B_DATA58.A2_DATA<25>
    DSP_X0Y22            DSP_PREADD_DATA58 (Prop_DSP_PREADD_DATA_DSP58_A2_DATA[25]_A2A1[25])
                                                      0.203     0.203 r  ecc_soc_bd_i/soc_ecc_0/inst/u_soc/u_cpu/u_md/prod_reg/DSP58C<0>_INST/DSP_PREADD_DATA58_INST/A2A1[25]
                         net (fo=1, routed)           0.000     0.203    ecc_soc_bd_i/soc_ecc_0/inst/u_soc/u_cpu/u_md/prod_reg/DSP58C<0>_INST/DSP_PREADD_DATA58.A2A1<25>
    DSP_X0Y22            DSP_MULTIPLIER58 (Prop_DSP_MULTIPLIER_DSP58_A2A1[25]_V[25])
                                                      0.623     0.826 r  ecc_soc_bd_i/soc_ecc_0/inst/u_soc/u_cpu/u_md/prod_reg/DSP58C<0>_INST/DSP_MULTIPLIER58_INST/V[25]
                         net (fo=1, routed)           0.000     0.826    ecc_soc_bd_i/soc_ecc_0/inst/u_soc/u_cpu/u_md/prod_reg/DSP58C<0>_INST/DSP_MULTIPLIER58.V<25>
    DSP_X0Y22            DSP_M_DATA58 (Prop_DSP_M_DATA_DSP58_V[25]_V_DATA[25])
                                                      0.127     0.953 f  ecc_soc_bd_i/soc_ecc_0/inst/u_soc/u_cpu/u_md/prod_reg/DSP58C<0>_INST/DSP_M_DATA58_INST/V_DATA[25]
                         net (fo=1, routed)           0.000     0.953    ecc_soc_bd_i/soc_ecc_0/inst/u_soc/u_cpu/u_md/prod_reg/DSP58C<0>_INST/DSP_M_DATA58.V_DATA<25>
    DSP_X0Y22            DSP_ALUMUX (Prop_DSP_ALUMUX_DSP58_V_DATA[25]_Y[25])
                                                      0.099     1.052 r  ecc_soc_bd_i/soc_ecc_0/inst/u_soc/u_cpu/u_md/prod_reg/DSP58C<0>_INST/DSP_ALUMUX_INST/Y[25]
                         net (fo=1, routed)           0.000     1.052    ecc_soc_bd_i/soc_ecc_0/inst/u_soc/u_cpu/u_md/prod_reg/DSP58C<0>_INST/DSP_ALUMUX.Y<25>
    DSP_X0Y22            DSP_ALUADD (Prop_DSP_ALUADD_DSP58_Y[25]_ALU_OUT[25])
                                                      0.488     1.540 r  ecc_soc_bd_i/soc_ecc_0/inst/u_soc/u_cpu/u_md/prod_reg/DSP58C<0>_INST/DSP_ALUADD_INST/ALU_OUT[25]
                         net (fo=2, routed)           0.000     1.540    ecc_soc_bd_i/soc_ecc_0/inst/u_soc/u_cpu/u_md/prod_reg/DSP58C<0>_INST/DSP_ALUADD.ALU_OUT<25>
    DSP_X0Y22            DSP_OUTPUT58                                 r  ecc_soc_bd_i/soc_ecc_0/inst/u_soc/u_cpu/u_md/prod_reg/DSP58C<0>_INST/DSP_OUTPUT58_INST/ALU_OUT[25]
  -------------------------------------------------------------------    -------------------

                         (clock clk_pl_0 rise edge)
                                                      0.000     0.000 r  
    PS9_X0Y0             PS9                          0.000     0.000 r  ecc_soc_bd_i/versal_cips_0/inst/pspmc_0/inst/PS9_inst/PMCRCLKCLK[0]
                         net (fo=1, routed)           0.000     0.000    ecc_soc_bd_i/versal_cips_0/inst/pspmc_0/inst/pmc_pl_ref_clk[0]
    BUFG_PS_X0Y6         BUFG_PS (Prop_BUFG_PS_I_O)
                                                      0.072     0.072 r  ecc_soc_bd_i/versal_cips_0/inst/pspmc_0/inst/buffer_pl_clk_0.PL_CLK_0_BUFG/O
    X1Y1 (CLOCK_ROOT)    net (fo=3776, routed)        1.571     1.643    ecc_soc_bd_i/soc_ecc_0/inst/u_soc/u_cpu/u_md/prod_reg/DSP58C<0>_INST/CLK
    DSP_X0Y22            DSP_SRCMX_OPTINV (Prop_SRCMXINV_DSP58_CLK_IN_CLK)
                                                      0.074     1.717 r  ecc_soc_bd_i/soc_ecc_0/inst/u_soc/u_cpu/u_md/prod_reg/DSP58C<0>_INST/DSP_SRCMX_OPTINV_INST/CLK
                         net (fo=6, routed)           0.000     1.717    ecc_soc_bd_i/soc_ecc_0/inst/u_soc/u_cpu/u_md/prod_reg/DSP58C<0>_INST/DSP_SRCMX_OPTINV.CLK
    DSP_X0Y22            DSP_OUTPUT58                                 r  ecc_soc_bd_i/soc_ecc_0/inst/u_soc/u_cpu/u_md/prod_reg/DSP58C<0>_INST/DSP_OUTPUT58_INST/CLK

Slack:                    inf
  Source:                 ecc_soc_bd_i/soc_ecc_0/inst/u_soc/u_cpu/u_md/prod_reg/DSP58C<0>_INST/DSP_A_B_DATA58_INST/A2_DATA[26]
                            (internal pin)
  Destination:            ecc_soc_bd_i/soc_ecc_0/inst/u_soc/u_cpu/u_md/prod_reg/DSP58C<0>_INST/DSP_OUTPUT58_INST/ALU_OUT[26]
                            (rising edge-triggered cell DSP_OUTPUT58 clocked by clk_pl_0  {rise@0.000ns fall@12.500ns period=25.000ns})
  Path Group:             (none)
  Path Type:              Setup (Max at Slow Process Corner)
  Data Path Delay:        1.540ns  (logic 1.540ns (100.000%)  route 0.000ns (0.000%))
  Logic Levels:           5  (DSP_ALUADD=1 DSP_ALUMUX=1 DSP_M_DATA58=1 DSP_MULTIPLIER58=1 DSP_PREADD_DATA58=1)
  Clock Uncertainty:      0.325ns  (CJ)/2 + PE + PJ
    Clock Jitter             (CJ):    0.651ns
    Phase Error              (PE):    0.000ns
    Phase Jitter             (PJ):    0.000ns
  Clock Net Delay (Destination): 1.571ns (routing 0.238ns, distribution 1.333ns)

    Location             Delay type                Incr(ns)  Path(ns)    Netlist Resource(s)
  -------------------------------------------------------------------    -------------------
    DSP_X0Y22            DSP_A_B_DATA58               0.000     0.000 r  ecc_soc_bd_i/soc_ecc_0/inst/u_soc/u_cpu/u_md/prod_reg/DSP58C<0>_INST/DSP_A_B_DATA58_INST/A2_DATA[26]
                         net (fo=1, routed)           0.000     0.000    ecc_soc_bd_i/soc_ecc_0/inst/u_soc/u_cpu/u_md/prod_reg/DSP58C<0>_INST/DSP_A_B_DATA58.A2_DATA<26>
    DSP_X0Y22            DSP_PREADD_DATA58 (Prop_DSP_PREADD_DATA_DSP58_A2_DATA[26]_A2A1[26])
                                                      0.203     0.203 r  ecc_soc_bd_i/soc_ecc_0/inst/u_soc/u_cpu/u_md/prod_reg/DSP58C<0>_INST/DSP_PREADD_DATA58_INST/A2A1[26]
                         net (fo=1, routed)           0.000     0.203    ecc_soc_bd_i/soc_ecc_0/inst/u_soc/u_cpu/u_md/prod_reg/DSP58C<0>_INST/DSP_PREADD_DATA58.A2A1<26>
    DSP_X0Y22            DSP_MULTIPLIER58 (Prop_DSP_MULTIPLIER_DSP58_A2A1[26]_V[26])
                                                      0.623     0.826 r  ecc_soc_bd_i/soc_ecc_0/inst/u_soc/u_cpu/u_md/prod_reg/DSP58C<0>_INST/DSP_MULTIPLIER58_INST/V[26]
                         net (fo=1, routed)           0.000     0.826    ecc_soc_bd_i/soc_ecc_0/inst/u_soc/u_cpu/u_md/prod_reg/DSP58C<0>_INST/DSP_MULTIPLIER58.V<26>
    DSP_X0Y22            DSP_M_DATA58 (Prop_DSP_M_DATA_DSP58_V[26]_V_DATA[26])
                                                      0.127     0.953 f  ecc_soc_bd_i/soc_ecc_0/inst/u_soc/u_cpu/u_md/prod_reg/DSP58C<0>_INST/DSP_M_DATA58_INST/V_DATA[26]
                         net (fo=1, routed)           0.000     0.953    ecc_soc_bd_i/soc_ecc_0/inst/u_soc/u_cpu/u_md/prod_reg/DSP58C<0>_INST/DSP_M_DATA58.V_DATA<26>
    DSP_X0Y22            DSP_ALUMUX (Prop_DSP_ALUMUX_DSP58_V_DATA[26]_Y[26])
                                                      0.099     1.052 r  ecc_soc_bd_i/soc_ecc_0/inst/u_soc/u_cpu/u_md/prod_reg/DSP58C<0>_INST/DSP_ALUMUX_INST/Y[26]
                         net (fo=1, routed)           0.000     1.052    ecc_soc_bd_i/soc_ecc_0/inst/u_soc/u_cpu/u_md/prod_reg/DSP58C<0>_INST/DSP_ALUMUX.Y<26>
    DSP_X0Y22            DSP_ALUADD (Prop_DSP_ALUADD_DSP58_Y[26]_ALU_OUT[26])
                                                      0.488     1.540 r  ecc_soc_bd_i/soc_ecc_0/inst/u_soc/u_cpu/u_md/prod_reg/DSP58C<0>_INST/DSP_ALUADD_INST/ALU_OUT[26]
                         net (fo=2, routed)           0.000     1.540    ecc_soc_bd_i/soc_ecc_0/inst/u_soc/u_cpu/u_md/prod_reg/DSP58C<0>_INST/DSP_ALUADD.ALU_OUT<26>
    DSP_X0Y22            DSP_OUTPUT58                                 r  ecc_soc_bd_i/soc_ecc_0/inst/u_soc/u_cpu/u_md/prod_reg/DSP58C<0>_INST/DSP_OUTPUT58_INST/ALU_OUT[26]
  -------------------------------------------------------------------    -------------------

                         (clock clk_pl_0 rise edge)
                                                      0.000     0.000 r  
    PS9_X0Y0             PS9                          0.000     0.000 r  ecc_soc_bd_i/versal_cips_0/inst/pspmc_0/inst/PS9_inst/PMCRCLKCLK[0]
                         net (fo=1, routed)           0.000     0.000    ecc_soc_bd_i/versal_cips_0/inst/pspmc_0/inst/pmc_pl_ref_clk[0]
    BUFG_PS_X0Y6         BUFG_PS (Prop_BUFG_PS_I_O)
                                                      0.072     0.072 r  ecc_soc_bd_i/versal_cips_0/inst/pspmc_0/inst/buffer_pl_clk_0.PL_CLK_0_BUFG/O
    X1Y1 (CLOCK_ROOT)    net (fo=3776, routed)        1.571     1.643    ecc_soc_bd_i/soc_ecc_0/inst/u_soc/u_cpu/u_md/prod_reg/DSP58C<0>_INST/CLK
    DSP_X0Y22            DSP_SRCMX_OPTINV (Prop_SRCMXINV_DSP58_CLK_IN_CLK)
                                                      0.074     1.717 r  ecc_soc_bd_i/soc_ecc_0/inst/u_soc/u_cpu/u_md/prod_reg/DSP58C<0>_INST/DSP_SRCMX_OPTINV_INST/CLK
                         net (fo=6, routed)           0.000     1.717    ecc_soc_bd_i/soc_ecc_0/inst/u_soc/u_cpu/u_md/prod_reg/DSP58C<0>_INST/DSP_SRCMX_OPTINV.CLK
    DSP_X0Y22            DSP_OUTPUT58                                 r  ecc_soc_bd_i/soc_ecc_0/inst/u_soc/u_cpu/u_md/prod_reg/DSP58C<0>_INST/DSP_OUTPUT58_INST/CLK

Slack:                    inf
  Source:                 ecc_soc_bd_i/soc_ecc_0/inst/u_soc/u_cpu/u_md/prod_reg/DSP58C<0>_INST/DSP_A_B_DATA58_INST/A2_DATA[26]
                            (internal pin)
  Destination:            ecc_soc_bd_i/soc_ecc_0/inst/u_soc/u_cpu/u_md/prod_reg/DSP58C<0>_INST/DSP_OUTPUT58_INST/ALU_OUT[27]
                            (rising edge-triggered cell DSP_OUTPUT58 clocked by clk_pl_0  {rise@0.000ns fall@12.500ns period=25.000ns})
  Path Group:             (none)
  Path Type:              Setup (Max at Slow Process Corner)
  Data Path Delay:        1.540ns  (logic 1.540ns (100.000%)  route 0.000ns (0.000%))
  Logic Levels:           5  (DSP_ALUADD=1 DSP_ALUMUX=1 DSP_M_DATA58=1 DSP_MULTIPLIER58=1 DSP_PREADD_DATA58=1)
  Clock Uncertainty:      0.325ns  (CJ)/2 + PE + PJ
    Clock Jitter             (CJ):    0.651ns
    Phase Error              (PE):    0.000ns
    Phase Jitter             (PJ):    0.000ns
  Clock Net Delay (Destination): 1.571ns (routing 0.238ns, distribution 1.333ns)

    Location             Delay type                Incr(ns)  Path(ns)    Netlist Resource(s)
  -------------------------------------------------------------------    -------------------
    DSP_X0Y22            DSP_A_B_DATA58               0.000     0.000 r  ecc_soc_bd_i/soc_ecc_0/inst/u_soc/u_cpu/u_md/prod_reg/DSP58C<0>_INST/DSP_A_B_DATA58_INST/A2_DATA[26]
                         net (fo=1, routed)           0.000     0.000    ecc_soc_bd_i/soc_ecc_0/inst/u_soc/u_cpu/u_md/prod_reg/DSP58C<0>_INST/DSP_A_B_DATA58.A2_DATA<26>
    DSP_X0Y22            DSP_PREADD_DATA58 (Prop_DSP_PREADD_DATA_DSP58_A2_DATA[26]_A2A1[26])
                                                      0.203     0.203 r  ecc_soc_bd_i/soc_ecc_0/inst/u_soc/u_cpu/u_md/prod_reg/DSP58C<0>_INST/DSP_PREADD_DATA58_INST/A2A1[26]
                         net (fo=1, routed)           0.000     0.203    ecc_soc_bd_i/soc_ecc_0/inst/u_soc/u_cpu/u_md/prod_reg/DSP58C<0>_INST/DSP_PREADD_DATA58.A2A1<26>
    DSP_X0Y22            DSP_MULTIPLIER58 (Prop_DSP_MULTIPLIER_DSP58_A2A1[26]_V[27])
                                                      0.623     0.826 r  ecc_soc_bd_i/soc_ecc_0/inst/u_soc/u_cpu/u_md/prod_reg/DSP58C<0>_INST/DSP_MULTIPLIER58_INST/V[27]
                         net (fo=1, routed)           0.000     0.826    ecc_soc_bd_i/soc_ecc_0/inst/u_soc/u_cpu/u_md/prod_reg/DSP58C<0>_INST/DSP_MULTIPLIER58.V<27>
    DSP_X0Y22            DSP_M_DATA58 (Prop_DSP_M_DATA_DSP58_V[27]_V_DATA[27])
                                                      0.127     0.953 f  ecc_soc_bd_i/soc_ecc_0/inst/u_soc/u_cpu/u_md/prod_reg/DSP58C<0>_INST/DSP_M_DATA58_INST/V_DATA[27]
                         net (fo=1, routed)           0.000     0.953    ecc_soc_bd_i/soc_ecc_0/inst/u_soc/u_cpu/u_md/prod_reg/DSP58C<0>_INST/DSP_M_DATA58.V_DATA<27>
    DSP_X0Y22            DSP_ALUMUX (Prop_DSP_ALUMUX_DSP58_V_DATA[27]_Y[27])
                                                      0.099     1.052 r  ecc_soc_bd_i/soc_ecc_0/inst/u_soc/u_cpu/u_md/prod_reg/DSP58C<0>_INST/DSP_ALUMUX_INST/Y[27]
                         net (fo=1, routed)           0.000     1.052    ecc_soc_bd_i/soc_ecc_0/inst/u_soc/u_cpu/u_md/prod_reg/DSP58C<0>_INST/DSP_ALUMUX.Y<27>
    DSP_X0Y22            DSP_ALUADD (Prop_DSP_ALUADD_DSP58_Y[27]_ALU_OUT[27])
                                                      0.488     1.540 r  ecc_soc_bd_i/soc_ecc_0/inst/u_soc/u_cpu/u_md/prod_reg/DSP58C<0>_INST/DSP_ALUADD_INST/ALU_OUT[27]
                         net (fo=2, routed)           0.000     1.540    ecc_soc_bd_i/soc_ecc_0/inst/u_soc/u_cpu/u_md/prod_reg/DSP58C<0>_INST/DSP_ALUADD.ALU_OUT<27>
    DSP_X0Y22            DSP_OUTPUT58                                 r  ecc_soc_bd_i/soc_ecc_0/inst/u_soc/u_cpu/u_md/prod_reg/DSP58C<0>_INST/DSP_OUTPUT58_INST/ALU_OUT[27]
  -------------------------------------------------------------------    -------------------

                         (clock clk_pl_0 rise edge)
                                                      0.000     0.000 r  
    PS9_X0Y0             PS9                          0.000     0.000 r  ecc_soc_bd_i/versal_cips_0/inst/pspmc_0/inst/PS9_inst/PMCRCLKCLK[0]
                         net (fo=1, routed)           0.000     0.000    ecc_soc_bd_i/versal_cips_0/inst/pspmc_0/inst/pmc_pl_ref_clk[0]
    BUFG_PS_X0Y6         BUFG_PS (Prop_BUFG_PS_I_O)
                                                      0.072     0.072 r  ecc_soc_bd_i/versal_cips_0/inst/pspmc_0/inst/buffer_pl_clk_0.PL_CLK_0_BUFG/O
    X1Y1 (CLOCK_ROOT)    net (fo=3776, routed)        1.571     1.643    ecc_soc_bd_i/soc_ecc_0/inst/u_soc/u_cpu/u_md/prod_reg/DSP58C<0>_INST/CLK
    DSP_X0Y22            DSP_SRCMX_OPTINV (Prop_SRCMXINV_DSP58_CLK_IN_CLK)
                                                      0.074     1.717 r  ecc_soc_bd_i/soc_ecc_0/inst/u_soc/u_cpu/u_md/prod_reg/DSP58C<0>_INST/DSP_SRCMX_OPTINV_INST/CLK
                         net (fo=6, routed)           0.000     1.717    ecc_soc_bd_i/soc_ecc_0/inst/u_soc/u_cpu/u_md/prod_reg/DSP58C<0>_INST/DSP_SRCMX_OPTINV.CLK
    DSP_X0Y22            DSP_OUTPUT58                                 r  ecc_soc_bd_i/soc_ecc_0/inst/u_soc/u_cpu/u_md/prod_reg/DSP58C<0>_INST/DSP_OUTPUT58_INST/CLK

Slack:                    inf
  Source:                 ecc_soc_bd_i/soc_ecc_0/inst/u_soc/u_cpu/u_md/prod_reg/DSP58C<0>_INST/DSP_A_B_DATA58_INST/A2_DATA[26]
                            (internal pin)
  Destination:            ecc_soc_bd_i/soc_ecc_0/inst/u_soc/u_cpu/u_md/prod_reg/DSP58C<0>_INST/DSP_OUTPUT58_INST/ALU_OUT[28]
                            (rising edge-triggered cell DSP_OUTPUT58 clocked by clk_pl_0  {rise@0.000ns fall@12.500ns period=25.000ns})
  Path Group:             (none)
  Path Type:              Setup (Max at Slow Process Corner)
  Data Path Delay:        1.540ns  (logic 1.540ns (100.000%)  route 0.000ns (0.000%))
  Logic Levels:           5  (DSP_ALUADD=1 DSP_ALUMUX=1 DSP_M_DATA58=1 DSP_MULTIPLIER58=1 DSP_PREADD_DATA58=1)
  Clock Uncertainty:      0.325ns  (CJ)/2 + PE + PJ
    Clock Jitter             (CJ):    0.651ns
    Phase Error              (PE):    0.000ns
    Phase Jitter             (PJ):    0.000ns
  Clock Net Delay (Destination): 1.571ns (routing 0.238ns, distribution 1.333ns)

    Location             Delay type                Incr(ns)  Path(ns)    Netlist Resource(s)
  -------------------------------------------------------------------    -------------------
    DSP_X0Y22            DSP_A_B_DATA58               0.000     0.000 r  ecc_soc_bd_i/soc_ecc_0/inst/u_soc/u_cpu/u_md/prod_reg/DSP58C<0>_INST/DSP_A_B_DATA58_INST/A2_DATA[26]
                         net (fo=1, routed)           0.000     0.000    ecc_soc_bd_i/soc_ecc_0/inst/u_soc/u_cpu/u_md/prod_reg/DSP58C<0>_INST/DSP_A_B_DATA58.A2_DATA<26>
    DSP_X0Y22            DSP_PREADD_DATA58 (Prop_DSP_PREADD_DATA_DSP58_A2_DATA[26]_A2A1[26])
                                                      0.203     0.203 r  ecc_soc_bd_i/soc_ecc_0/inst/u_soc/u_cpu/u_md/prod_reg/DSP58C<0>_INST/DSP_PREADD_DATA58_INST/A2A1[26]
                         net (fo=1, routed)           0.000     0.203    ecc_soc_bd_i/soc_ecc_0/inst/u_soc/u_cpu/u_md/prod_reg/DSP58C<0>_INST/DSP_PREADD_DATA58.A2A1<26>
    DSP_X0Y22            DSP_MULTIPLIER58 (Prop_DSP_MULTIPLIER_DSP58_A2A1[26]_V[28])
                                                      0.623     0.826 r  ecc_soc_bd_i/soc_ecc_0/inst/u_soc/u_cpu/u_md/prod_reg/DSP58C<0>_INST/DSP_MULTIPLIER58_INST/V[28]
                         net (fo=1, routed)           0.000     0.826    ecc_soc_bd_i/soc_ecc_0/inst/u_soc/u_cpu/u_md/prod_reg/DSP58C<0>_INST/DSP_MULTIPLIER58.V<28>
    DSP_X0Y22            DSP_M_DATA58 (Prop_DSP_M_DATA_DSP58_V[28]_V_DATA[28])
                                                      0.127     0.953 f  ecc_soc_bd_i/soc_ecc_0/inst/u_soc/u_cpu/u_md/prod_reg/DSP58C<0>_INST/DSP_M_DATA58_INST/V_DATA[28]
                         net (fo=1, routed)           0.000     0.953    ecc_soc_bd_i/soc_ecc_0/inst/u_soc/u_cpu/u_md/prod_reg/DSP58C<0>_INST/DSP_M_DATA58.V_DATA<28>
    DSP_X0Y22            DSP_ALUMUX (Prop_DSP_ALUMUX_DSP58_V_DATA[28]_Y[28])
                                                      0.099     1.052 r  ecc_soc_bd_i/soc_ecc_0/inst/u_soc/u_cpu/u_md/prod_reg/DSP58C<0>_INST/DSP_ALUMUX_INST/Y[28]
                         net (fo=1, routed)           0.000     1.052    ecc_soc_bd_i/soc_ecc_0/inst/u_soc/u_cpu/u_md/prod_reg/DSP58C<0>_INST/DSP_ALUMUX.Y<28>
    DSP_X0Y22            DSP_ALUADD (Prop_DSP_ALUADD_DSP58_Y[28]_ALU_OUT[28])
                                                      0.488     1.540 r  ecc_soc_bd_i/soc_ecc_0/inst/u_soc/u_cpu/u_md/prod_reg/DSP58C<0>_INST/DSP_ALUADD_INST/ALU_OUT[28]
                         net (fo=2, routed)           0.000     1.540    ecc_soc_bd_i/soc_ecc_0/inst/u_soc/u_cpu/u_md/prod_reg/DSP58C<0>_INST/DSP_ALUADD.ALU_OUT<28>
    DSP_X0Y22            DSP_OUTPUT58                                 r  ecc_soc_bd_i/soc_ecc_0/inst/u_soc/u_cpu/u_md/prod_reg/DSP58C<0>_INST/DSP_OUTPUT58_INST/ALU_OUT[28]
  -------------------------------------------------------------------    -------------------

                         (clock clk_pl_0 rise edge)
                                                      0.000     0.000 r  
    PS9_X0Y0             PS9                          0.000     0.000 r  ecc_soc_bd_i/versal_cips_0/inst/pspmc_0/inst/PS9_inst/PMCRCLKCLK[0]
                         net (fo=1, routed)           0.000     0.000    ecc_soc_bd_i/versal_cips_0/inst/pspmc_0/inst/pmc_pl_ref_clk[0]
    BUFG_PS_X0Y6         BUFG_PS (Prop_BUFG_PS_I_O)
                                                      0.072     0.072 r  ecc_soc_bd_i/versal_cips_0/inst/pspmc_0/inst/buffer_pl_clk_0.PL_CLK_0_BUFG/O
    X1Y1 (CLOCK_ROOT)    net (fo=3776, routed)        1.571     1.643    ecc_soc_bd_i/soc_ecc_0/inst/u_soc/u_cpu/u_md/prod_reg/DSP58C<0>_INST/CLK
    DSP_X0Y22            DSP_SRCMX_OPTINV (Prop_SRCMXINV_DSP58_CLK_IN_CLK)
                                                      0.074     1.717 r  ecc_soc_bd_i/soc_ecc_0/inst/u_soc/u_cpu/u_md/prod_reg/DSP58C<0>_INST/DSP_SRCMX_OPTINV_INST/CLK
                         net (fo=6, routed)           0.000     1.717    ecc_soc_bd_i/soc_ecc_0/inst/u_soc/u_cpu/u_md/prod_reg/DSP58C<0>_INST/DSP_SRCMX_OPTINV.CLK
    DSP_X0Y22            DSP_OUTPUT58                                 r  ecc_soc_bd_i/soc_ecc_0/inst/u_soc/u_cpu/u_md/prod_reg/DSP58C<0>_INST/DSP_OUTPUT58_INST/CLK

Slack:                    inf
  Source:                 ecc_soc_bd_i/soc_ecc_0/inst/u_soc/u_cpu/u_md/prod_reg/DSP58C<0>_INST/DSP_A_B_DATA58_INST/A2_DATA[26]
                            (internal pin)
  Destination:            ecc_soc_bd_i/soc_ecc_0/inst/u_soc/u_cpu/u_md/prod_reg/DSP58C<0>_INST/DSP_OUTPUT58_INST/ALU_OUT[29]
                            (rising edge-triggered cell DSP_OUTPUT58 clocked by clk_pl_0  {rise@0.000ns fall@12.500ns period=25.000ns})
  Path Group:             (none)
  Path Type:              Setup (Max at Slow Process Corner)
  Data Path Delay:        1.540ns  (logic 1.540ns (100.000%)  route 0.000ns (0.000%))
  Logic Levels:           5  (DSP_ALUADD=1 DSP_ALUMUX=1 DSP_M_DATA58=1 DSP_MULTIPLIER58=1 DSP_PREADD_DATA58=1)
  Clock Uncertainty:      0.325ns  (CJ)/2 + PE + PJ
    Clock Jitter             (CJ):    0.651ns
    Phase Error              (PE):    0.000ns
    Phase Jitter             (PJ):    0.000ns
  Clock Net Delay (Destination): 1.571ns (routing 0.238ns, distribution 1.333ns)

    Location             Delay type                Incr(ns)  Path(ns)    Netlist Resource(s)
  -------------------------------------------------------------------    -------------------
    DSP_X0Y22            DSP_A_B_DATA58               0.000     0.000 r  ecc_soc_bd_i/soc_ecc_0/inst/u_soc/u_cpu/u_md/prod_reg/DSP58C<0>_INST/DSP_A_B_DATA58_INST/A2_DATA[26]
                         net (fo=1, routed)           0.000     0.000    ecc_soc_bd_i/soc_ecc_0/inst/u_soc/u_cpu/u_md/prod_reg/DSP58C<0>_INST/DSP_A_B_DATA58.A2_DATA<26>
    DSP_X0Y22            DSP_PREADD_DATA58 (Prop_DSP_PREADD_DATA_DSP58_A2_DATA[26]_A2A1[26])
                                                      0.203     0.203 r  ecc_soc_bd_i/soc_ecc_0/inst/u_soc/u_cpu/u_md/prod_reg/DSP58C<0>_INST/DSP_PREADD_DATA58_INST/A2A1[26]
                         net (fo=1, routed)           0.000     0.203    ecc_soc_bd_i/soc_ecc_0/inst/u_soc/u_cpu/u_md/prod_reg/DSP58C<0>_INST/DSP_PREADD_DATA58.A2A1<26>
    DSP_X0Y22            DSP_MULTIPLIER58 (Prop_DSP_MULTIPLIER_DSP58_A2A1[26]_V[29])
                                                      0.623     0.826 r  ecc_soc_bd_i/soc_ecc_0/inst/u_soc/u_cpu/u_md/prod_reg/DSP58C<0>_INST/DSP_MULTIPLIER58_INST/V[29]
                         net (fo=1, routed)           0.000     0.826    ecc_soc_bd_i/soc_ecc_0/inst/u_soc/u_cpu/u_md/prod_reg/DSP58C<0>_INST/DSP_MULTIPLIER58.V<29>
    DSP_X0Y22            DSP_M_DATA58 (Prop_DSP_M_DATA_DSP58_V[29]_V_DATA[29])
                                                      0.127     0.953 f  ecc_soc_bd_i/soc_ecc_0/inst/u_soc/u_cpu/u_md/prod_reg/DSP58C<0>_INST/DSP_M_DATA58_INST/V_DATA[29]
                         net (fo=1, routed)           0.000     0.953    ecc_soc_bd_i/soc_ecc_0/inst/u_soc/u_cpu/u_md/prod_reg/DSP58C<0>_INST/DSP_M_DATA58.V_DATA<29>
    DSP_X0Y22            DSP_ALUMUX (Prop_DSP_ALUMUX_DSP58_V_DATA[29]_Y[29])
                                                      0.099     1.052 r  ecc_soc_bd_i/soc_ecc_0/inst/u_soc/u_cpu/u_md/prod_reg/DSP58C<0>_INST/DSP_ALUMUX_INST/Y[29]
                         net (fo=1, routed)           0.000     1.052    ecc_soc_bd_i/soc_ecc_0/inst/u_soc/u_cpu/u_md/prod_reg/DSP58C<0>_INST/DSP_ALUMUX.Y<29>
    DSP_X0Y22            DSP_ALUADD (Prop_DSP_ALUADD_DSP58_Y[29]_ALU_OUT[29])
                                                      0.488     1.540 r  ecc_soc_bd_i/soc_ecc_0/inst/u_soc/u_cpu/u_md/prod_reg/DSP58C<0>_INST/DSP_ALUADD_INST/ALU_OUT[29]
                         net (fo=2, routed)           0.000     1.540    ecc_soc_bd_i/soc_ecc_0/inst/u_soc/u_cpu/u_md/prod_reg/DSP58C<0>_INST/DSP_ALUADD.ALU_OUT<29>
    DSP_X0Y22            DSP_OUTPUT58                                 r  ecc_soc_bd_i/soc_ecc_0/inst/u_soc/u_cpu/u_md/prod_reg/DSP58C<0>_INST/DSP_OUTPUT58_INST/ALU_OUT[29]
  -------------------------------------------------------------------    -------------------

                         (clock clk_pl_0 rise edge)
                                                      0.000     0.000 r  
    PS9_X0Y0             PS9                          0.000     0.000 r  ecc_soc_bd_i/versal_cips_0/inst/pspmc_0/inst/PS9_inst/PMCRCLKCLK[0]
                         net (fo=1, routed)           0.000     0.000    ecc_soc_bd_i/versal_cips_0/inst/pspmc_0/inst/pmc_pl_ref_clk[0]
    BUFG_PS_X0Y6         BUFG_PS (Prop_BUFG_PS_I_O)
                                                      0.072     0.072 r  ecc_soc_bd_i/versal_cips_0/inst/pspmc_0/inst/buffer_pl_clk_0.PL_CLK_0_BUFG/O
    X1Y1 (CLOCK_ROOT)    net (fo=3776, routed)        1.571     1.643    ecc_soc_bd_i/soc_ecc_0/inst/u_soc/u_cpu/u_md/prod_reg/DSP58C<0>_INST/CLK
    DSP_X0Y22            DSP_SRCMX_OPTINV (Prop_SRCMXINV_DSP58_CLK_IN_CLK)
                                                      0.074     1.717 r  ecc_soc_bd_i/soc_ecc_0/inst/u_soc/u_cpu/u_md/prod_reg/DSP58C<0>_INST/DSP_SRCMX_OPTINV_INST/CLK
                         net (fo=6, routed)           0.000     1.717    ecc_soc_bd_i/soc_ecc_0/inst/u_soc/u_cpu/u_md/prod_reg/DSP58C<0>_INST/DSP_SRCMX_OPTINV.CLK
    DSP_X0Y22            DSP_OUTPUT58                                 r  ecc_soc_bd_i/soc_ecc_0/inst/u_soc/u_cpu/u_md/prod_reg/DSP58C<0>_INST/DSP_OUTPUT58_INST/CLK

Slack:                    inf
  Source:                 ecc_soc_bd_i/soc_ecc_0/inst/u_soc/u_cpu/u_md/prod_reg/DSP58C<0>_INST/DSP_A_B_DATA58_INST/A2_DATA[26]
                            (internal pin)
  Destination:            ecc_soc_bd_i/soc_ecc_0/inst/u_soc/u_cpu/u_md/prod_reg/DSP58C<0>_INST/DSP_OUTPUT58_INST/ALU_OUT[30]
                            (rising edge-triggered cell DSP_OUTPUT58 clocked by clk_pl_0  {rise@0.000ns fall@12.500ns period=25.000ns})
  Path Group:             (none)
  Path Type:              Setup (Max at Slow Process Corner)
  Data Path Delay:        1.540ns  (logic 1.540ns (100.000%)  route 0.000ns (0.000%))
  Logic Levels:           5  (DSP_ALUADD=1 DSP_ALUMUX=1 DSP_M_DATA58=1 DSP_MULTIPLIER58=1 DSP_PREADD_DATA58=1)
  Clock Uncertainty:      0.325ns  (CJ)/2 + PE + PJ
    Clock Jitter             (CJ):    0.651ns
    Phase Error              (PE):    0.000ns
    Phase Jitter             (PJ):    0.000ns
  Clock Net Delay (Destination): 1.571ns (routing 0.238ns, distribution 1.333ns)

    Location             Delay type                Incr(ns)  Path(ns)    Netlist Resource(s)
  -------------------------------------------------------------------    -------------------
    DSP_X0Y22            DSP_A_B_DATA58               0.000     0.000 r  ecc_soc_bd_i/soc_ecc_0/inst/u_soc/u_cpu/u_md/prod_reg/DSP58C<0>_INST/DSP_A_B_DATA58_INST/A2_DATA[26]
                         net (fo=1, routed)           0.000     0.000    ecc_soc_bd_i/soc_ecc_0/inst/u_soc/u_cpu/u_md/prod_reg/DSP58C<0>_INST/DSP_A_B_DATA58.A2_DATA<26>
    DSP_X0Y22            DSP_PREADD_DATA58 (Prop_DSP_PREADD_DATA_DSP58_A2_DATA[26]_A2A1[26])
                                                      0.203     0.203 r  ecc_soc_bd_i/soc_ecc_0/inst/u_soc/u_cpu/u_md/prod_reg/DSP58C<0>_INST/DSP_PREADD_DATA58_INST/A2A1[26]
                         net (fo=1, routed)           0.000     0.203    ecc_soc_bd_i/soc_ecc_0/inst/u_soc/u_cpu/u_md/prod_reg/DSP58C<0>_INST/DSP_PREADD_DATA58.A2A1<26>
    DSP_X0Y22            DSP_MULTIPLIER58 (Prop_DSP_MULTIPLIER_DSP58_A2A1[26]_V[30])
                                                      0.623     0.826 r  ecc_soc_bd_i/soc_ecc_0/inst/u_soc/u_cpu/u_md/prod_reg/DSP58C<0>_INST/DSP_MULTIPLIER58_INST/V[30]
                         net (fo=1, routed)           0.000     0.826    ecc_soc_bd_i/soc_ecc_0/inst/u_soc/u_cpu/u_md/prod_reg/DSP58C<0>_INST/DSP_MULTIPLIER58.V<30>
    DSP_X0Y22            DSP_M_DATA58 (Prop_DSP_M_DATA_DSP58_V[30]_V_DATA[30])
                                                      0.127     0.953 f  ecc_soc_bd_i/soc_ecc_0/inst/u_soc/u_cpu/u_md/prod_reg/DSP58C<0>_INST/DSP_M_DATA58_INST/V_DATA[30]
                         net (fo=1, routed)           0.000     0.953    ecc_soc_bd_i/soc_ecc_0/inst/u_soc/u_cpu/u_md/prod_reg/DSP58C<0>_INST/DSP_M_DATA58.V_DATA<30>
    DSP_X0Y22            DSP_ALUMUX (Prop_DSP_ALUMUX_DSP58_V_DATA[30]_Y[30])
                                                      0.099     1.052 r  ecc_soc_bd_i/soc_ecc_0/inst/u_soc/u_cpu/u_md/prod_reg/DSP58C<0>_INST/DSP_ALUMUX_INST/Y[30]
                         net (fo=1, routed)           0.000     1.052    ecc_soc_bd_i/soc_ecc_0/inst/u_soc/u_cpu/u_md/prod_reg/DSP58C<0>_INST/DSP_ALUMUX.Y<30>
    DSP_X0Y22            DSP_ALUADD (Prop_DSP_ALUADD_DSP58_Y[30]_ALU_OUT[30])
                                                      0.488     1.540 r  ecc_soc_bd_i/soc_ecc_0/inst/u_soc/u_cpu/u_md/prod_reg/DSP58C<0>_INST/DSP_ALUADD_INST/ALU_OUT[30]
                         net (fo=2, routed)           0.000     1.540    ecc_soc_bd_i/soc_ecc_0/inst/u_soc/u_cpu/u_md/prod_reg/DSP58C<0>_INST/DSP_ALUADD.ALU_OUT<30>
    DSP_X0Y22            DSP_OUTPUT58                                 r  ecc_soc_bd_i/soc_ecc_0/inst/u_soc/u_cpu/u_md/prod_reg/DSP58C<0>_INST/DSP_OUTPUT58_INST/ALU_OUT[30]
  -------------------------------------------------------------------    -------------------

                         (clock clk_pl_0 rise edge)
                                                      0.000     0.000 r  
    PS9_X0Y0             PS9                          0.000     0.000 r  ecc_soc_bd_i/versal_cips_0/inst/pspmc_0/inst/PS9_inst/PMCRCLKCLK[0]
                         net (fo=1, routed)           0.000     0.000    ecc_soc_bd_i/versal_cips_0/inst/pspmc_0/inst/pmc_pl_ref_clk[0]
    BUFG_PS_X0Y6         BUFG_PS (Prop_BUFG_PS_I_O)
                                                      0.072     0.072 r  ecc_soc_bd_i/versal_cips_0/inst/pspmc_0/inst/buffer_pl_clk_0.PL_CLK_0_BUFG/O
    X1Y1 (CLOCK_ROOT)    net (fo=3776, routed)        1.571     1.643    ecc_soc_bd_i/soc_ecc_0/inst/u_soc/u_cpu/u_md/prod_reg/DSP58C<0>_INST/CLK
    DSP_X0Y22            DSP_SRCMX_OPTINV (Prop_SRCMXINV_DSP58_CLK_IN_CLK)
                                                      0.074     1.717 r  ecc_soc_bd_i/soc_ecc_0/inst/u_soc/u_cpu/u_md/prod_reg/DSP58C<0>_INST/DSP_SRCMX_OPTINV_INST/CLK
                         net (fo=6, routed)           0.000     1.717    ecc_soc_bd_i/soc_ecc_0/inst/u_soc/u_cpu/u_md/prod_reg/DSP58C<0>_INST/DSP_SRCMX_OPTINV.CLK
    DSP_X0Y22            DSP_OUTPUT58                                 r  ecc_soc_bd_i/soc_ecc_0/inst/u_soc/u_cpu/u_md/prod_reg/DSP58C<0>_INST/DSP_OUTPUT58_INST/CLK

Slack:                    inf
  Source:                 ecc_soc_bd_i/soc_ecc_0/inst/u_soc/u_cpu/u_md/prod_reg/DSP58C<0>_INST/DSP_A_B_DATA58_INST/A2_DATA[26]
                            (internal pin)
  Destination:            ecc_soc_bd_i/soc_ecc_0/inst/u_soc/u_cpu/u_md/prod_reg/DSP58C<0>_INST/DSP_OUTPUT58_INST/ALU_OUT[31]
                            (rising edge-triggered cell DSP_OUTPUT58 clocked by clk_pl_0  {rise@0.000ns fall@12.500ns period=25.000ns})
  Path Group:             (none)
  Path Type:              Setup (Max at Slow Process Corner)
  Data Path Delay:        1.540ns  (logic 1.540ns (100.000%)  route 0.000ns (0.000%))
  Logic Levels:           5  (DSP_ALUADD=1 DSP_ALUMUX=1 DSP_M_DATA58=1 DSP_MULTIPLIER58=1 DSP_PREADD_DATA58=1)
  Clock Uncertainty:      0.325ns  (CJ)/2 + PE + PJ
    Clock Jitter             (CJ):    0.651ns
    Phase Error              (PE):    0.000ns
    Phase Jitter             (PJ):    0.000ns
  Clock Net Delay (Destination): 1.571ns (routing 0.238ns, distribution 1.333ns)

    Location             Delay type                Incr(ns)  Path(ns)    Netlist Resource(s)
  -------------------------------------------------------------------    -------------------
    DSP_X0Y22            DSP_A_B_DATA58               0.000     0.000 r  ecc_soc_bd_i/soc_ecc_0/inst/u_soc/u_cpu/u_md/prod_reg/DSP58C<0>_INST/DSP_A_B_DATA58_INST/A2_DATA[26]
                         net (fo=1, routed)           0.000     0.000    ecc_soc_bd_i/soc_ecc_0/inst/u_soc/u_cpu/u_md/prod_reg/DSP58C<0>_INST/DSP_A_B_DATA58.A2_DATA<26>
    DSP_X0Y22            DSP_PREADD_DATA58 (Prop_DSP_PREADD_DATA_DSP58_A2_DATA[26]_A2A1[26])
                                                      0.203     0.203 r  ecc_soc_bd_i/soc_ecc_0/inst/u_soc/u_cpu/u_md/prod_reg/DSP58C<0>_INST/DSP_PREADD_DATA58_INST/A2A1[26]
                         net (fo=1, routed)           0.000     0.203    ecc_soc_bd_i/soc_ecc_0/inst/u_soc/u_cpu/u_md/prod_reg/DSP58C<0>_INST/DSP_PREADD_DATA58.A2A1<26>
    DSP_X0Y22            DSP_MULTIPLIER58 (Prop_DSP_MULTIPLIER_DSP58_A2A1[26]_V[31])
                                                      0.623     0.826 r  ecc_soc_bd_i/soc_ecc_0/inst/u_soc/u_cpu/u_md/prod_reg/DSP58C<0>_INST/DSP_MULTIPLIER58_INST/V[31]
                         net (fo=1, routed)           0.000     0.826    ecc_soc_bd_i/soc_ecc_0/inst/u_soc/u_cpu/u_md/prod_reg/DSP58C<0>_INST/DSP_MULTIPLIER58.V<31>
    DSP_X0Y22            DSP_M_DATA58 (Prop_DSP_M_DATA_DSP58_V[31]_V_DATA[31])
                                                      0.127     0.953 f  ecc_soc_bd_i/soc_ecc_0/inst/u_soc/u_cpu/u_md/prod_reg/DSP58C<0>_INST/DSP_M_DATA58_INST/V_DATA[31]
                         net (fo=1, routed)           0.000     0.953    ecc_soc_bd_i/soc_ecc_0/inst/u_soc/u_cpu/u_md/prod_reg/DSP58C<0>_INST/DSP_M_DATA58.V_DATA<31>
    DSP_X0Y22            DSP_ALUMUX (Prop_DSP_ALUMUX_DSP58_V_DATA[31]_Y[31])
                                                      0.099     1.052 r  ecc_soc_bd_i/soc_ecc_0/inst/u_soc/u_cpu/u_md/prod_reg/DSP58C<0>_INST/DSP_ALUMUX_INST/Y[31]
                         net (fo=1, routed)           0.000     1.052    ecc_soc_bd_i/soc_ecc_0/inst/u_soc/u_cpu/u_md/prod_reg/DSP58C<0>_INST/DSP_ALUMUX.Y<31>
    DSP_X0Y22            DSP_ALUADD (Prop_DSP_ALUADD_DSP58_Y[31]_ALU_OUT[31])
                                                      0.488     1.540 r  ecc_soc_bd_i/soc_ecc_0/inst/u_soc/u_cpu/u_md/prod_reg/DSP58C<0>_INST/DSP_ALUADD_INST/ALU_OUT[31]
                         net (fo=2, routed)           0.000     1.540    ecc_soc_bd_i/soc_ecc_0/inst/u_soc/u_cpu/u_md/prod_reg/DSP58C<0>_INST/DSP_ALUADD.ALU_OUT<31>
    DSP_X0Y22            DSP_OUTPUT58                                 r  ecc_soc_bd_i/soc_ecc_0/inst/u_soc/u_cpu/u_md/prod_reg/DSP58C<0>_INST/DSP_OUTPUT58_INST/ALU_OUT[31]
  -------------------------------------------------------------------    -------------------

                         (clock clk_pl_0 rise edge)
                                                      0.000     0.000 r  
    PS9_X0Y0             PS9                          0.000     0.000 r  ecc_soc_bd_i/versal_cips_0/inst/pspmc_0/inst/PS9_inst/PMCRCLKCLK[0]
                         net (fo=1, routed)           0.000     0.000    ecc_soc_bd_i/versal_cips_0/inst/pspmc_0/inst/pmc_pl_ref_clk[0]
    BUFG_PS_X0Y6         BUFG_PS (Prop_BUFG_PS_I_O)
                                                      0.072     0.072 r  ecc_soc_bd_i/versal_cips_0/inst/pspmc_0/inst/buffer_pl_clk_0.PL_CLK_0_BUFG/O
    X1Y1 (CLOCK_ROOT)    net (fo=3776, routed)        1.571     1.643    ecc_soc_bd_i/soc_ecc_0/inst/u_soc/u_cpu/u_md/prod_reg/DSP58C<0>_INST/CLK
    DSP_X0Y22            DSP_SRCMX_OPTINV (Prop_SRCMXINV_DSP58_CLK_IN_CLK)
                                                      0.074     1.717 r  ecc_soc_bd_i/soc_ecc_0/inst/u_soc/u_cpu/u_md/prod_reg/DSP58C<0>_INST/DSP_SRCMX_OPTINV_INST/CLK
                         net (fo=6, routed)           0.000     1.717    ecc_soc_bd_i/soc_ecc_0/inst/u_soc/u_cpu/u_md/prod_reg/DSP58C<0>_INST/DSP_SRCMX_OPTINV.CLK
    DSP_X0Y22            DSP_OUTPUT58                                 r  ecc_soc_bd_i/soc_ecc_0/inst/u_soc/u_cpu/u_md/prod_reg/DSP58C<0>_INST/DSP_OUTPUT58_INST/CLK

Slack:                    inf
  Source:                 ecc_soc_bd_i/soc_ecc_0/inst/u_soc/u_cpu/u_md/prod_reg/DSP58C<0>_INST/DSP_A_B_DATA58_INST/A2_DATA[26]
                            (internal pin)
  Destination:            ecc_soc_bd_i/soc_ecc_0/inst/u_soc/u_cpu/u_md/prod_reg/DSP58C<0>_INST/DSP_OUTPUT58_INST/ALU_OUT[32]
                            (rising edge-triggered cell DSP_OUTPUT58 clocked by clk_pl_0  {rise@0.000ns fall@12.500ns period=25.000ns})
  Path Group:             (none)
  Path Type:              Setup (Max at Slow Process Corner)
  Data Path Delay:        1.540ns  (logic 1.540ns (100.000%)  route 0.000ns (0.000%))
  Logic Levels:           5  (DSP_ALUADD=1 DSP_ALUMUX=1 DSP_M_DATA58=1 DSP_MULTIPLIER58=1 DSP_PREADD_DATA58=1)
  Clock Uncertainty:      0.325ns  (CJ)/2 + PE + PJ
    Clock Jitter             (CJ):    0.651ns
    Phase Error              (PE):    0.000ns
    Phase Jitter             (PJ):    0.000ns
  Clock Net Delay (Destination): 1.571ns (routing 0.238ns, distribution 1.333ns)

    Location             Delay type                Incr(ns)  Path(ns)    Netlist Resource(s)
  -------------------------------------------------------------------    -------------------
    DSP_X0Y22            DSP_A_B_DATA58               0.000     0.000 r  ecc_soc_bd_i/soc_ecc_0/inst/u_soc/u_cpu/u_md/prod_reg/DSP58C<0>_INST/DSP_A_B_DATA58_INST/A2_DATA[26]
                         net (fo=1, routed)           0.000     0.000    ecc_soc_bd_i/soc_ecc_0/inst/u_soc/u_cpu/u_md/prod_reg/DSP58C<0>_INST/DSP_A_B_DATA58.A2_DATA<26>
    DSP_X0Y22            DSP_PREADD_DATA58 (Prop_DSP_PREADD_DATA_DSP58_A2_DATA[26]_A2A1[26])
                                                      0.203     0.203 r  ecc_soc_bd_i/soc_ecc_0/inst/u_soc/u_cpu/u_md/prod_reg/DSP58C<0>_INST/DSP_PREADD_DATA58_INST/A2A1[26]
                         net (fo=1, routed)           0.000     0.203    ecc_soc_bd_i/soc_ecc_0/inst/u_soc/u_cpu/u_md/prod_reg/DSP58C<0>_INST/DSP_PREADD_DATA58.A2A1<26>
    DSP_X0Y22            DSP_MULTIPLIER58 (Prop_DSP_MULTIPLIER_DSP58_A2A1[26]_V[32])
                                                      0.623     0.826 r  ecc_soc_bd_i/soc_ecc_0/inst/u_soc/u_cpu/u_md/prod_reg/DSP58C<0>_INST/DSP_MULTIPLIER58_INST/V[32]
                         net (fo=1, routed)           0.000     0.826    ecc_soc_bd_i/soc_ecc_0/inst/u_soc/u_cpu/u_md/prod_reg/DSP58C<0>_INST/DSP_MULTIPLIER58.V<32>
    DSP_X0Y22            DSP_M_DATA58 (Prop_DSP_M_DATA_DSP58_V[32]_V_DATA[32])
                                                      0.127     0.953 f  ecc_soc_bd_i/soc_ecc_0/inst/u_soc/u_cpu/u_md/prod_reg/DSP58C<0>_INST/DSP_M_DATA58_INST/V_DATA[32]
                         net (fo=1, routed)           0.000     0.953    ecc_soc_bd_i/soc_ecc_0/inst/u_soc/u_cpu/u_md/prod_reg/DSP58C<0>_INST/DSP_M_DATA58.V_DATA<32>
    DSP_X0Y22            DSP_ALUMUX (Prop_DSP_ALUMUX_DSP58_V_DATA[32]_Y[32])
                                                      0.099     1.052 r  ecc_soc_bd_i/soc_ecc_0/inst/u_soc/u_cpu/u_md/prod_reg/DSP58C<0>_INST/DSP_ALUMUX_INST/Y[32]
                         net (fo=1, routed)           0.000     1.052    ecc_soc_bd_i/soc_ecc_0/inst/u_soc/u_cpu/u_md/prod_reg/DSP58C<0>_INST/DSP_ALUMUX.Y<32>
    DSP_X0Y22            DSP_ALUADD (Prop_DSP_ALUADD_DSP58_Y[32]_ALU_OUT[32])
                                                      0.488     1.540 r  ecc_soc_bd_i/soc_ecc_0/inst/u_soc/u_cpu/u_md/prod_reg/DSP58C<0>_INST/DSP_ALUADD_INST/ALU_OUT[32]
                         net (fo=2, routed)           0.000     1.540    ecc_soc_bd_i/soc_ecc_0/inst/u_soc/u_cpu/u_md/prod_reg/DSP58C<0>_INST/DSP_ALUADD.ALU_OUT<32>
    DSP_X0Y22            DSP_OUTPUT58                                 r  ecc_soc_bd_i/soc_ecc_0/inst/u_soc/u_cpu/u_md/prod_reg/DSP58C<0>_INST/DSP_OUTPUT58_INST/ALU_OUT[32]
  -------------------------------------------------------------------    -------------------

                         (clock clk_pl_0 rise edge)
                                                      0.000     0.000 r  
    PS9_X0Y0             PS9                          0.000     0.000 r  ecc_soc_bd_i/versal_cips_0/inst/pspmc_0/inst/PS9_inst/PMCRCLKCLK[0]
                         net (fo=1, routed)           0.000     0.000    ecc_soc_bd_i/versal_cips_0/inst/pspmc_0/inst/pmc_pl_ref_clk[0]
    BUFG_PS_X0Y6         BUFG_PS (Prop_BUFG_PS_I_O)
                                                      0.072     0.072 r  ecc_soc_bd_i/versal_cips_0/inst/pspmc_0/inst/buffer_pl_clk_0.PL_CLK_0_BUFG/O
    X1Y1 (CLOCK_ROOT)    net (fo=3776, routed)        1.571     1.643    ecc_soc_bd_i/soc_ecc_0/inst/u_soc/u_cpu/u_md/prod_reg/DSP58C<0>_INST/CLK
    DSP_X0Y22            DSP_SRCMX_OPTINV (Prop_SRCMXINV_DSP58_CLK_IN_CLK)
                                                      0.074     1.717 r  ecc_soc_bd_i/soc_ecc_0/inst/u_soc/u_cpu/u_md/prod_reg/DSP58C<0>_INST/DSP_SRCMX_OPTINV_INST/CLK
                         net (fo=6, routed)           0.000     1.717    ecc_soc_bd_i/soc_ecc_0/inst/u_soc/u_cpu/u_md/prod_reg/DSP58C<0>_INST/DSP_SRCMX_OPTINV.CLK
    DSP_X0Y22            DSP_OUTPUT58                                 r  ecc_soc_bd_i/soc_ecc_0/inst/u_soc/u_cpu/u_md/prod_reg/DSP58C<0>_INST/DSP_OUTPUT58_INST/CLK





Min Delay Paths
--------------------------------------------------------------------------------------
Slack:                    inf
  Source:                 ecc_soc_bd_i/soc_ecc_0/inst/u_soc/u_cpu/u_md/prod_reg/DSP58C<0>_INST/DSP_ALUREG_INST/ALUMODE_DATA[3]
                            (internal pin)
  Destination:            ecc_soc_bd_i/soc_ecc_0/inst/u_soc/u_cpu/u_md/prod_reg/DSP58C<0>_INST/DSP_OUTPUT58_INST/ALU_OUT[0]
                            (rising edge-triggered cell DSP_OUTPUT58 clocked by clk_pl_0  {rise@0.000ns fall@12.500ns period=25.000ns})
  Path Group:             (none)
  Path Type:              Hold (Min at Fast Process Corner)
  Data Path Delay:        0.099ns  (logic 0.099ns (100.000%)  route 0.000ns (0.000%))
  Logic Levels:           1  (DSP_ALUADD=1)
  Clock Uncertainty:      0.325ns  (CJ)/2 + PE + PJ
    Clock Jitter             (CJ):    0.651ns
    Phase Error              (PE):    0.000ns
    Phase Jitter             (PJ):    0.000ns
  Clock Net Delay (Destination): 1.238ns (routing 0.187ns, distribution 1.051ns)

    Location             Delay type                Incr(ns)  Path(ns)    Netlist Resource(s)
  -------------------------------------------------------------------    -------------------
    DSP_X0Y22            DSP_ALUREG                   0.000     0.000 r  ecc_soc_bd_i/soc_ecc_0/inst/u_soc/u_cpu/u_md/prod_reg/DSP58C<0>_INST/DSP_ALUREG_INST/ALUMODE_DATA[3]
                         net (fo=1, routed)           0.000     0.000    ecc_soc_bd_i/soc_ecc_0/inst/u_soc/u_cpu/u_md/prod_reg/DSP58C<0>_INST/DSP_ALUREG.ALUMODE_DATA<3>
    DSP_X0Y22            DSP_ALUADD (Prop_DSP_ALUADD_DSP58_ALUMODE_DATA[3]_ALU_OUT[0])
                                                      0.099     0.099 r  ecc_soc_bd_i/soc_ecc_0/inst/u_soc/u_cpu/u_md/prod_reg/DSP58C<0>_INST/DSP_ALUADD_INST/ALU_OUT[0]
                         net (fo=2, routed)           0.000     0.099    ecc_soc_bd_i/soc_ecc_0/inst/u_soc/u_cpu/u_md/prod_reg/DSP58C<0>_INST/DSP_ALUADD.ALU_OUT<0>
    DSP_X0Y22            DSP_OUTPUT58                                 r  ecc_soc_bd_i/soc_ecc_0/inst/u_soc/u_cpu/u_md/prod_reg/DSP58C<0>_INST/DSP_OUTPUT58_INST/ALU_OUT[0]
  -------------------------------------------------------------------    -------------------

                         (clock clk_pl_0 rise edge)
                                                      0.000     0.000 r  
    PS9_X0Y0             PS9                          0.000     0.000 r  ecc_soc_bd_i/versal_cips_0/inst/pspmc_0/inst/PS9_inst/PMCRCLKCLK[0]
                         net (fo=1, routed)           0.000     0.000    ecc_soc_bd_i/versal_cips_0/inst/pspmc_0/inst/pmc_pl_ref_clk[0]
    BUFG_PS_X0Y6         BUFG_PS (Prop_BUFG_PS_I_O)
                                                      0.096     0.096 r  ecc_soc_bd_i/versal_cips_0/inst/pspmc_0/inst/buffer_pl_clk_0.PL_CLK_0_BUFG/O
    X1Y1 (CLOCK_ROOT)    net (fo=3776, routed)        1.238     1.334    ecc_soc_bd_i/soc_ecc_0/inst/u_soc/u_cpu/u_md/prod_reg/DSP58C<0>_INST/CLK
    DSP_X0Y22            DSP_SRCMX_OPTINV (Prop_SRCMXINV_DSP58_CLK_IN_CLK)
                                                      0.062     1.396 r  ecc_soc_bd_i/soc_ecc_0/inst/u_soc/u_cpu/u_md/prod_reg/DSP58C<0>_INST/DSP_SRCMX_OPTINV_INST/CLK
                         net (fo=6, routed)           0.000     1.396    ecc_soc_bd_i/soc_ecc_0/inst/u_soc/u_cpu/u_md/prod_reg/DSP58C<0>_INST/DSP_SRCMX_OPTINV.CLK
    DSP_X0Y22            DSP_OUTPUT58                                 r  ecc_soc_bd_i/soc_ecc_0/inst/u_soc/u_cpu/u_md/prod_reg/DSP58C<0>_INST/DSP_OUTPUT58_INST/CLK

Slack:                    inf
  Source:                 ecc_soc_bd_i/soc_ecc_0/inst/u_soc/u_cpu/u_md/prod_reg/DSP58C<0>_INST/DSP_ALUREG_INST/ALUMODE_DATA[3]
                            (internal pin)
  Destination:            ecc_soc_bd_i/soc_ecc_0/inst/u_soc/u_cpu/u_md/prod_reg/DSP58C<0>_INST/DSP_OUTPUT58_INST/ALU_OUT[10]
                            (rising edge-triggered cell DSP_OUTPUT58 clocked by clk_pl_0  {rise@0.000ns fall@12.500ns period=25.000ns})
  Path Group:             (none)
  Path Type:              Hold (Min at Fast Process Corner)
  Data Path Delay:        0.099ns  (logic 0.099ns (100.000%)  route 0.000ns (0.000%))
  Logic Levels:           1  (DSP_ALUADD=1)
  Clock Uncertainty:      0.325ns  (CJ)/2 + PE + PJ
    Clock Jitter             (CJ):    0.651ns
    Phase Error              (PE):    0.000ns
    Phase Jitter             (PJ):    0.000ns
  Clock Net Delay (Destination): 1.238ns (routing 0.187ns, distribution 1.051ns)

    Location             Delay type                Incr(ns)  Path(ns)    Netlist Resource(s)
  -------------------------------------------------------------------    -------------------
    DSP_X0Y22            DSP_ALUREG                   0.000     0.000 r  ecc_soc_bd_i/soc_ecc_0/inst/u_soc/u_cpu/u_md/prod_reg/DSP58C<0>_INST/DSP_ALUREG_INST/ALUMODE_DATA[3]
                         net (fo=1, routed)           0.000     0.000    ecc_soc_bd_i/soc_ecc_0/inst/u_soc/u_cpu/u_md/prod_reg/DSP58C<0>_INST/DSP_ALUREG.ALUMODE_DATA<3>
    DSP_X0Y22            DSP_ALUADD (Prop_DSP_ALUADD_DSP58_ALUMODE_DATA[3]_ALU_OUT[10])
                                                      0.099     0.099 r  ecc_soc_bd_i/soc_ecc_0/inst/u_soc/u_cpu/u_md/prod_reg/DSP58C<0>_INST/DSP_ALUADD_INST/ALU_OUT[10]
                         net (fo=2, routed)           0.000     0.099    ecc_soc_bd_i/soc_ecc_0/inst/u_soc/u_cpu/u_md/prod_reg/DSP58C<0>_INST/DSP_ALUADD.ALU_OUT<10>
    DSP_X0Y22            DSP_OUTPUT58                                 r  ecc_soc_bd_i/soc_ecc_0/inst/u_soc/u_cpu/u_md/prod_reg/DSP58C<0>_INST/DSP_OUTPUT58_INST/ALU_OUT[10]
  -------------------------------------------------------------------    -------------------

                         (clock clk_pl_0 rise edge)
                                                      0.000     0.000 r  
    PS9_X0Y0             PS9                          0.000     0.000 r  ecc_soc_bd_i/versal_cips_0/inst/pspmc_0/inst/PS9_inst/PMCRCLKCLK[0]
                         net (fo=1, routed)           0.000     0.000    ecc_soc_bd_i/versal_cips_0/inst/pspmc_0/inst/pmc_pl_ref_clk[0]
    BUFG_PS_X0Y6         BUFG_PS (Prop_BUFG_PS_I_O)
                                                      0.096     0.096 r  ecc_soc_bd_i/versal_cips_0/inst/pspmc_0/inst/buffer_pl_clk_0.PL_CLK_0_BUFG/O
    X1Y1 (CLOCK_ROOT)    net (fo=3776, routed)        1.238     1.334    ecc_soc_bd_i/soc_ecc_0/inst/u_soc/u_cpu/u_md/prod_reg/DSP58C<0>_INST/CLK
    DSP_X0Y22            DSP_SRCMX_OPTINV (Prop_SRCMXINV_DSP58_CLK_IN_CLK)
                                                      0.062     1.396 r  ecc_soc_bd_i/soc_ecc_0/inst/u_soc/u_cpu/u_md/prod_reg/DSP58C<0>_INST/DSP_SRCMX_OPTINV_INST/CLK
                         net (fo=6, routed)           0.000     1.396    ecc_soc_bd_i/soc_ecc_0/inst/u_soc/u_cpu/u_md/prod_reg/DSP58C<0>_INST/DSP_SRCMX_OPTINV.CLK
    DSP_X0Y22            DSP_OUTPUT58                                 r  ecc_soc_bd_i/soc_ecc_0/inst/u_soc/u_cpu/u_md/prod_reg/DSP58C<0>_INST/DSP_OUTPUT58_INST/CLK

Slack:                    inf
  Source:                 ecc_soc_bd_i/soc_ecc_0/inst/u_soc/u_cpu/u_md/prod_reg/DSP58C<0>_INST/DSP_ALUREG_INST/ALUMODE_DATA[3]
                            (internal pin)
  Destination:            ecc_soc_bd_i/soc_ecc_0/inst/u_soc/u_cpu/u_md/prod_reg/DSP58C<0>_INST/DSP_OUTPUT58_INST/ALU_OUT[11]
                            (rising edge-triggered cell DSP_OUTPUT58 clocked by clk_pl_0  {rise@0.000ns fall@12.500ns period=25.000ns})
  Path Group:             (none)
  Path Type:              Hold (Min at Fast Process Corner)
  Data Path Delay:        0.099ns  (logic 0.099ns (100.000%)  route 0.000ns (0.000%))
  Logic Levels:           1  (DSP_ALUADD=1)
  Clock Uncertainty:      0.325ns  (CJ)/2 + PE + PJ
    Clock Jitter             (CJ):    0.651ns
    Phase Error              (PE):    0.000ns
    Phase Jitter             (PJ):    0.000ns
  Clock Net Delay (Destination): 1.238ns (routing 0.187ns, distribution 1.051ns)

    Location             Delay type                Incr(ns)  Path(ns)    Netlist Resource(s)
  -------------------------------------------------------------------    -------------------
    DSP_X0Y22            DSP_ALUREG                   0.000     0.000 r  ecc_soc_bd_i/soc_ecc_0/inst/u_soc/u_cpu/u_md/prod_reg/DSP58C<0>_INST/DSP_ALUREG_INST/ALUMODE_DATA[3]
                         net (fo=1, routed)           0.000     0.000    ecc_soc_bd_i/soc_ecc_0/inst/u_soc/u_cpu/u_md/prod_reg/DSP58C<0>_INST/DSP_ALUREG.ALUMODE_DATA<3>
    DSP_X0Y22            DSP_ALUADD (Prop_DSP_ALUADD_DSP58_ALUMODE_DATA[3]_ALU_OUT[11])
                                                      0.099     0.099 r  ecc_soc_bd_i/soc_ecc_0/inst/u_soc/u_cpu/u_md/prod_reg/DSP58C<0>_INST/DSP_ALUADD_INST/ALU_OUT[11]
                         net (fo=2, routed)           0.000     0.099    ecc_soc_bd_i/soc_ecc_0/inst/u_soc/u_cpu/u_md/prod_reg/DSP58C<0>_INST/DSP_ALUADD.ALU_OUT<11>
    DSP_X0Y22            DSP_OUTPUT58                                 r  ecc_soc_bd_i/soc_ecc_0/inst/u_soc/u_cpu/u_md/prod_reg/DSP58C<0>_INST/DSP_OUTPUT58_INST/ALU_OUT[11]
  -------------------------------------------------------------------    -------------------

                         (clock clk_pl_0 rise edge)
                                                      0.000     0.000 r  
    PS9_X0Y0             PS9                          0.000     0.000 r  ecc_soc_bd_i/versal_cips_0/inst/pspmc_0/inst/PS9_inst/PMCRCLKCLK[0]
                         net (fo=1, routed)           0.000     0.000    ecc_soc_bd_i/versal_cips_0/inst/pspmc_0/inst/pmc_pl_ref_clk[0]
    BUFG_PS_X0Y6         BUFG_PS (Prop_BUFG_PS_I_O)
                                                      0.096     0.096 r  ecc_soc_bd_i/versal_cips_0/inst/pspmc_0/inst/buffer_pl_clk_0.PL_CLK_0_BUFG/O
    X1Y1 (CLOCK_ROOT)    net (fo=3776, routed)        1.238     1.334    ecc_soc_bd_i/soc_ecc_0/inst/u_soc/u_cpu/u_md/prod_reg/DSP58C<0>_INST/CLK
    DSP_X0Y22            DSP_SRCMX_OPTINV (Prop_SRCMXINV_DSP58_CLK_IN_CLK)
                                                      0.062     1.396 r  ecc_soc_bd_i/soc_ecc_0/inst/u_soc/u_cpu/u_md/prod_reg/DSP58C<0>_INST/DSP_SRCMX_OPTINV_INST/CLK
                         net (fo=6, routed)           0.000     1.396    ecc_soc_bd_i/soc_ecc_0/inst/u_soc/u_cpu/u_md/prod_reg/DSP58C<0>_INST/DSP_SRCMX_OPTINV.CLK
    DSP_X0Y22            DSP_OUTPUT58                                 r  ecc_soc_bd_i/soc_ecc_0/inst/u_soc/u_cpu/u_md/prod_reg/DSP58C<0>_INST/DSP_OUTPUT58_INST/CLK

Slack:                    inf
  Source:                 ecc_soc_bd_i/soc_ecc_0/inst/u_soc/u_cpu/u_md/prod_reg/DSP58C<0>_INST/DSP_ALUREG_INST/ALUMODE_DATA[3]
                            (internal pin)
  Destination:            ecc_soc_bd_i/soc_ecc_0/inst/u_soc/u_cpu/u_md/prod_reg/DSP58C<0>_INST/DSP_OUTPUT58_INST/ALU_OUT[12]
                            (rising edge-triggered cell DSP_OUTPUT58 clocked by clk_pl_0  {rise@0.000ns fall@12.500ns period=25.000ns})
  Path Group:             (none)
  Path Type:              Hold (Min at Fast Process Corner)
  Data Path Delay:        0.099ns  (logic 0.099ns (100.000%)  route 0.000ns (0.000%))
  Logic Levels:           1  (DSP_ALUADD=1)
  Clock Uncertainty:      0.325ns  (CJ)/2 + PE + PJ
    Clock Jitter             (CJ):    0.651ns
    Phase Error              (PE):    0.000ns
    Phase Jitter             (PJ):    0.000ns
  Clock Net Delay (Destination): 1.238ns (routing 0.187ns, distribution 1.051ns)

    Location             Delay type                Incr(ns)  Path(ns)    Netlist Resource(s)
  -------------------------------------------------------------------    -------------------
    DSP_X0Y22            DSP_ALUREG                   0.000     0.000 r  ecc_soc_bd_i/soc_ecc_0/inst/u_soc/u_cpu/u_md/prod_reg/DSP58C<0>_INST/DSP_ALUREG_INST/ALUMODE_DATA[3]
                         net (fo=1, routed)           0.000     0.000    ecc_soc_bd_i/soc_ecc_0/inst/u_soc/u_cpu/u_md/prod_reg/DSP58C<0>_INST/DSP_ALUREG.ALUMODE_DATA<3>
    DSP_X0Y22            DSP_ALUADD (Prop_DSP_ALUADD_DSP58_ALUMODE_DATA[3]_ALU_OUT[12])
                                                      0.099     0.099 r  ecc_soc_bd_i/soc_ecc_0/inst/u_soc/u_cpu/u_md/prod_reg/DSP58C<0>_INST/DSP_ALUADD_INST/ALU_OUT[12]
                         net (fo=2, routed)           0.000     0.099    ecc_soc_bd_i/soc_ecc_0/inst/u_soc/u_cpu/u_md/prod_reg/DSP58C<0>_INST/DSP_ALUADD.ALU_OUT<12>
    DSP_X0Y22            DSP_OUTPUT58                                 r  ecc_soc_bd_i/soc_ecc_0/inst/u_soc/u_cpu/u_md/prod_reg/DSP58C<0>_INST/DSP_OUTPUT58_INST/ALU_OUT[12]
  -------------------------------------------------------------------    -------------------

                         (clock clk_pl_0 rise edge)
                                                      0.000     0.000 r  
    PS9_X0Y0             PS9                          0.000     0.000 r  ecc_soc_bd_i/versal_cips_0/inst/pspmc_0/inst/PS9_inst/PMCRCLKCLK[0]
                         net (fo=1, routed)           0.000     0.000    ecc_soc_bd_i/versal_cips_0/inst/pspmc_0/inst/pmc_pl_ref_clk[0]
    BUFG_PS_X0Y6         BUFG_PS (Prop_BUFG_PS_I_O)
                                                      0.096     0.096 r  ecc_soc_bd_i/versal_cips_0/inst/pspmc_0/inst/buffer_pl_clk_0.PL_CLK_0_BUFG/O
    X1Y1 (CLOCK_ROOT)    net (fo=3776, routed)        1.238     1.334    ecc_soc_bd_i/soc_ecc_0/inst/u_soc/u_cpu/u_md/prod_reg/DSP58C<0>_INST/CLK
    DSP_X0Y22            DSP_SRCMX_OPTINV (Prop_SRCMXINV_DSP58_CLK_IN_CLK)
                                                      0.062     1.396 r  ecc_soc_bd_i/soc_ecc_0/inst/u_soc/u_cpu/u_md/prod_reg/DSP58C<0>_INST/DSP_SRCMX_OPTINV_INST/CLK
                         net (fo=6, routed)           0.000     1.396    ecc_soc_bd_i/soc_ecc_0/inst/u_soc/u_cpu/u_md/prod_reg/DSP58C<0>_INST/DSP_SRCMX_OPTINV.CLK
    DSP_X0Y22            DSP_OUTPUT58                                 r  ecc_soc_bd_i/soc_ecc_0/inst/u_soc/u_cpu/u_md/prod_reg/DSP58C<0>_INST/DSP_OUTPUT58_INST/CLK

Slack:                    inf
  Source:                 ecc_soc_bd_i/soc_ecc_0/inst/u_soc/u_cpu/u_md/prod_reg/DSP58C<0>_INST/DSP_ALUREG_INST/ALUMODE_DATA[3]
                            (internal pin)
  Destination:            ecc_soc_bd_i/soc_ecc_0/inst/u_soc/u_cpu/u_md/prod_reg/DSP58C<0>_INST/DSP_OUTPUT58_INST/ALU_OUT[13]
                            (rising edge-triggered cell DSP_OUTPUT58 clocked by clk_pl_0  {rise@0.000ns fall@12.500ns period=25.000ns})
  Path Group:             (none)
  Path Type:              Hold (Min at Fast Process Corner)
  Data Path Delay:        0.099ns  (logic 0.099ns (100.000%)  route 0.000ns (0.000%))
  Logic Levels:           1  (DSP_ALUADD=1)
  Clock Uncertainty:      0.325ns  (CJ)/2 + PE + PJ
    Clock Jitter             (CJ):    0.651ns
    Phase Error              (PE):    0.000ns
    Phase Jitter             (PJ):    0.000ns
  Clock Net Delay (Destination): 1.238ns (routing 0.187ns, distribution 1.051ns)

    Location             Delay type                Incr(ns)  Path(ns)    Netlist Resource(s)
  -------------------------------------------------------------------    -------------------
    DSP_X0Y22            DSP_ALUREG                   0.000     0.000 r  ecc_soc_bd_i/soc_ecc_0/inst/u_soc/u_cpu/u_md/prod_reg/DSP58C<0>_INST/DSP_ALUREG_INST/ALUMODE_DATA[3]
                         net (fo=1, routed)           0.000     0.000    ecc_soc_bd_i/soc_ecc_0/inst/u_soc/u_cpu/u_md/prod_reg/DSP58C<0>_INST/DSP_ALUREG.ALUMODE_DATA<3>
    DSP_X0Y22            DSP_ALUADD (Prop_DSP_ALUADD_DSP58_ALUMODE_DATA[3]_ALU_OUT[13])
                                                      0.099     0.099 r  ecc_soc_bd_i/soc_ecc_0/inst/u_soc/u_cpu/u_md/prod_reg/DSP58C<0>_INST/DSP_ALUADD_INST/ALU_OUT[13]
                         net (fo=2, routed)           0.000     0.099    ecc_soc_bd_i/soc_ecc_0/inst/u_soc/u_cpu/u_md/prod_reg/DSP58C<0>_INST/DSP_ALUADD.ALU_OUT<13>
    DSP_X0Y22            DSP_OUTPUT58                                 r  ecc_soc_bd_i/soc_ecc_0/inst/u_soc/u_cpu/u_md/prod_reg/DSP58C<0>_INST/DSP_OUTPUT58_INST/ALU_OUT[13]
  -------------------------------------------------------------------    -------------------

                         (clock clk_pl_0 rise edge)
                                                      0.000     0.000 r  
    PS9_X0Y0             PS9                          0.000     0.000 r  ecc_soc_bd_i/versal_cips_0/inst/pspmc_0/inst/PS9_inst/PMCRCLKCLK[0]
                         net (fo=1, routed)           0.000     0.000    ecc_soc_bd_i/versal_cips_0/inst/pspmc_0/inst/pmc_pl_ref_clk[0]
    BUFG_PS_X0Y6         BUFG_PS (Prop_BUFG_PS_I_O)
                                                      0.096     0.096 r  ecc_soc_bd_i/versal_cips_0/inst/pspmc_0/inst/buffer_pl_clk_0.PL_CLK_0_BUFG/O
    X1Y1 (CLOCK_ROOT)    net (fo=3776, routed)        1.238     1.334    ecc_soc_bd_i/soc_ecc_0/inst/u_soc/u_cpu/u_md/prod_reg/DSP58C<0>_INST/CLK
    DSP_X0Y22            DSP_SRCMX_OPTINV (Prop_SRCMXINV_DSP58_CLK_IN_CLK)
                                                      0.062     1.396 r  ecc_soc_bd_i/soc_ecc_0/inst/u_soc/u_cpu/u_md/prod_reg/DSP58C<0>_INST/DSP_SRCMX_OPTINV_INST/CLK
                         net (fo=6, routed)           0.000     1.396    ecc_soc_bd_i/soc_ecc_0/inst/u_soc/u_cpu/u_md/prod_reg/DSP58C<0>_INST/DSP_SRCMX_OPTINV.CLK
    DSP_X0Y22            DSP_OUTPUT58                                 r  ecc_soc_bd_i/soc_ecc_0/inst/u_soc/u_cpu/u_md/prod_reg/DSP58C<0>_INST/DSP_OUTPUT58_INST/CLK

Slack:                    inf
  Source:                 ecc_soc_bd_i/soc_ecc_0/inst/u_soc/u_cpu/u_md/prod_reg/DSP58C<0>_INST/DSP_ALUREG_INST/ALUMODE_DATA[3]
                            (internal pin)
  Destination:            ecc_soc_bd_i/soc_ecc_0/inst/u_soc/u_cpu/u_md/prod_reg/DSP58C<0>_INST/DSP_OUTPUT58_INST/ALU_OUT[14]
                            (rising edge-triggered cell DSP_OUTPUT58 clocked by clk_pl_0  {rise@0.000ns fall@12.500ns period=25.000ns})
  Path Group:             (none)
  Path Type:              Hold (Min at Fast Process Corner)
  Data Path Delay:        0.099ns  (logic 0.099ns (100.000%)  route 0.000ns (0.000%))
  Logic Levels:           1  (DSP_ALUADD=1)
  Clock Uncertainty:      0.325ns  (CJ)/2 + PE + PJ
    Clock Jitter             (CJ):    0.651ns
    Phase Error              (PE):    0.000ns
    Phase Jitter             (PJ):    0.000ns
  Clock Net Delay (Destination): 1.238ns (routing 0.187ns, distribution 1.051ns)

    Location             Delay type                Incr(ns)  Path(ns)    Netlist Resource(s)
  -------------------------------------------------------------------    -------------------
    DSP_X0Y22            DSP_ALUREG                   0.000     0.000 r  ecc_soc_bd_i/soc_ecc_0/inst/u_soc/u_cpu/u_md/prod_reg/DSP58C<0>_INST/DSP_ALUREG_INST/ALUMODE_DATA[3]
                         net (fo=1, routed)           0.000     0.000    ecc_soc_bd_i/soc_ecc_0/inst/u_soc/u_cpu/u_md/prod_reg/DSP58C<0>_INST/DSP_ALUREG.ALUMODE_DATA<3>
    DSP_X0Y22            DSP_ALUADD (Prop_DSP_ALUADD_DSP58_ALUMODE_DATA[3]_ALU_OUT[14])
                                                      0.099     0.099 r  ecc_soc_bd_i/soc_ecc_0/inst/u_soc/u_cpu/u_md/prod_reg/DSP58C<0>_INST/DSP_ALUADD_INST/ALU_OUT[14]
                         net (fo=2, routed)           0.000     0.099    ecc_soc_bd_i/soc_ecc_0/inst/u_soc/u_cpu/u_md/prod_reg/DSP58C<0>_INST/DSP_ALUADD.ALU_OUT<14>
    DSP_X0Y22            DSP_OUTPUT58                                 r  ecc_soc_bd_i/soc_ecc_0/inst/u_soc/u_cpu/u_md/prod_reg/DSP58C<0>_INST/DSP_OUTPUT58_INST/ALU_OUT[14]
  -------------------------------------------------------------------    -------------------

                         (clock clk_pl_0 rise edge)
                                                      0.000     0.000 r  
    PS9_X0Y0             PS9                          0.000     0.000 r  ecc_soc_bd_i/versal_cips_0/inst/pspmc_0/inst/PS9_inst/PMCRCLKCLK[0]
                         net (fo=1, routed)           0.000     0.000    ecc_soc_bd_i/versal_cips_0/inst/pspmc_0/inst/pmc_pl_ref_clk[0]
    BUFG_PS_X0Y6         BUFG_PS (Prop_BUFG_PS_I_O)
                                                      0.096     0.096 r  ecc_soc_bd_i/versal_cips_0/inst/pspmc_0/inst/buffer_pl_clk_0.PL_CLK_0_BUFG/O
    X1Y1 (CLOCK_ROOT)    net (fo=3776, routed)        1.238     1.334    ecc_soc_bd_i/soc_ecc_0/inst/u_soc/u_cpu/u_md/prod_reg/DSP58C<0>_INST/CLK
    DSP_X0Y22            DSP_SRCMX_OPTINV (Prop_SRCMXINV_DSP58_CLK_IN_CLK)
                                                      0.062     1.396 r  ecc_soc_bd_i/soc_ecc_0/inst/u_soc/u_cpu/u_md/prod_reg/DSP58C<0>_INST/DSP_SRCMX_OPTINV_INST/CLK
                         net (fo=6, routed)           0.000     1.396    ecc_soc_bd_i/soc_ecc_0/inst/u_soc/u_cpu/u_md/prod_reg/DSP58C<0>_INST/DSP_SRCMX_OPTINV.CLK
    DSP_X0Y22            DSP_OUTPUT58                                 r  ecc_soc_bd_i/soc_ecc_0/inst/u_soc/u_cpu/u_md/prod_reg/DSP58C<0>_INST/DSP_OUTPUT58_INST/CLK

Slack:                    inf
  Source:                 ecc_soc_bd_i/soc_ecc_0/inst/u_soc/u_cpu/u_md/prod_reg/DSP58C<0>_INST/DSP_ALUREG_INST/ALUMODE_DATA[3]
                            (internal pin)
  Destination:            ecc_soc_bd_i/soc_ecc_0/inst/u_soc/u_cpu/u_md/prod_reg/DSP58C<0>_INST/DSP_OUTPUT58_INST/ALU_OUT[15]
                            (rising edge-triggered cell DSP_OUTPUT58 clocked by clk_pl_0  {rise@0.000ns fall@12.500ns period=25.000ns})
  Path Group:             (none)
  Path Type:              Hold (Min at Fast Process Corner)
  Data Path Delay:        0.099ns  (logic 0.099ns (100.000%)  route 0.000ns (0.000%))
  Logic Levels:           1  (DSP_ALUADD=1)
  Clock Uncertainty:      0.325ns  (CJ)/2 + PE + PJ
    Clock Jitter             (CJ):    0.651ns
    Phase Error              (PE):    0.000ns
    Phase Jitter             (PJ):    0.000ns
  Clock Net Delay (Destination): 1.238ns (routing 0.187ns, distribution 1.051ns)

    Location             Delay type                Incr(ns)  Path(ns)    Netlist Resource(s)
  -------------------------------------------------------------------    -------------------
    DSP_X0Y22            DSP_ALUREG                   0.000     0.000 r  ecc_soc_bd_i/soc_ecc_0/inst/u_soc/u_cpu/u_md/prod_reg/DSP58C<0>_INST/DSP_ALUREG_INST/ALUMODE_DATA[3]
                         net (fo=1, routed)           0.000     0.000    ecc_soc_bd_i/soc_ecc_0/inst/u_soc/u_cpu/u_md/prod_reg/DSP58C<0>_INST/DSP_ALUREG.ALUMODE_DATA<3>
    DSP_X0Y22            DSP_ALUADD (Prop_DSP_ALUADD_DSP58_ALUMODE_DATA[3]_ALU_OUT[15])
                                                      0.099     0.099 r  ecc_soc_bd_i/soc_ecc_0/inst/u_soc/u_cpu/u_md/prod_reg/DSP58C<0>_INST/DSP_ALUADD_INST/ALU_OUT[15]
                         net (fo=2, routed)           0.000     0.099    ecc_soc_bd_i/soc_ecc_0/inst/u_soc/u_cpu/u_md/prod_reg/DSP58C<0>_INST/DSP_ALUADD.ALU_OUT<15>
    DSP_X0Y22            DSP_OUTPUT58                                 r  ecc_soc_bd_i/soc_ecc_0/inst/u_soc/u_cpu/u_md/prod_reg/DSP58C<0>_INST/DSP_OUTPUT58_INST/ALU_OUT[15]
  -------------------------------------------------------------------    -------------------

                         (clock clk_pl_0 rise edge)
                                                      0.000     0.000 r  
    PS9_X0Y0             PS9                          0.000     0.000 r  ecc_soc_bd_i/versal_cips_0/inst/pspmc_0/inst/PS9_inst/PMCRCLKCLK[0]
                         net (fo=1, routed)           0.000     0.000    ecc_soc_bd_i/versal_cips_0/inst/pspmc_0/inst/pmc_pl_ref_clk[0]
    BUFG_PS_X0Y6         BUFG_PS (Prop_BUFG_PS_I_O)
                                                      0.096     0.096 r  ecc_soc_bd_i/versal_cips_0/inst/pspmc_0/inst/buffer_pl_clk_0.PL_CLK_0_BUFG/O
    X1Y1 (CLOCK_ROOT)    net (fo=3776, routed)        1.238     1.334    ecc_soc_bd_i/soc_ecc_0/inst/u_soc/u_cpu/u_md/prod_reg/DSP58C<0>_INST/CLK
    DSP_X0Y22            DSP_SRCMX_OPTINV (Prop_SRCMXINV_DSP58_CLK_IN_CLK)
                                                      0.062     1.396 r  ecc_soc_bd_i/soc_ecc_0/inst/u_soc/u_cpu/u_md/prod_reg/DSP58C<0>_INST/DSP_SRCMX_OPTINV_INST/CLK
                         net (fo=6, routed)           0.000     1.396    ecc_soc_bd_i/soc_ecc_0/inst/u_soc/u_cpu/u_md/prod_reg/DSP58C<0>_INST/DSP_SRCMX_OPTINV.CLK
    DSP_X0Y22            DSP_OUTPUT58                                 r  ecc_soc_bd_i/soc_ecc_0/inst/u_soc/u_cpu/u_md/prod_reg/DSP58C<0>_INST/DSP_OUTPUT58_INST/CLK

Slack:                    inf
  Source:                 ecc_soc_bd_i/soc_ecc_0/inst/u_soc/u_cpu/u_md/prod_reg/DSP58C<0>_INST/DSP_ALUREG_INST/ALUMODE_DATA[3]
                            (internal pin)
  Destination:            ecc_soc_bd_i/soc_ecc_0/inst/u_soc/u_cpu/u_md/prod_reg/DSP58C<0>_INST/DSP_OUTPUT58_INST/ALU_OUT[16]
                            (rising edge-triggered cell DSP_OUTPUT58 clocked by clk_pl_0  {rise@0.000ns fall@12.500ns period=25.000ns})
  Path Group:             (none)
  Path Type:              Hold (Min at Fast Process Corner)
  Data Path Delay:        0.099ns  (logic 0.099ns (100.000%)  route 0.000ns (0.000%))
  Logic Levels:           1  (DSP_ALUADD=1)
  Clock Uncertainty:      0.325ns  (CJ)/2 + PE + PJ
    Clock Jitter             (CJ):    0.651ns
    Phase Error              (PE):    0.000ns
    Phase Jitter             (PJ):    0.000ns
  Clock Net Delay (Destination): 1.238ns (routing 0.187ns, distribution 1.051ns)

    Location             Delay type                Incr(ns)  Path(ns)    Netlist Resource(s)
  -------------------------------------------------------------------    -------------------
    DSP_X0Y22            DSP_ALUREG                   0.000     0.000 r  ecc_soc_bd_i/soc_ecc_0/inst/u_soc/u_cpu/u_md/prod_reg/DSP58C<0>_INST/DSP_ALUREG_INST/ALUMODE_DATA[3]
                         net (fo=1, routed)           0.000     0.000    ecc_soc_bd_i/soc_ecc_0/inst/u_soc/u_cpu/u_md/prod_reg/DSP58C<0>_INST/DSP_ALUREG.ALUMODE_DATA<3>
    DSP_X0Y22            DSP_ALUADD (Prop_DSP_ALUADD_DSP58_ALUMODE_DATA[3]_ALU_OUT[16])
                                                      0.099     0.099 r  ecc_soc_bd_i/soc_ecc_0/inst/u_soc/u_cpu/u_md/prod_reg/DSP58C<0>_INST/DSP_ALUADD_INST/ALU_OUT[16]
                         net (fo=2, routed)           0.000     0.099    ecc_soc_bd_i/soc_ecc_0/inst/u_soc/u_cpu/u_md/prod_reg/DSP58C<0>_INST/DSP_ALUADD.ALU_OUT<16>
    DSP_X0Y22            DSP_OUTPUT58                                 r  ecc_soc_bd_i/soc_ecc_0/inst/u_soc/u_cpu/u_md/prod_reg/DSP58C<0>_INST/DSP_OUTPUT58_INST/ALU_OUT[16]
  -------------------------------------------------------------------    -------------------

                         (clock clk_pl_0 rise edge)
                                                      0.000     0.000 r  
    PS9_X0Y0             PS9                          0.000     0.000 r  ecc_soc_bd_i/versal_cips_0/inst/pspmc_0/inst/PS9_inst/PMCRCLKCLK[0]
                         net (fo=1, routed)           0.000     0.000    ecc_soc_bd_i/versal_cips_0/inst/pspmc_0/inst/pmc_pl_ref_clk[0]
    BUFG_PS_X0Y6         BUFG_PS (Prop_BUFG_PS_I_O)
                                                      0.096     0.096 r  ecc_soc_bd_i/versal_cips_0/inst/pspmc_0/inst/buffer_pl_clk_0.PL_CLK_0_BUFG/O
    X1Y1 (CLOCK_ROOT)    net (fo=3776, routed)        1.238     1.334    ecc_soc_bd_i/soc_ecc_0/inst/u_soc/u_cpu/u_md/prod_reg/DSP58C<0>_INST/CLK
    DSP_X0Y22            DSP_SRCMX_OPTINV (Prop_SRCMXINV_DSP58_CLK_IN_CLK)
                                                      0.062     1.396 r  ecc_soc_bd_i/soc_ecc_0/inst/u_soc/u_cpu/u_md/prod_reg/DSP58C<0>_INST/DSP_SRCMX_OPTINV_INST/CLK
                         net (fo=6, routed)           0.000     1.396    ecc_soc_bd_i/soc_ecc_0/inst/u_soc/u_cpu/u_md/prod_reg/DSP58C<0>_INST/DSP_SRCMX_OPTINV.CLK
    DSP_X0Y22            DSP_OUTPUT58                                 r  ecc_soc_bd_i/soc_ecc_0/inst/u_soc/u_cpu/u_md/prod_reg/DSP58C<0>_INST/DSP_OUTPUT58_INST/CLK

Slack:                    inf
  Source:                 ecc_soc_bd_i/soc_ecc_0/inst/u_soc/u_cpu/u_md/prod_reg/DSP58C<0>_INST/DSP_ALUREG_INST/ALUMODE_DATA[3]
                            (internal pin)
  Destination:            ecc_soc_bd_i/soc_ecc_0/inst/u_soc/u_cpu/u_md/prod_reg/DSP58C<0>_INST/DSP_OUTPUT58_INST/ALU_OUT[17]
                            (rising edge-triggered cell DSP_OUTPUT58 clocked by clk_pl_0  {rise@0.000ns fall@12.500ns period=25.000ns})
  Path Group:             (none)
  Path Type:              Hold (Min at Fast Process Corner)
  Data Path Delay:        0.099ns  (logic 0.099ns (100.000%)  route 0.000ns (0.000%))
  Logic Levels:           1  (DSP_ALUADD=1)
  Clock Uncertainty:      0.325ns  (CJ)/2 + PE + PJ
    Clock Jitter             (CJ):    0.651ns
    Phase Error              (PE):    0.000ns
    Phase Jitter             (PJ):    0.000ns
  Clock Net Delay (Destination): 1.238ns (routing 0.187ns, distribution 1.051ns)

    Location             Delay type                Incr(ns)  Path(ns)    Netlist Resource(s)
  -------------------------------------------------------------------    -------------------
    DSP_X0Y22            DSP_ALUREG                   0.000     0.000 r  ecc_soc_bd_i/soc_ecc_0/inst/u_soc/u_cpu/u_md/prod_reg/DSP58C<0>_INST/DSP_ALUREG_INST/ALUMODE_DATA[3]
                         net (fo=1, routed)           0.000     0.000    ecc_soc_bd_i/soc_ecc_0/inst/u_soc/u_cpu/u_md/prod_reg/DSP58C<0>_INST/DSP_ALUREG.ALUMODE_DATA<3>
    DSP_X0Y22            DSP_ALUADD (Prop_DSP_ALUADD_DSP58_ALUMODE_DATA[3]_ALU_OUT[17])
                                                      0.099     0.099 r  ecc_soc_bd_i/soc_ecc_0/inst/u_soc/u_cpu/u_md/prod_reg/DSP58C<0>_INST/DSP_ALUADD_INST/ALU_OUT[17]
                         net (fo=2, routed)           0.000     0.099    ecc_soc_bd_i/soc_ecc_0/inst/u_soc/u_cpu/u_md/prod_reg/DSP58C<0>_INST/DSP_ALUADD.ALU_OUT<17>
    DSP_X0Y22            DSP_OUTPUT58                                 r  ecc_soc_bd_i/soc_ecc_0/inst/u_soc/u_cpu/u_md/prod_reg/DSP58C<0>_INST/DSP_OUTPUT58_INST/ALU_OUT[17]
  -------------------------------------------------------------------    -------------------

                         (clock clk_pl_0 rise edge)
                                                      0.000     0.000 r  
    PS9_X0Y0             PS9                          0.000     0.000 r  ecc_soc_bd_i/versal_cips_0/inst/pspmc_0/inst/PS9_inst/PMCRCLKCLK[0]
                         net (fo=1, routed)           0.000     0.000    ecc_soc_bd_i/versal_cips_0/inst/pspmc_0/inst/pmc_pl_ref_clk[0]
    BUFG_PS_X0Y6         BUFG_PS (Prop_BUFG_PS_I_O)
                                                      0.096     0.096 r  ecc_soc_bd_i/versal_cips_0/inst/pspmc_0/inst/buffer_pl_clk_0.PL_CLK_0_BUFG/O
    X1Y1 (CLOCK_ROOT)    net (fo=3776, routed)        1.238     1.334    ecc_soc_bd_i/soc_ecc_0/inst/u_soc/u_cpu/u_md/prod_reg/DSP58C<0>_INST/CLK
    DSP_X0Y22            DSP_SRCMX_OPTINV (Prop_SRCMXINV_DSP58_CLK_IN_CLK)
                                                      0.062     1.396 r  ecc_soc_bd_i/soc_ecc_0/inst/u_soc/u_cpu/u_md/prod_reg/DSP58C<0>_INST/DSP_SRCMX_OPTINV_INST/CLK
                         net (fo=6, routed)           0.000     1.396    ecc_soc_bd_i/soc_ecc_0/inst/u_soc/u_cpu/u_md/prod_reg/DSP58C<0>_INST/DSP_SRCMX_OPTINV.CLK
    DSP_X0Y22            DSP_OUTPUT58                                 r  ecc_soc_bd_i/soc_ecc_0/inst/u_soc/u_cpu/u_md/prod_reg/DSP58C<0>_INST/DSP_OUTPUT58_INST/CLK

Slack:                    inf
  Source:                 ecc_soc_bd_i/soc_ecc_0/inst/u_soc/u_cpu/u_md/prod_reg/DSP58C<0>_INST/DSP_ALUREG_INST/ALUMODE_DATA[3]
                            (internal pin)
  Destination:            ecc_soc_bd_i/soc_ecc_0/inst/u_soc/u_cpu/u_md/prod_reg/DSP58C<0>_INST/DSP_OUTPUT58_INST/ALU_OUT[18]
                            (rising edge-triggered cell DSP_OUTPUT58 clocked by clk_pl_0  {rise@0.000ns fall@12.500ns period=25.000ns})
  Path Group:             (none)
  Path Type:              Hold (Min at Fast Process Corner)
  Data Path Delay:        0.099ns  (logic 0.099ns (100.000%)  route 0.000ns (0.000%))
  Logic Levels:           1  (DSP_ALUADD=1)
  Clock Uncertainty:      0.325ns  (CJ)/2 + PE + PJ
    Clock Jitter             (CJ):    0.651ns
    Phase Error              (PE):    0.000ns
    Phase Jitter             (PJ):    0.000ns
  Clock Net Delay (Destination): 1.238ns (routing 0.187ns, distribution 1.051ns)

    Location             Delay type                Incr(ns)  Path(ns)    Netlist Resource(s)
  -------------------------------------------------------------------    -------------------
    DSP_X0Y22            DSP_ALUREG                   0.000     0.000 r  ecc_soc_bd_i/soc_ecc_0/inst/u_soc/u_cpu/u_md/prod_reg/DSP58C<0>_INST/DSP_ALUREG_INST/ALUMODE_DATA[3]
                         net (fo=1, routed)           0.000     0.000    ecc_soc_bd_i/soc_ecc_0/inst/u_soc/u_cpu/u_md/prod_reg/DSP58C<0>_INST/DSP_ALUREG.ALUMODE_DATA<3>
    DSP_X0Y22            DSP_ALUADD (Prop_DSP_ALUADD_DSP58_ALUMODE_DATA[3]_ALU_OUT[18])
                                                      0.099     0.099 r  ecc_soc_bd_i/soc_ecc_0/inst/u_soc/u_cpu/u_md/prod_reg/DSP58C<0>_INST/DSP_ALUADD_INST/ALU_OUT[18]
                         net (fo=2, routed)           0.000     0.099    ecc_soc_bd_i/soc_ecc_0/inst/u_soc/u_cpu/u_md/prod_reg/DSP58C<0>_INST/DSP_ALUADD.ALU_OUT<18>
    DSP_X0Y22            DSP_OUTPUT58                                 r  ecc_soc_bd_i/soc_ecc_0/inst/u_soc/u_cpu/u_md/prod_reg/DSP58C<0>_INST/DSP_OUTPUT58_INST/ALU_OUT[18]
  -------------------------------------------------------------------    -------------------

                         (clock clk_pl_0 rise edge)
                                                      0.000     0.000 r  
    PS9_X0Y0             PS9                          0.000     0.000 r  ecc_soc_bd_i/versal_cips_0/inst/pspmc_0/inst/PS9_inst/PMCRCLKCLK[0]
                         net (fo=1, routed)           0.000     0.000    ecc_soc_bd_i/versal_cips_0/inst/pspmc_0/inst/pmc_pl_ref_clk[0]
    BUFG_PS_X0Y6         BUFG_PS (Prop_BUFG_PS_I_O)
                                                      0.096     0.096 r  ecc_soc_bd_i/versal_cips_0/inst/pspmc_0/inst/buffer_pl_clk_0.PL_CLK_0_BUFG/O
    X1Y1 (CLOCK_ROOT)    net (fo=3776, routed)        1.238     1.334    ecc_soc_bd_i/soc_ecc_0/inst/u_soc/u_cpu/u_md/prod_reg/DSP58C<0>_INST/CLK
    DSP_X0Y22            DSP_SRCMX_OPTINV (Prop_SRCMXINV_DSP58_CLK_IN_CLK)
                                                      0.062     1.396 r  ecc_soc_bd_i/soc_ecc_0/inst/u_soc/u_cpu/u_md/prod_reg/DSP58C<0>_INST/DSP_SRCMX_OPTINV_INST/CLK
                         net (fo=6, routed)           0.000     1.396    ecc_soc_bd_i/soc_ecc_0/inst/u_soc/u_cpu/u_md/prod_reg/DSP58C<0>_INST/DSP_SRCMX_OPTINV.CLK
    DSP_X0Y22            DSP_OUTPUT58                                 r  ecc_soc_bd_i/soc_ecc_0/inst/u_soc/u_cpu/u_md/prod_reg/DSP58C<0>_INST/DSP_OUTPUT58_INST/CLK





